message,severity,attributes,tags,timestamp
"    version, status, reason = self._read_status()",error,"{""level"":""error""}","{""project"":""266422dc-3751-4146-8a47-1dfd7aeb7284"",""environment"":""950bdac5-fb40-4f70-8ccf-1facce88154b"",""service"":""b741f367-8920-4dad-ba9f-21940f6bcfe7"",""deployment"":""8b9c732a-1566-4070-a289-1db03b7edf5d"",""replica"":""a04c56f1-c4bf-408d-950c-a77921c239f0""}",2026-10-06T15:47:15.952690281Z
                              ^^^^^^^^^^^^^^^^^^^,error,"{""level"":""error""}","{""project"":""266422dc-3751-4146-8a47-1dfd7aeb7284"",""environment"":""950bdac5-fb40-4f70-8ccf-1facce88154b"",""service"":""b741f367-8920-4dad-ba9f-21940f6bcfe7"",""deployment"":""8b9c732a-1566-4070-a289-1db03b7edf5d"",""replica"":""a04c56f1-c4bf-408d-950c-a77921c239f0""}",2026-10-06T15:47:15.952696052Z
"  File ""/usr/local/lib/python3.11/http/client.py"", line 298, in _read_status",error,"{""level"":""error""}","{""project"":""266422dc-3751-4146-8a47-1dfd7aeb7284"",""environment"":""950bdac5-fb40-4f70-8ccf-1facce88154b"",""service"":""b741f367-8920-4dad-ba9f-21940f6bcfe7"",""deployment"":""8b9c732a-1566-4070-a289-1db03b7edf5d"",""replica"":""a04c56f1-c4bf-408d-950c-a77921c239f0""}",2026-10-06T15:47:15.952702118Z
"    line = str(self.fp.readline(_MAXLINE + 1), ""iso-8859-1"")",error,"{""level"":""error""}","{""project"":""266422dc-3751-4146-8a47-1dfd7aeb7284"",""environment"":""950bdac5-fb40-4f70-8ccf-1facce88154b"",""service"":""b741f367-8920-4dad-ba9f-21940f6bcfe7"",""deployment"":""8b9c732a-1566-4070-a289-1db03b7edf5d"",""replica"":""a04c56f1-c4bf-408d-950c-a77921c239f0""}",2026-10-06T15:47:15.958632621Z
               ^^^^^^^^^^^^^^^^^^^^^^^^^^^^^^,error,"{""level"":""error""}","{""project"":""266422dc-3751-4146-8a47-1dfd7aeb7284"",""environment"":""950bdac5-fb40-4f70-8ccf-1facce88154b"",""service"":""b741f367-8920-4dad-ba9f-21940f6bcfe7"",""deployment"":""8b9c732a-1566-4070-a289-1db03b7edf5d"",""replica"":""a04c56f1-c4bf-408d-950c-a77921c239f0""}",2026-10-06T15:47:15.958645689Z
"  File ""/usr/local/lib/python3.11/socket.py"", line 718, in readinto",error,"{""level"":""error""}","{""project"":""266422dc-3751-4146-8a47-1dfd7aeb7284"",""environment"":""950bdac5-fb40-4f70-8ccf-1facce88154b"",""service"":""b741f367-8920-4dad-ba9f-21940f6bcfe7"",""deployment"":""8b9c732a-1566-4070-a289-1db03b7edf5d"",""replica"":""a04c56f1-c4bf-408d-950c-a77921c239f0""}",2026-10-06T15:47:15.958652802Z
    return self._sock.recv_into(b),error,"{""level"":""error""}","{""project"":""266422dc-3751-4146-8a47-1dfd7aeb7284"",""environment"":""950bdac5-fb40-4f70-8ccf-1facce88154b"",""service"":""b741f367-8920-4dad-ba9f-21940f6bcfe7"",""deployment"":""8b9c732a-1566-4070-a289-1db03b7edf5d"",""replica"":""a04c56f1-c4bf-408d-950c-a77921c239f0""}",2026-10-06T15:47:15.958660833Z
           ^^^^^^^^^^^^^^^^^^^^^^^,error,"{""level"":""error""}","{""project"":""266422dc-3751-4146-8a47-1dfd7aeb7284"",""environment"":""950bdac5-fb40-4f70-8ccf-1facce88154b"",""service"":""b741f367-8920-4dad-ba9f-21940f6bcfe7"",""deployment"":""8b9c732a-1566-4070-a289-1db03b7edf5d"",""replica"":""a04c56f1-c4bf-408d-950c-a77921c239f0""}",2026-10-06T15:47:15.958667089Z
"  File ""/usr/local/lib/python3.11/ssl.py"", line 1314, in recv_into",error,"{""level"":""error""}","{""project"":""266422dc-3751-4146-8a47-1dfd7aeb7284"",""environment"":""950bdac5-fb40-4f70-8ccf-1facce88154b"",""service"":""b741f367-8920-4dad-ba9f-21940f6bcfe7"",""deployment"":""8b9c732a-1566-4070-a289-1db03b7edf5d"",""replica"":""a04c56f1-c4bf-408d-950c-a77921c239f0""}",2026-10-06T15:47:15.958674932Z
"    return self.read(nbytes, buffer)",error,"{""level"":""error""}","{""project"":""266422dc-3751-4146-8a47-1dfd7aeb7284"",""environment"":""950bdac5-fb40-4f70-8ccf-1facce88154b"",""service"":""b741f367-8920-4dad-ba9f-21940f6bcfe7"",""deployment"":""8b9c732a-1566-4070-a289-1db03b7edf5d"",""replica"":""a04c56f1-c4bf-408d-950c-a77921c239f0""}",2026-10-06T15:47:15.958682843Z
"2026-10-06 15:47:13,548 | INFO | Worker 25f50e9cabcc4edea1d4f2dd5a6e04ad: reports: Job OK (utp-6a7b8f81-8ac1-f111-aaaf-002248df2f15-553161)",error,"{""level"":""error""}","{""project"":""266422dc-3751-4146-8a47-1dfd7aeb7284"",""environment"":""950bdac5-fb40-4f70-8ccf-1facce88154b"",""service"":""b741f367-8920-4dad-ba9f-21940f6bcfe7"",""deployment"":""8b9c732a-1566-4070-a289-1db03b7edf5d"",""replica"":""a04c56f1-c4bf-408d-950c-a77921c239f0""}",2026-10-06T15:47:15.958683672Z
           ^^^^^^^^^^^^^^^^^^^^^^^^^,error,"{""level"":""error""}","{""project"":""266422dc-3751-4146-8a47-1dfd7aeb7284"",""environment"":""950bdac5-fb40-4f70-8ccf-1facce88154b"",""service"":""b741f367-8920-4dad-ba9f-21940f6bcfe7"",""deployment"":""8b9c732a-1566-4070-a289-1db03b7edf5d"",""replica"":""a04c56f1-c4bf-408d-950c-a77921c239f0""}",2026-10-06T15:47:15.958690174Z
"2026-10-06 15:47:13,548 | INFO | Worker 25f50e9cabcc4edea1d4f2dd5a6e04ad: job utp-6a7b8f81-8ac1-f111-aaaf-002248df2f15-553161 result is kept for 500 seconds",error,"{""level"":""error""}","{""project"":""266422dc-3751-4146-8a47-1dfd7aeb7284"",""environment"":""950bdac5-fb40-4f70-8ccf-1facce88154b"",""service"":""b741f367-8920-4dad-ba9f-21940f6bcfe7"",""deployment"":""8b9c732a-1566-4070-a289-1db03b7edf5d"",""replica"":""a04c56f1-c4bf-408d-950c-a77921c239f0""}",2026-10-06T15:47:15.958695277Z
"  File ""/usr/local/lib/python3.11/ssl.py"", line 1166, in read",error,"{""level"":""error""}","{""project"":""266422dc-3751-4146-8a47-1dfd7aeb7284"",""environment"":""950bdac5-fb40-4f70-8ccf-1facce88154b"",""service"":""b741f367-8920-4dad-ba9f-21940f6bcfe7"",""deployment"":""8b9c732a-1566-4070-a289-1db03b7edf5d"",""replica"":""a04c56f1-c4bf-408d-950c-a77921c239f0""}",2026-10-06T15:47:15.958699179Z
"2026-10-06 15:47:13,617 | INFO | Worker 25f50e9cabcc4edea1d4f2dd5a6e04ad: reports: app.tasks.process_report_job({'student_id': '20ecebe4-89c1-f111-aaaf-002248df2f15-553165', 'job_id': 'ut...) (utp-20ecebe4-89c1-f111-aaaf-002248df2f15-553165)",error,"{""level"":""error""}","{""project"":""266422dc-3751-4146-8a47-1dfd7aeb7284"",""environment"":""950bdac5-fb40-4f70-8ccf-1facce88154b"",""service"":""b741f367-8920-4dad-ba9f-21940f6bcfe7"",""deployment"":""8b9c732a-1566-4070-a289-1db03b7edf5d"",""replica"":""a04c56f1-c4bf-408d-950c-a77921c239f0""}",2026-10-06T15:47:15.958706140Z
"    return self._sslobj.read(len, buffer)",error,"{""level"":""error""}","{""project"":""266422dc-3751-4146-8a47-1dfd7aeb7284"",""environment"":""950bdac5-fb40-4f70-8ccf-1facce88154b"",""service"":""b741f367-8920-4dad-ba9f-21940f6bcfe7"",""deployment"":""8b9c732a-1566-4070-a289-1db03b7edf5d"",""replica"":""a04c56f1-c4bf-408d-950c-a77921c239f0""}",2026-10-06T15:47:15.958709124Z
           ^^^^^^^^^^^^^^^^^^^^^^^^^^^^^^,error,"{""level"":""error""}","{""project"":""266422dc-3751-4146-8a47-1dfd7aeb7284"",""environment"":""950bdac5-fb40-4f70-8ccf-1facce88154b"",""service"":""b741f367-8920-4dad-ba9f-21940f6bcfe7"",""deployment"":""8b9c732a-1566-4070-a289-1db03b7edf5d"",""replica"":""a04c56f1-c4bf-408d-950c-a77921c239f0""}",2026-10-06T15:47:15.958715925Z
TimeoutError: The read operation timed out,error,"{""level"":""error""}","{""project"":""266422dc-3751-4146-8a47-1dfd7aeb7284"",""environment"":""950bdac5-fb40-4f70-8ccf-1facce88154b"",""service"":""b741f367-8920-4dad-ba9f-21940f6bcfe7"",""deployment"":""8b9c732a-1566-4070-a289-1db03b7edf5d"",""replica"":""a04c56f1-c4bf-408d-950c-a77921c239f0""}",2026-10-06T15:47:15.958723481Z
"2026-10-06 15:47:13,533 | INFO | ✅ Job complete: utp-6a7b8f81-8ac1-f111-aaaf-002248df2f15-553161",error,"{""level"":""error""}","{""project"":""266422dc-3751-4146-8a47-1dfd7aeb7284"",""environment"":""950bdac5-fb40-4f70-8ccf-1facce88154b"",""service"":""b741f367-8920-4dad-ba9f-21940f6bcfe7"",""deployment"":""8b9c732a-1566-4070-a289-1db03b7edf5d"",""replica"":""a04c56f1-c4bf-408d-950c-a77921c239f0""}",2026-10-06T15:47:15.958730544Z
"2026-10-06 15:47:13,548 | INFO | Successfully completed app.tasks.process_report_job({'student_id': '6a7b8f81-8ac1-f111-aaaf-002248df2f15-553161', 'job_id': 'ut...) job in 0:01:31.467040s on worker 25f50e9cabcc4edea1d4f2dd5a6e04ad",error,"{""level"":""error""}","{""project"":""266422dc-3751-4146-8a47-1dfd7aeb7284"",""environment"":""950bdac5-fb40-4f70-8ccf-1facce88154b"",""service"":""b741f367-8920-4dad-ba9f-21940f6bcfe7"",""deployment"":""8b9c732a-1566-4070-a289-1db03b7edf5d"",""replica"":""a04c56f1-c4bf-408d-950c-a77921c239f0""}",2026-10-06T15:47:15.958736984Z
"2026-10-06 15:47:14,760 | INFO | ⚙️  Worker starting job | job_id=utp-20ecebe4-89c1-f111-aaaf-002248df2f15-553165 student=KENNY SMITH ALCANTARA LOPEZ",error,"{""level"":""error""}","{""project"":""266422dc-3751-4146-8a47-1dfd7aeb7284"",""environment"":""950bdac5-fb40-4f70-8ccf-1facce88154b"",""service"":""b741f367-8920-4dad-ba9f-21940f6bcfe7"",""deployment"":""8b9c732a-1566-4070-a289-1db03b7edf5d"",""replica"":""a04c56f1-c4bf-408d-950c-a77921c239f0""}",2026-10-06T15:47:15.964224062Z
"2026-10-06 15:47:14,773 | INFO | determining template...",error,"{""level"":""error""}","{""project"":""266422dc-3751-4146-8a47-1dfd7aeb7284"",""environment"":""950bdac5-fb40-4f70-8ccf-1facce88154b"",""service"":""b741f367-8920-4dad-ba9f-21940f6bcfe7"",""deployment"":""8b9c732a-1566-4070-a289-1db03b7edf5d"",""replica"":""a04c56f1-c4bf-408d-950c-a77921c239f0""}",2026-10-06T15:47:15.964239046Z
"2026-10-06 15:47:14,773 | INFO | 📖 Historic hit for yerikaadrianestradaacondori@gmail.com — resending",error,"{""level"":""error""}","{""project"":""266422dc-3751-4146-8a47-1dfd7aeb7284"",""environment"":""950bdac5-fb40-4f70-8ccf-1facce88154b"",""service"":""b741f367-8920-4dad-ba9f-21940f6bcfe7"",""deployment"":""8b9c732a-1566-4070-a289-1db03b7edf5d"",""replica"":""a04c56f1-c4bf-408d-950c-a77921c239f0""}",2026-10-06T15:47:15.964248720Z
"2026-10-06 15:47:14,972 | INFO | determining template...",error,"{""level"":""error""}","{""project"":""266422dc-3751-4146-8a47-1dfd7aeb7284"",""environment"":""950bdac5-fb40-4f70-8ccf-1facce88154b"",""service"":""b741f367-8920-4dad-ba9f-21940f6bcfe7"",""deployment"":""8b9c732a-1566-4070-a289-1db03b7edf5d"",""replica"":""a04c56f1-c4bf-408d-950c-a77921c239f0""}",2026-10-06T15:47:15.964256680Z
"2026-10-06 15:47:14,972 | INFO | Generating PPTX from template_utp_alumnos.pptx",error,"{""level"":""error""}","{""project"":""266422dc-3751-4146-8a47-1dfd7aeb7284"",""environment"":""950bdac5-fb40-4f70-8ccf-1facce88154b"",""service"":""b741f367-8920-4dad-ba9f-21940f6bcfe7"",""deployment"":""8b9c732a-1566-4070-a289-1db03b7edf5d"",""replica"":""a04c56f1-c4bf-408d-950c-a77921c239f0""}",2026-10-06T15:47:15.964263920Z
"2026-10-06 15:47:15,086 | INFO | PPTX written → /app/tmp/jobs/utp-20ecebe4-89c1-f111-aaaf-002248df2f15-553165/report_estudiante.pptx",error,"{""level"":""error""}","{""project"":""266422dc-3751-4146-8a47-1dfd7aeb7284"",""environment"":""950bdac5-fb40-4f70-8ccf-1facce88154b"",""service"":""b741f367-8920-4dad-ba9f-21940f6bcfe7"",""deployment"":""8b9c732a-1566-4070-a289-1db03b7edf5d"",""replica"":""a04c56f1-c4bf-408d-950c-a77921c239f0""}",2026-10-06T15:47:15.964272567Z
"2026-10-06 15:47:15,087 | INFO | 🖨️  Sending to Gotenberg: report_estudiante.pptx",error,"{""level"":""error""}","{""project"":""266422dc-3751-4146-8a47-1dfd7aeb7284"",""environment"":""950bdac5-fb40-4f70-8ccf-1facce88154b"",""service"":""b741f367-8920-4dad-ba9f-21940f6bcfe7"",""deployment"":""8b9c732a-1566-4070-a289-1db03b7edf5d"",""replica"":""a04c56f1-c4bf-408d-950c-a77921c239f0""}",2026-10-06T15:47:15.964280681Z
"2026-10-06 15:47:15,762 | WARNING | No row found for sg_message_id=TrvnjmqXTQ6CoBfBugFuMg (event=open)",error,"{""level"":""error""}","{""project"":""266422dc-3751-4146-8a47-1dfd7aeb7284"",""environment"":""950bdac5-fb40-4f70-8ccf-1facce88154b"",""service"":""d36dbcc3-cd55-4a7a-baa1-f1f93642c3cc"",""deployment"":""f80f4047-168d-4653-ac85-441f312f05e5"",""replica"":""b6cfba12-d1ab-4faf-819e-52626ba9340c""}",2026-10-06T15:47:16.724262022Z
"INFO:     100.64.0.2:49824 - ""POST /webhooks/sendgrid HTTP/1.1"" 200 OK",info,"{""level"":""info""}","{""project"":""266422dc-3751-4146-8a47-1dfd7aeb7284"",""environment"":""950bdac5-fb40-4f70-8ccf-1facce88154b"",""service"":""d36dbcc3-cd55-4a7a-baa1-f1f93642c3cc"",""deployment"":""f80f4047-168d-4653-ac85-441f312f05e5"",""replica"":""b6cfba12-d1ab-4faf-819e-52626ba9340c""}",2026-10-06T15:47:16.724271945Z
"2026-10-06 15:47:18,322 | INFO | ✅ webhook: sg_message_id=m41OW8o3SOu8ll8JM-8_1Q dropped → dropped",error,"{""level"":""error""}","{""project"":""266422dc-3751-4146-8a47-1dfd7aeb7284"",""environment"":""950bdac5-fb40-4f70-8ccf-1facce88154b"",""service"":""d36dbcc3-cd55-4a7a-baa1-f1f93642c3cc"",""deployment"":""f80f4047-168d-4653-ac85-441f312f05e5"",""replica"":""b6cfba12-d1ab-4faf-819e-52626ba9340c""}",2026-10-06T15:47:18.443322319Z
"INFO:     100.64.0.10:11286 - ""POST /webhooks/sendgrid HTTP/1.1"" 200 OK",info,"{""level"":""info""}","{""project"":""266422dc-3751-4146-8a47-1dfd7aeb7284"",""environment"":""950bdac5-fb40-4f70-8ccf-1facce88154b"",""service"":""d36dbcc3-cd55-4a7a-baa1-f1f93642c3cc"",""deployment"":""f80f4047-168d-4653-ac85-441f312f05e5"",""replica"":""b6cfba12-d1ab-4faf-819e-52626ba9340c""}",2026-10-06T15:47:18.443331571Z
"    return wrapped(*args, **kwargs)",error,"{""level"":""error""}","{""project"":""266422dc-3751-4146-8a47-1dfd7aeb7284"",""environment"":""950bdac5-fb40-4f70-8ccf-1facce88154b"",""service"":""b741f367-8920-4dad-ba9f-21940f6bcfe7"",""deployment"":""8b9c732a-1566-4070-a289-1db03b7edf5d"",""replica"":""f86045b6-3f78-4936-9514-5e0ec312fe70""}",2026-10-06T15:47:19.517029479Z
           ^^^^^^^^^^^^^^^^^^^^^^^^,error,"{""level"":""error""}","{""project"":""266422dc-3751-4146-8a47-1dfd7aeb7284"",""environment"":""950bdac5-fb40-4f70-8ccf-1facce88154b"",""service"":""b741f367-8920-4dad-ba9f-21940f6bcfe7"",""deployment"":""8b9c732a-1566-4070-a289-1db03b7edf5d"",""replica"":""f86045b6-3f78-4936-9514-5e0ec312fe70""}",2026-10-06T15:47:19.517042254Z
"  File ""/usr/local/lib/python3.11/site-packages/googleapiclient/http.py"", line 1003, in execute",error,"{""level"":""error""}","{""project"":""266422dc-3751-4146-8a47-1dfd7aeb7284"",""environment"":""950bdac5-fb40-4f70-8ccf-1facce88154b"",""service"":""b741f367-8920-4dad-ba9f-21940f6bcfe7"",""deployment"":""8b9c732a-1566-4070-a289-1db03b7edf5d"",""replica"":""f86045b6-3f78-4936-9514-5e0ec312fe70""}",2026-10-06T15:47:19.517049396Z
"    resp, content = _retry_request(",error,"{""level"":""error""}","{""project"":""266422dc-3751-4146-8a47-1dfd7aeb7284"",""environment"":""950bdac5-fb40-4f70-8ccf-1facce88154b"",""service"":""b741f367-8920-4dad-ba9f-21940f6bcfe7"",""deployment"":""8b9c732a-1566-4070-a289-1db03b7edf5d"",""replica"":""f86045b6-3f78-4936-9514-5e0ec312fe70""}",2026-10-06T15:47:19.517056186Z
"2026-10-06 15:47:09,643 | ERROR | ⚠️ Failed to update status sheet (non-fatal)",error,"{""level"":""error""}","{""project"":""266422dc-3751-4146-8a47-1dfd7aeb7284"",""environment"":""950bdac5-fb40-4f70-8ccf-1facce88154b"",""service"":""b741f367-8920-4dad-ba9f-21940f6bcfe7"",""deployment"":""8b9c732a-1566-4070-a289-1db03b7edf5d"",""replica"":""f86045b6-3f78-4936-9514-5e0ec312fe70""}",2026-10-06T15:47:19.517059667Z
                    ^^^^^^^^^^^^^^^,error,"{""level"":""error""}","{""project"":""266422dc-3751-4146-8a47-1dfd7aeb7284"",""environment"":""950bdac5-fb40-4f70-8ccf-1facce88154b"",""service"":""b741f367-8920-4dad-ba9f-21940f6bcfe7"",""deployment"":""8b9c732a-1566-4070-a289-1db03b7edf5d"",""replica"":""f86045b6-3f78-4936-9514-5e0ec312fe70""}",2026-10-06T15:47:19.517063806Z
"  File ""/usr/local/lib/python3.11/site-packages/googleapiclient/http.py"", line 222, in _retry_request",error,"{""level"":""error""}","{""project"":""266422dc-3751-4146-8a47-1dfd7aeb7284"",""environment"":""950bdac5-fb40-4f70-8ccf-1facce88154b"",""service"":""b741f367-8920-4dad-ba9f-21940f6bcfe7"",""deployment"":""8b9c732a-1566-4070-a289-1db03b7edf5d"",""replica"":""f86045b6-3f78-4936-9514-5e0ec312fe70""}",2026-10-06T15:47:19.517071046Z
    raise exception,error,"{""level"":""error""}","{""project"":""266422dc-3751-4146-8a47-1dfd7aeb7284"",""environment"":""950bdac5-fb40-4f70-8ccf-1facce88154b"",""service"":""b741f367-8920-4dad-ba9f-21940f6bcfe7"",""deployment"":""8b9c732a-1566-4070-a289-1db03b7edf5d"",""replica"":""f86045b6-3f78-4936-9514-5e0ec312fe70""}",2026-10-06T15:47:19.517076394Z
Traceback (most recent call last):,error,"{""level"":""error""}","{""project"":""266422dc-3751-4146-8a47-1dfd7aeb7284"",""environment"":""950bdac5-fb40-4f70-8ccf-1facce88154b"",""service"":""b741f367-8920-4dad-ba9f-21940f6bcfe7"",""deployment"":""8b9c732a-1566-4070-a289-1db03b7edf5d"",""replica"":""f86045b6-3f78-4936-9514-5e0ec312fe70""}",2026-10-06T15:47:19.517079787Z
"  File ""/usr/local/lib/python3.11/site-packages/googleapiclient/http.py"", line 191, in _retry_request",error,"{""level"":""error""}","{""project"":""266422dc-3751-4146-8a47-1dfd7aeb7284"",""environment"":""950bdac5-fb40-4f70-8ccf-1facce88154b"",""service"":""b741f367-8920-4dad-ba9f-21940f6bcfe7"",""deployment"":""8b9c732a-1566-4070-a289-1db03b7edf5d"",""replica"":""f86045b6-3f78-4936-9514-5e0ec312fe70""}",2026-10-06T15:47:19.517083222Z
"  File ""/app/app/pipeline/sheets_updater.py"", line 186, in update_student_status",error,"{""level"":""error""}","{""project"":""266422dc-3751-4146-8a47-1dfd7aeb7284"",""environment"":""950bdac5-fb40-4f70-8ccf-1facce88154b"",""service"":""b741f367-8920-4dad-ba9f-21940f6bcfe7"",""deployment"":""8b9c732a-1566-4070-a289-1db03b7edf5d"",""replica"":""f86045b6-3f78-4936-9514-5e0ec312fe70""}",2026-10-06T15:47:19.517091557Z
"    _ensure_headers(service, spreadsheet_id)",error,"{""level"":""error""}","{""project"":""266422dc-3751-4146-8a47-1dfd7aeb7284"",""environment"":""950bdac5-fb40-4f70-8ccf-1facce88154b"",""service"":""b741f367-8920-4dad-ba9f-21940f6bcfe7"",""deployment"":""8b9c732a-1566-4070-a289-1db03b7edf5d"",""replica"":""f86045b6-3f78-4936-9514-5e0ec312fe70""}",2026-10-06T15:47:19.517098566Z
"  File ""/app/app/pipeline/sheets_updater.py"", line 85, in _ensure_headers",error,"{""level"":""error""}","{""project"":""266422dc-3751-4146-8a47-1dfd7aeb7284"",""environment"":""950bdac5-fb40-4f70-8ccf-1facce88154b"",""service"":""b741f367-8920-4dad-ba9f-21940f6bcfe7"",""deployment"":""8b9c732a-1566-4070-a289-1db03b7edf5d"",""replica"":""f86045b6-3f78-4936-9514-5e0ec312fe70""}",2026-10-06T15:47:19.517104632Z
    result = _with_backoff(lambda: (,error,"{""level"":""error""}","{""project"":""266422dc-3751-4146-8a47-1dfd7aeb7284"",""environment"":""950bdac5-fb40-4f70-8ccf-1facce88154b"",""service"":""b741f367-8920-4dad-ba9f-21940f6bcfe7"",""deployment"":""8b9c732a-1566-4070-a289-1db03b7edf5d"",""replica"":""f86045b6-3f78-4936-9514-5e0ec312fe70""}",2026-10-06T15:47:19.517111423Z
             ^^^^^^^^^^^^^^^^^^^^^^^,error,"{""level"":""error""}","{""project"":""266422dc-3751-4146-8a47-1dfd7aeb7284"",""environment"":""950bdac5-fb40-4f70-8ccf-1facce88154b"",""service"":""b741f367-8920-4dad-ba9f-21940f6bcfe7"",""deployment"":""8b9c732a-1566-4070-a289-1db03b7edf5d"",""replica"":""f86045b6-3f78-4936-9514-5e0ec312fe70""}",2026-10-06T15:47:19.517117770Z
"  File ""/app/app/pipeline/sheets_updater.py"", line 70, in _with_backoff",error,"{""level"":""error""}","{""project"":""266422dc-3751-4146-8a47-1dfd7aeb7284"",""environment"":""950bdac5-fb40-4f70-8ccf-1facce88154b"",""service"":""b741f367-8920-4dad-ba9f-21940f6bcfe7"",""deployment"":""8b9c732a-1566-4070-a289-1db03b7edf5d"",""replica"":""f86045b6-3f78-4936-9514-5e0ec312fe70""}",2026-10-06T15:47:19.517124170Z
    return fn(),error,"{""level"":""error""}","{""project"":""266422dc-3751-4146-8a47-1dfd7aeb7284"",""environment"":""950bdac5-fb40-4f70-8ccf-1facce88154b"",""service"":""b741f367-8920-4dad-ba9f-21940f6bcfe7"",""deployment"":""8b9c732a-1566-4070-a289-1db03b7edf5d"",""replica"":""f86045b6-3f78-4936-9514-5e0ec312fe70""}",2026-10-06T15:47:19.517131138Z
           ^^^^,error,"{""level"":""error""}","{""project"":""266422dc-3751-4146-8a47-1dfd7aeb7284"",""environment"":""950bdac5-fb40-4f70-8ccf-1facce88154b"",""service"":""b741f367-8920-4dad-ba9f-21940f6bcfe7"",""deployment"":""8b9c732a-1566-4070-a289-1db03b7edf5d"",""replica"":""f86045b6-3f78-4936-9514-5e0ec312fe70""}",2026-10-06T15:47:19.517137310Z
"  File ""/app/app/pipeline/sheets_updater.py"", line 89, in <lambda>",error,"{""level"":""error""}","{""project"":""266422dc-3751-4146-8a47-1dfd7aeb7284"",""environment"":""950bdac5-fb40-4f70-8ccf-1facce88154b"",""service"":""b741f367-8920-4dad-ba9f-21940f6bcfe7"",""deployment"":""8b9c732a-1566-4070-a289-1db03b7edf5d"",""replica"":""f86045b6-3f78-4936-9514-5e0ec312fe70""}",2026-10-06T15:47:19.517143895Z
    ).execute(),error,"{""level"":""error""}","{""project"":""266422dc-3751-4146-8a47-1dfd7aeb7284"",""environment"":""950bdac5-fb40-4f70-8ccf-1facce88154b"",""service"":""b741f367-8920-4dad-ba9f-21940f6bcfe7"",""deployment"":""8b9c732a-1566-4070-a289-1db03b7edf5d"",""replica"":""f86045b6-3f78-4936-9514-5e0ec312fe70""}",2026-10-06T15:47:19.517148175Z
      ^^^^^^^^^,error,"{""level"":""error""}","{""project"":""266422dc-3751-4146-8a47-1dfd7aeb7284"",""environment"":""950bdac5-fb40-4f70-8ccf-1facce88154b"",""service"":""b741f367-8920-4dad-ba9f-21940f6bcfe7"",""deployment"":""8b9c732a-1566-4070-a289-1db03b7edf5d"",""replica"":""f86045b6-3f78-4936-9514-5e0ec312fe70""}",2026-10-06T15:47:19.517153012Z
"  File ""/usr/local/lib/python3.11/site-packages/googleapiclient/_helpers.py"", line 130, in positional_wrapper",error,"{""level"":""error""}","{""project"":""266422dc-3751-4146-8a47-1dfd7aeb7284"",""environment"":""950bdac5-fb40-4f70-8ccf-1facce88154b"",""service"":""b741f367-8920-4dad-ba9f-21940f6bcfe7"",""deployment"":""8b9c732a-1566-4070-a289-1db03b7edf5d"",""replica"":""f86045b6-3f78-4936-9514-5e0ec312fe70""}",2026-10-06T15:47:19.517157836Z
"    resp, content = http.request(uri, method, *args, **kwargs)",error,"{""level"":""error""}","{""project"":""266422dc-3751-4146-8a47-1dfd7aeb7284"",""environment"":""950bdac5-fb40-4f70-8ccf-1facce88154b"",""service"":""b741f367-8920-4dad-ba9f-21940f6bcfe7"",""deployment"":""8b9c732a-1566-4070-a289-1db03b7edf5d"",""replica"":""f86045b6-3f78-4936-9514-5e0ec312fe70""}",2026-10-06T15:47:19.517437526Z
                    ^^^^^^^^^^^^^^^^^^^^^^^^^^^^^^^^^^^^^^^^^^,error,"{""level"":""error""}","{""project"":""266422dc-3751-4146-8a47-1dfd7aeb7284"",""environment"":""950bdac5-fb40-4f70-8ccf-1facce88154b"",""service"":""b741f367-8920-4dad-ba9f-21940f6bcfe7"",""deployment"":""8b9c732a-1566-4070-a289-1db03b7edf5d"",""replica"":""f86045b6-3f78-4936-9514-5e0ec312fe70""}",2026-10-06T15:47:19.517446174Z
"  File ""/usr/local/lib/python3.11/site-packages/google_auth_httplib2.py"", line 214, in request",error,"{""level"":""error""}","{""project"":""266422dc-3751-4146-8a47-1dfd7aeb7284"",""environment"":""950bdac5-fb40-4f70-8ccf-1facce88154b"",""service"":""b741f367-8920-4dad-ba9f-21940f6bcfe7"",""deployment"":""8b9c732a-1566-4070-a289-1db03b7edf5d"",""replica"":""f86045b6-3f78-4936-9514-5e0ec312fe70""}",2026-10-06T15:47:19.517451738Z
"    response, content = self.http.request(",error,"{""level"":""error""}","{""project"":""266422dc-3751-4146-8a47-1dfd7aeb7284"",""environment"":""950bdac5-fb40-4f70-8ccf-1facce88154b"",""service"":""b741f367-8920-4dad-ba9f-21940f6bcfe7"",""deployment"":""8b9c732a-1566-4070-a289-1db03b7edf5d"",""replica"":""f86045b6-3f78-4936-9514-5e0ec312fe70""}",2026-10-06T15:47:19.517456642Z
                        ^^^^^^^^^^^^^^^^^^,error,"{""level"":""error""}","{""project"":""266422dc-3751-4146-8a47-1dfd7aeb7284"",""environment"":""950bdac5-fb40-4f70-8ccf-1facce88154b"",""service"":""b741f367-8920-4dad-ba9f-21940f6bcfe7"",""deployment"":""8b9c732a-1566-4070-a289-1db03b7edf5d"",""replica"":""f86045b6-3f78-4936-9514-5e0ec312fe70""}",2026-10-06T15:47:19.517461892Z
"  File ""/usr/local/lib/python3.11/site-packages/httplib2/__init__.py"", line 1755, in request",error,"{""level"":""error""}","{""project"":""266422dc-3751-4146-8a47-1dfd7aeb7284"",""environment"":""950bdac5-fb40-4f70-8ccf-1facce88154b"",""service"":""b741f367-8920-4dad-ba9f-21940f6bcfe7"",""deployment"":""8b9c732a-1566-4070-a289-1db03b7edf5d"",""replica"":""f86045b6-3f78-4936-9514-5e0ec312fe70""}",2026-10-06T15:47:19.517467807Z
"    (response, content) = self._request(",error,"{""level"":""error""}","{""project"":""266422dc-3751-4146-8a47-1dfd7aeb7284"",""environment"":""950bdac5-fb40-4f70-8ccf-1facce88154b"",""service"":""b741f367-8920-4dad-ba9f-21940f6bcfe7"",""deployment"":""8b9c732a-1566-4070-a289-1db03b7edf5d"",""replica"":""f86045b6-3f78-4936-9514-5e0ec312fe70""}",2026-10-06T15:47:19.517474570Z
                          ^^^^^^^^^^^^^^,error,"{""level"":""error""}","{""project"":""266422dc-3751-4146-8a47-1dfd7aeb7284"",""environment"":""950bdac5-fb40-4f70-8ccf-1facce88154b"",""service"":""b741f367-8920-4dad-ba9f-21940f6bcfe7"",""deployment"":""8b9c732a-1566-4070-a289-1db03b7edf5d"",""replica"":""f86045b6-3f78-4936-9514-5e0ec312fe70""}",2026-10-06T15:47:19.517478839Z
"  File ""/usr/local/lib/python3.11/site-packages/httplib2/__init__.py"", line 1475, in _request",error,"{""level"":""error""}","{""project"":""266422dc-3751-4146-8a47-1dfd7aeb7284"",""environment"":""950bdac5-fb40-4f70-8ccf-1facce88154b"",""service"":""b741f367-8920-4dad-ba9f-21940f6bcfe7"",""deployment"":""8b9c732a-1566-4070-a289-1db03b7edf5d"",""replica"":""f86045b6-3f78-4936-9514-5e0ec312fe70""}",2026-10-06T15:47:19.517483105Z
"    (response, content) = self._conn_request(conn, request_uri, method, body, headers)",error,"{""level"":""error""}","{""project"":""266422dc-3751-4146-8a47-1dfd7aeb7284"",""environment"":""950bdac5-fb40-4f70-8ccf-1facce88154b"",""service"":""b741f367-8920-4dad-ba9f-21940f6bcfe7"",""deployment"":""8b9c732a-1566-4070-a289-1db03b7edf5d"",""replica"":""f86045b6-3f78-4936-9514-5e0ec312fe70""}",2026-10-06T15:47:19.517488495Z
                          ^^^^^^^^^^^^^^^^^^^^^^^^^^^^^^^^^^^^^^^^^^^^^^^^^^^^^^^^^^^^,error,"{""level"":""error""}","{""project"":""266422dc-3751-4146-8a47-1dfd7aeb7284"",""environment"":""950bdac5-fb40-4f70-8ccf-1facce88154b"",""service"":""b741f367-8920-4dad-ba9f-21940f6bcfe7"",""deployment"":""8b9c732a-1566-4070-a289-1db03b7edf5d"",""replica"":""f86045b6-3f78-4936-9514-5e0ec312fe70""}",2026-10-06T15:47:19.517492945Z
"  File ""/usr/local/lib/python3.11/site-packages/httplib2/__init__.py"", line 1427, in _conn_request",error,"{""level"":""error""}","{""project"":""266422dc-3751-4146-8a47-1dfd7aeb7284"",""environment"":""950bdac5-fb40-4f70-8ccf-1facce88154b"",""service"":""b741f367-8920-4dad-ba9f-21940f6bcfe7"",""deployment"":""8b9c732a-1566-4070-a289-1db03b7edf5d"",""replica"":""f86045b6-3f78-4936-9514-5e0ec312fe70""}",2026-10-06T15:47:19.517496856Z
    response = conn.getresponse(),error,"{""level"":""error""}","{""project"":""266422dc-3751-4146-8a47-1dfd7aeb7284"",""environment"":""950bdac5-fb40-4f70-8ccf-1facce88154b"",""service"":""b741f367-8920-4dad-ba9f-21940f6bcfe7"",""deployment"":""8b9c732a-1566-4070-a289-1db03b7edf5d"",""replica"":""f86045b6-3f78-4936-9514-5e0ec312fe70""}",2026-10-06T15:47:19.517501317Z
               ^^^^^^^^^^^^^^^^^^,error,"{""level"":""error""}","{""project"":""266422dc-3751-4146-8a47-1dfd7aeb7284"",""environment"":""950bdac5-fb40-4f70-8ccf-1facce88154b"",""service"":""b741f367-8920-4dad-ba9f-21940f6bcfe7"",""deployment"":""8b9c732a-1566-4070-a289-1db03b7edf5d"",""replica"":""f86045b6-3f78-4936-9514-5e0ec312fe70""}",2026-10-06T15:47:19.517505477Z
"  File ""/usr/local/lib/python3.11/http/client.py"", line 1443, in getresponse",error,"{""level"":""error""}","{""project"":""266422dc-3751-4146-8a47-1dfd7aeb7284"",""environment"":""950bdac5-fb40-4f70-8ccf-1facce88154b"",""service"":""b741f367-8920-4dad-ba9f-21940f6bcfe7"",""deployment"":""8b9c732a-1566-4070-a289-1db03b7edf5d"",""replica"":""f86045b6-3f78-4936-9514-5e0ec312fe70""}",2026-10-06T15:47:19.517509370Z
    response.begin(),error,"{""level"":""error""}","{""project"":""266422dc-3751-4146-8a47-1dfd7aeb7284"",""environment"":""950bdac5-fb40-4f70-8ccf-1facce88154b"",""service"":""b741f367-8920-4dad-ba9f-21940f6bcfe7"",""deployment"":""8b9c732a-1566-4070-a289-1db03b7edf5d"",""replica"":""f86045b6-3f78-4936-9514-5e0ec312fe70""}",2026-10-06T15:47:19.517517241Z
"  File ""/usr/local/lib/python3.11/http/client.py"", line 337, in begin",error,"{""level"":""error""}","{""project"":""266422dc-3751-4146-8a47-1dfd7aeb7284"",""environment"":""950bdac5-fb40-4f70-8ccf-1facce88154b"",""service"":""b741f367-8920-4dad-ba9f-21940f6bcfe7"",""deployment"":""8b9c732a-1566-4070-a289-1db03b7edf5d"",""replica"":""f86045b6-3f78-4936-9514-5e0ec312fe70""}",2026-10-06T15:47:19.517522366Z
"    version, status, reason = self._read_status()",error,"{""level"":""error""}","{""project"":""266422dc-3751-4146-8a47-1dfd7aeb7284"",""environment"":""950bdac5-fb40-4f70-8ccf-1facce88154b"",""service"":""b741f367-8920-4dad-ba9f-21940f6bcfe7"",""deployment"":""8b9c732a-1566-4070-a289-1db03b7edf5d"",""replica"":""f86045b6-3f78-4936-9514-5e0ec312fe70""}",2026-10-06T15:47:19.517530621Z
                              ^^^^^^^^^^^^^^^^^^^,error,"{""level"":""error""}","{""project"":""266422dc-3751-4146-8a47-1dfd7aeb7284"",""environment"":""950bdac5-fb40-4f70-8ccf-1facce88154b"",""service"":""b741f367-8920-4dad-ba9f-21940f6bcfe7"",""deployment"":""8b9c732a-1566-4070-a289-1db03b7edf5d"",""replica"":""f86045b6-3f78-4936-9514-5e0ec312fe70""}",2026-10-06T15:47:19.517536075Z
"  File ""/usr/local/lib/python3.11/http/client.py"", line 298, in _read_status",error,"{""level"":""error""}","{""project"":""266422dc-3751-4146-8a47-1dfd7aeb7284"",""environment"":""950bdac5-fb40-4f70-8ccf-1facce88154b"",""service"":""b741f367-8920-4dad-ba9f-21940f6bcfe7"",""deployment"":""8b9c732a-1566-4070-a289-1db03b7edf5d"",""replica"":""f86045b6-3f78-4936-9514-5e0ec312fe70""}",2026-10-06T15:47:19.517540876Z
"    line = str(self.fp.readline(_MAXLINE + 1), ""iso-8859-1"")",error,"{""level"":""error""}","{""project"":""266422dc-3751-4146-8a47-1dfd7aeb7284"",""environment"":""950bdac5-fb40-4f70-8ccf-1facce88154b"",""service"":""b741f367-8920-4dad-ba9f-21940f6bcfe7"",""deployment"":""8b9c732a-1566-4070-a289-1db03b7edf5d"",""replica"":""f86045b6-3f78-4936-9514-5e0ec312fe70""}",2026-10-06T15:47:19.518670817Z
               ^^^^^^^^^^^^^^^^^^^^^^^^^^^^^^,error,"{""level"":""error""}","{""project"":""266422dc-3751-4146-8a47-1dfd7aeb7284"",""environment"":""950bdac5-fb40-4f70-8ccf-1facce88154b"",""service"":""b741f367-8920-4dad-ba9f-21940f6bcfe7"",""deployment"":""8b9c732a-1566-4070-a289-1db03b7edf5d"",""replica"":""f86045b6-3f78-4936-9514-5e0ec312fe70""}",2026-10-06T15:47:19.518679134Z
"  File ""/usr/local/lib/python3.11/socket.py"", line 718, in readinto",error,"{""level"":""error""}","{""project"":""266422dc-3751-4146-8a47-1dfd7aeb7284"",""environment"":""950bdac5-fb40-4f70-8ccf-1facce88154b"",""service"":""b741f367-8920-4dad-ba9f-21940f6bcfe7"",""deployment"":""8b9c732a-1566-4070-a289-1db03b7edf5d"",""replica"":""f86045b6-3f78-4936-9514-5e0ec312fe70""}",2026-10-06T15:47:19.518686030Z
    return self._sock.recv_into(b),error,"{""level"":""error""}","{""project"":""266422dc-3751-4146-8a47-1dfd7aeb7284"",""environment"":""950bdac5-fb40-4f70-8ccf-1facce88154b"",""service"":""b741f367-8920-4dad-ba9f-21940f6bcfe7"",""deployment"":""8b9c732a-1566-4070-a289-1db03b7edf5d"",""replica"":""f86045b6-3f78-4936-9514-5e0ec312fe70""}",2026-10-06T15:47:19.518691086Z
           ^^^^^^^^^^^^^^^^^^^^^^^,error,"{""level"":""error""}","{""project"":""266422dc-3751-4146-8a47-1dfd7aeb7284"",""environment"":""950bdac5-fb40-4f70-8ccf-1facce88154b"",""service"":""b741f367-8920-4dad-ba9f-21940f6bcfe7"",""deployment"":""8b9c732a-1566-4070-a289-1db03b7edf5d"",""replica"":""f86045b6-3f78-4936-9514-5e0ec312fe70""}",2026-10-06T15:47:19.518695459Z
"  File ""/usr/local/lib/python3.11/ssl.py"", line 1314, in recv_into",error,"{""level"":""error""}","{""project"":""266422dc-3751-4146-8a47-1dfd7aeb7284"",""environment"":""950bdac5-fb40-4f70-8ccf-1facce88154b"",""service"":""b741f367-8920-4dad-ba9f-21940f6bcfe7"",""deployment"":""8b9c732a-1566-4070-a289-1db03b7edf5d"",""replica"":""f86045b6-3f78-4936-9514-5e0ec312fe70""}",2026-10-06T15:47:19.518700107Z
"    return self.read(nbytes, buffer)",error,"{""level"":""error""}","{""project"":""266422dc-3751-4146-8a47-1dfd7aeb7284"",""environment"":""950bdac5-fb40-4f70-8ccf-1facce88154b"",""service"":""b741f367-8920-4dad-ba9f-21940f6bcfe7"",""deployment"":""8b9c732a-1566-4070-a289-1db03b7edf5d"",""replica"":""f86045b6-3f78-4936-9514-5e0ec312fe70""}",2026-10-06T15:47:19.518705948Z
           ^^^^^^^^^^^^^^^^^^^^^^^^^,error,"{""level"":""error""}","{""project"":""266422dc-3751-4146-8a47-1dfd7aeb7284"",""environment"":""950bdac5-fb40-4f70-8ccf-1facce88154b"",""service"":""b741f367-8920-4dad-ba9f-21940f6bcfe7"",""deployment"":""8b9c732a-1566-4070-a289-1db03b7edf5d"",""replica"":""f86045b6-3f78-4936-9514-5e0ec312fe70""}",2026-10-06T15:47:19.518711092Z
"  File ""/usr/local/lib/python3.11/ssl.py"", line 1166, in read",error,"{""level"":""error""}","{""project"":""266422dc-3751-4146-8a47-1dfd7aeb7284"",""environment"":""950bdac5-fb40-4f70-8ccf-1facce88154b"",""service"":""b741f367-8920-4dad-ba9f-21940f6bcfe7"",""deployment"":""8b9c732a-1566-4070-a289-1db03b7edf5d"",""replica"":""f86045b6-3f78-4936-9514-5e0ec312fe70""}",2026-10-06T15:47:19.518715783Z
"    return self._sslobj.read(len, buffer)",error,"{""level"":""error""}","{""project"":""266422dc-3751-4146-8a47-1dfd7aeb7284"",""environment"":""950bdac5-fb40-4f70-8ccf-1facce88154b"",""service"":""b741f367-8920-4dad-ba9f-21940f6bcfe7"",""deployment"":""8b9c732a-1566-4070-a289-1db03b7edf5d"",""replica"":""f86045b6-3f78-4936-9514-5e0ec312fe70""}",2026-10-06T15:47:19.518721044Z
           ^^^^^^^^^^^^^^^^^^^^^^^^^^^^^^,error,"{""level"":""error""}","{""project"":""266422dc-3751-4146-8a47-1dfd7aeb7284"",""environment"":""950bdac5-fb40-4f70-8ccf-1facce88154b"",""service"":""b741f367-8920-4dad-ba9f-21940f6bcfe7"",""deployment"":""8b9c732a-1566-4070-a289-1db03b7edf5d"",""replica"":""f86045b6-3f78-4936-9514-5e0ec312fe70""}",2026-10-06T15:47:19.518725446Z
TimeoutError: The read operation timed out,error,"{""level"":""error""}","{""project"":""266422dc-3751-4146-8a47-1dfd7aeb7284"",""environment"":""950bdac5-fb40-4f70-8ccf-1facce88154b"",""service"":""b741f367-8920-4dad-ba9f-21940f6bcfe7"",""deployment"":""8b9c732a-1566-4070-a289-1db03b7edf5d"",""replica"":""f86045b6-3f78-4936-9514-5e0ec312fe70""}",2026-10-06T15:47:19.518730150Z
"2026-10-06 15:47:09,645 | INFO | ✅ Job complete: utp-2d39eb1b-88c1-f111-aaaf-002248df2f15-553178",error,"{""level"":""error""}","{""project"":""266422dc-3751-4146-8a47-1dfd7aeb7284"",""environment"":""950bdac5-fb40-4f70-8ccf-1facce88154b"",""service"":""b741f367-8920-4dad-ba9f-21940f6bcfe7"",""deployment"":""8b9c732a-1566-4070-a289-1db03b7edf5d"",""replica"":""f86045b6-3f78-4936-9514-5e0ec312fe70""}",2026-10-06T15:47:19.518734798Z
"2026-10-06 15:47:09,664 | INFO | Successfully completed app.tasks.process_report_job({'student_id': '2d39eb1b-88c1-f111-aaaf-002248df2f15-553178', 'job_id': 'ut...) job in 0:01:28.037504s on worker b5e69e8a03c04f99b4db89e7f339f764",error,"{""level"":""error""}","{""project"":""266422dc-3751-4146-8a47-1dfd7aeb7284"",""environment"":""950bdac5-fb40-4f70-8ccf-1facce88154b"",""service"":""b741f367-8920-4dad-ba9f-21940f6bcfe7"",""deployment"":""8b9c732a-1566-4070-a289-1db03b7edf5d"",""replica"":""f86045b6-3f78-4936-9514-5e0ec312fe70""}",2026-10-06T15:47:19.518739699Z
"2026-10-06 15:47:09,664 | INFO | Worker b5e69e8a03c04f99b4db89e7f339f764: reports: Job OK (utp-2d39eb1b-88c1-f111-aaaf-002248df2f15-553178)",error,"{""level"":""error""}","{""project"":""266422dc-3751-4146-8a47-1dfd7aeb7284"",""environment"":""950bdac5-fb40-4f70-8ccf-1facce88154b"",""service"":""b741f367-8920-4dad-ba9f-21940f6bcfe7"",""deployment"":""8b9c732a-1566-4070-a289-1db03b7edf5d"",""replica"":""f86045b6-3f78-4936-9514-5e0ec312fe70""}",2026-10-06T15:47:19.518743662Z
"2026-10-06 15:47:09,664 | INFO | Worker b5e69e8a03c04f99b4db89e7f339f764: job utp-2d39eb1b-88c1-f111-aaaf-002248df2f15-553178 result is kept for 500 seconds",error,"{""level"":""error""}","{""project"":""266422dc-3751-4146-8a47-1dfd7aeb7284"",""environment"":""950bdac5-fb40-4f70-8ccf-1facce88154b"",""service"":""b741f367-8920-4dad-ba9f-21940f6bcfe7"",""deployment"":""8b9c732a-1566-4070-a289-1db03b7edf5d"",""replica"":""f86045b6-3f78-4936-9514-5e0ec312fe70""}",2026-10-06T15:47:19.518747950Z
"2026-10-06 15:47:09,726 | INFO | Worker b5e69e8a03c04f99b4db89e7f339f764: reports: app.tasks.process_report_job({'student_id': '740ae3f9-86c1-f111-aaaf-7ced8da89080-553170', 'job_id': 'ut...) (utp-740ae3f9-86c1-f111-aaaf-7ced8da89080-553170)",error,"{""level"":""error""}","{""project"":""266422dc-3751-4146-8a47-1dfd7aeb7284"",""environment"":""950bdac5-fb40-4f70-8ccf-1facce88154b"",""service"":""b741f367-8920-4dad-ba9f-21940f6bcfe7"",""deployment"":""8b9c732a-1566-4070-a289-1db03b7edf5d"",""replica"":""f86045b6-3f78-4936-9514-5e0ec312fe70""}",2026-10-06T15:47:19.518754169Z
"2026-10-06 15:47:10,451 | INFO | ⚙️  Worker starting job | job_id=utp-740ae3f9-86c1-f111-aaaf-7ced8da89080-553170 student=XIAN RUTH LAZARO AVALOS",error,"{""level"":""error""}","{""project"":""266422dc-3751-4146-8a47-1dfd7aeb7284"",""environment"":""950bdac5-fb40-4f70-8ccf-1facce88154b"",""service"":""b741f367-8920-4dad-ba9f-21940f6bcfe7"",""deployment"":""8b9c732a-1566-4070-a289-1db03b7edf5d"",""replica"":""f86045b6-3f78-4936-9514-5e0ec312fe70""}",2026-10-06T15:47:19.519633711Z
"2026-10-06 15:47:10,461 | INFO | determining template...",error,"{""level"":""error""}","{""project"":""266422dc-3751-4146-8a47-1dfd7aeb7284"",""environment"":""950bdac5-fb40-4f70-8ccf-1facce88154b"",""service"":""b741f367-8920-4dad-ba9f-21940f6bcfe7"",""deployment"":""8b9c732a-1566-4070-a289-1db03b7edf5d"",""replica"":""f86045b6-3f78-4936-9514-5e0ec312fe70""}",2026-10-06T15:47:19.519641147Z
"2026-10-06 15:47:10,600 | INFO | determining template...",error,"{""level"":""error""}","{""project"":""266422dc-3751-4146-8a47-1dfd7aeb7284"",""environment"":""950bdac5-fb40-4f70-8ccf-1facce88154b"",""service"":""b741f367-8920-4dad-ba9f-21940f6bcfe7"",""deployment"":""8b9c732a-1566-4070-a289-1db03b7edf5d"",""replica"":""f86045b6-3f78-4936-9514-5e0ec312fe70""}",2026-10-06T15:47:19.519646284Z
"2026-10-06 15:47:10,600 | INFO | Generating PPTX from template_utp_alumnos.pptx",error,"{""level"":""error""}","{""project"":""266422dc-3751-4146-8a47-1dfd7aeb7284"",""environment"":""950bdac5-fb40-4f70-8ccf-1facce88154b"",""service"":""b741f367-8920-4dad-ba9f-21940f6bcfe7"",""deployment"":""8b9c732a-1566-4070-a289-1db03b7edf5d"",""replica"":""f86045b6-3f78-4936-9514-5e0ec312fe70""}",2026-10-06T15:47:19.519651124Z
"2026-10-06 15:47:10,695 | INFO | PPTX written → /app/tmp/jobs/utp-740ae3f9-86c1-f111-aaaf-7ced8da89080-553170/report_estudiante.pptx",error,"{""level"":""error""}","{""project"":""266422dc-3751-4146-8a47-1dfd7aeb7284"",""environment"":""950bdac5-fb40-4f70-8ccf-1facce88154b"",""service"":""b741f367-8920-4dad-ba9f-21940f6bcfe7"",""deployment"":""8b9c732a-1566-4070-a289-1db03b7edf5d"",""replica"":""f86045b6-3f78-4936-9514-5e0ec312fe70""}",2026-10-06T15:47:19.519655524Z
"2026-10-06 15:47:10,695 | INFO | 🖨️  Sending to Gotenberg: report_estudiante.pptx",error,"{""level"":""error""}","{""project"":""266422dc-3751-4146-8a47-1dfd7aeb7284"",""environment"":""950bdac5-fb40-4f70-8ccf-1facce88154b"",""service"":""b741f367-8920-4dad-ba9f-21940f6bcfe7"",""deployment"":""8b9c732a-1566-4070-a289-1db03b7edf5d"",""replica"":""f86045b6-3f78-4936-9514-5e0ec312fe70""}",2026-10-06T15:47:19.519660433Z
"2026-10-06 15:47:14,927 | INFO | ✅ PDF received from Gotenberg: report_estudiante.pdf (1088633 bytes)",error,"{""level"":""error""}","{""project"":""266422dc-3751-4146-8a47-1dfd7aeb7284"",""environment"":""950bdac5-fb40-4f70-8ccf-1facce88154b"",""service"":""b741f367-8920-4dad-ba9f-21940f6bcfe7"",""deployment"":""8b9c732a-1566-4070-a289-1db03b7edf5d"",""replica"":""f86045b6-3f78-4936-9514-5e0ec312fe70""}",2026-10-06T15:47:19.519670441Z
"2026-10-06 15:47:14,928 | INFO | Generating PPTX from template_utp_padres.pptx",error,"{""level"":""error""}","{""project"":""266422dc-3751-4146-8a47-1dfd7aeb7284"",""environment"":""950bdac5-fb40-4f70-8ccf-1facce88154b"",""service"":""b741f367-8920-4dad-ba9f-21940f6bcfe7"",""deployment"":""8b9c732a-1566-4070-a289-1db03b7edf5d"",""replica"":""f86045b6-3f78-4936-9514-5e0ec312fe70""}",2026-10-06T15:47:19.519675580Z
"2026-10-06 15:47:15,024 | INFO | PPTX written → /app/tmp/jobs/utp-740ae3f9-86c1-f111-aaaf-7ced8da89080-553170/report_padres.pptx",error,"{""level"":""error""}","{""project"":""266422dc-3751-4146-8a47-1dfd7aeb7284"",""environment"":""950bdac5-fb40-4f70-8ccf-1facce88154b"",""service"":""b741f367-8920-4dad-ba9f-21940f6bcfe7"",""deployment"":""8b9c732a-1566-4070-a289-1db03b7edf5d"",""replica"":""f86045b6-3f78-4936-9514-5e0ec312fe70""}",2026-10-06T15:47:19.519681176Z
"2026-10-06 15:47:15,024 | INFO | 🖨️  Sending to Gotenberg: report_padres.pptx",error,"{""level"":""error""}","{""project"":""266422dc-3751-4146-8a47-1dfd7aeb7284"",""environment"":""950bdac5-fb40-4f70-8ccf-1facce88154b"",""service"":""b741f367-8920-4dad-ba9f-21940f6bcfe7"",""deployment"":""8b9c732a-1566-4070-a289-1db03b7edf5d"",""replica"":""f86045b6-3f78-4936-9514-5e0ec312fe70""}",2026-10-06T15:47:19.519685739Z
"2026-10-06 15:47:19,611 | INFO | ✅ PDF received from Gotenberg: report_padres.pdf (1355766 bytes)",error,"{""level"":""error""}","{""project"":""266422dc-3751-4146-8a47-1dfd7aeb7284"",""environment"":""950bdac5-fb40-4f70-8ccf-1facce88154b"",""service"":""b741f367-8920-4dad-ba9f-21940f6bcfe7"",""deployment"":""8b9c732a-1566-4070-a289-1db03b7edf5d"",""replica"":""f86045b6-3f78-4936-9514-5e0ec312fe70""}",2026-10-06T15:47:19.623136741Z
"2026-10-06 15:47:19,611 | INFO | 📄 PDFs done: ['estudiante', 'padres']",error,"{""level"":""error""}","{""project"":""266422dc-3751-4146-8a47-1dfd7aeb7284"",""environment"":""950bdac5-fb40-4f70-8ccf-1facce88154b"",""service"":""b741f367-8920-4dad-ba9f-21940f6bcfe7"",""deployment"":""8b9c732a-1566-4070-a289-1db03b7edf5d"",""replica"":""f86045b6-3f78-4936-9514-5e0ec312fe70""}",2026-10-06T15:47:19.623144483Z
"2026-10-06 15:47:19,611 | INFO | 📤 Upsert historic JSON: xiania29ro409gmail.com_740ae3f9-86c1-f111-aaaf-7ced8da89080-553170_input.json",error,"{""level"":""error""}","{""project"":""266422dc-3751-4146-8a47-1dfd7aeb7284"",""environment"":""950bdac5-fb40-4f70-8ccf-1facce88154b"",""service"":""b741f367-8920-4dad-ba9f-21940f6bcfe7"",""deployment"":""8b9c732a-1566-4070-a289-1db03b7edf5d"",""replica"":""f86045b6-3f78-4936-9514-5e0ec312fe70""}",2026-10-06T15:47:19.623150065Z
"2026-10-06 15:47:19,647 | INFO | file_cache is only supported with oauth2client<4.0.0",error,"{""level"":""error""}","{""project"":""266422dc-3751-4146-8a47-1dfd7aeb7284"",""environment"":""950bdac5-fb40-4f70-8ccf-1facce88154b"",""service"":""b741f367-8920-4dad-ba9f-21940f6bcfe7"",""deployment"":""8b9c732a-1566-4070-a289-1db03b7edf5d"",""replica"":""f86045b6-3f78-4936-9514-5e0ec312fe70""}",2026-10-06T15:47:19.653502215Z
"2026-10-06 15:47:21,376 | INFO | ✅ PDF received from Gotenberg: report_estudiante.pdf (1091754 bytes)",error,"{""level"":""error""}","{""project"":""266422dc-3751-4146-8a47-1dfd7aeb7284"",""environment"":""950bdac5-fb40-4f70-8ccf-1facce88154b"",""service"":""b741f367-8920-4dad-ba9f-21940f6bcfe7"",""deployment"":""8b9c732a-1566-4070-a289-1db03b7edf5d"",""replica"":""a04c56f1-c4bf-408d-950c-a77921c239f0""}",2026-10-06T15:47:21.762823614Z
"2026-10-06 15:47:21,377 | INFO | Generating PPTX from template_utp_padres.pptx",error,"{""level"":""error""}","{""project"":""266422dc-3751-4146-8a47-1dfd7aeb7284"",""environment"":""950bdac5-fb40-4f70-8ccf-1facce88154b"",""service"":""b741f367-8920-4dad-ba9f-21940f6bcfe7"",""deployment"":""8b9c732a-1566-4070-a289-1db03b7edf5d"",""replica"":""a04c56f1-c4bf-408d-950c-a77921c239f0""}",2026-10-06T15:47:21.762836368Z
"2026-10-06 15:47:21,493 | INFO | PPTX written → /app/tmp/jobs/utp-20ecebe4-89c1-f111-aaaf-002248df2f15-553165/report_padres.pptx",error,"{""level"":""error""}","{""project"":""266422dc-3751-4146-8a47-1dfd7aeb7284"",""environment"":""950bdac5-fb40-4f70-8ccf-1facce88154b"",""service"":""b741f367-8920-4dad-ba9f-21940f6bcfe7"",""deployment"":""8b9c732a-1566-4070-a289-1db03b7edf5d"",""replica"":""a04c56f1-c4bf-408d-950c-a77921c239f0""}",2026-10-06T15:47:21.762844016Z
"2026-10-06 15:47:21,493 | INFO | 🖨️  Sending to Gotenberg: report_padres.pptx",error,"{""level"":""error""}","{""project"":""266422dc-3751-4146-8a47-1dfd7aeb7284"",""environment"":""950bdac5-fb40-4f70-8ccf-1facce88154b"",""service"":""b741f367-8920-4dad-ba9f-21940f6bcfe7"",""deployment"":""8b9c732a-1566-4070-a289-1db03b7edf5d"",""replica"":""a04c56f1-c4bf-408d-950c-a77921c239f0""}",2026-10-06T15:47:21.762854053Z
"2026-10-06 15:47:20,972 | INFO | ✅ webhook: sg_message_id=0PT-rQzUT8Gy44sW4QALiA processed → delivered",error,"{""level"":""error""}","{""project"":""266422dc-3751-4146-8a47-1dfd7aeb7284"",""environment"":""950bdac5-fb40-4f70-8ccf-1facce88154b"",""service"":""d36dbcc3-cd55-4a7a-baa1-f1f93642c3cc"",""deployment"":""f80f4047-168d-4653-ac85-441f312f05e5"",""replica"":""b6cfba12-d1ab-4faf-819e-52626ba9340c""}",2026-10-06T15:47:22.262921025Z
"INFO:     100.64.0.6:26480 - ""POST /webhooks/sendgrid HTTP/1.1"" 200 OK",info,"{""level"":""info""}","{""project"":""266422dc-3751-4146-8a47-1dfd7aeb7284"",""environment"":""950bdac5-fb40-4f70-8ccf-1facce88154b"",""service"":""d36dbcc3-cd55-4a7a-baa1-f1f93642c3cc"",""deployment"":""f80f4047-168d-4653-ac85-441f312f05e5"",""replica"":""b6cfba12-d1ab-4faf-819e-52626ba9340c""}",2026-10-06T15:47:22.262929025Z
"2026-10-06 15:47:22,964 | INFO | ✨ No existing file found, creating fresh historic JSON",error,"{""level"":""error""}","{""project"":""266422dc-3751-4146-8a47-1dfd7aeb7284"",""environment"":""950bdac5-fb40-4f70-8ccf-1facce88154b"",""service"":""b741f367-8920-4dad-ba9f-21940f6bcfe7"",""deployment"":""8b9c732a-1566-4070-a289-1db03b7edf5d"",""replica"":""f86045b6-3f78-4936-9514-5e0ec312fe70""}",2026-10-06T15:47:22.989607796Z
request handled,info,"{""level"":""info"",""ts"":1791301634.9267488,""logger"":""api"",""log_type"":""access"",""correlation_id"":""fb688069-8c67-4d45-8f4c-f5c52eb1d398"",""remote_ip"":""fd12:3f10:bfc4:1:c000:ac:5610:283e"",""host"":""gotenberg.railway.internal:3000"",""uri"":""/forms/libreoffice/convert"",""method"":""POST"",""path"":""/forms/libreoffice/convert"",""referer"":"""",""user_agent"":""python-requests/2.34.2"",""status"":200,""latency"":4221227045,""latency_human"":""4.221227045s"",""bytes_in"":2198941,""bytes_out"":1088633,""trace_id"":""c943d91791a7b0f087dc4ddf1734f7a8"",""span_id"":""bc571e0897d836c5""}","{""project"":""266422dc-3751-4146-8a47-1dfd7aeb7284"",""environment"":""950bdac5-fb40-4f70-8ccf-1facce88154b"",""service"":""6e4b4a7a-c604-411d-9203-fea0668646c4"",""deployment"":""5f1d4817-489a-4c40-9f9e-20d6ff45a00b"",""replica"":""96c3c6b1-f6de-4338-9ad5-cd039df7f4f9""}",2026-10-06T15:47:23.923345409Z
request handled,info,"{""level"":""info"",""ts"":1791301639.6092064,""logger"":""api"",""log_type"":""access"",""correlation_id"":""6c26c4c9-dfc4-4a3b-9359-4283fc1e955b"",""remote_ip"":""fd12:3f10:bfc4:1:c000:ac:5610:283e"",""host"":""gotenberg.railway.internal:3000"",""uri"":""/forms/libreoffice/convert"",""method"":""POST"",""path"":""/forms/libreoffice/convert"",""referer"":"""",""user_agent"":""python-requests/2.34.2"",""status"":200,""latency"":4574741358,""latency_human"":""4.574741358s"",""bytes_in"":2468925,""bytes_out"":1355766,""trace_id"":""1b15bd6aa83e695cd30561f9aa23b4b5"",""span_id"":""93467be9bf8cf26d""}","{""project"":""266422dc-3751-4146-8a47-1dfd7aeb7284"",""environment"":""950bdac5-fb40-4f70-8ccf-1facce88154b"",""service"":""6e4b4a7a-c604-411d-9203-fea0668646c4"",""deployment"":""5f1d4817-489a-4c40-9f9e-20d6ff45a00b"",""replica"":""96c3c6b1-f6de-4338-9ad5-cd039df7f4f9""}",2026-10-06T15:47:23.923353332Z
"2026-10-06 15:47:23,028 | WARNING | No row found for sg_message_id=KyaKCHTPT1yn6xCzALmV1A (event=open)",error,"{""level"":""error""}","{""project"":""266422dc-3751-4146-8a47-1dfd7aeb7284"",""environment"":""950bdac5-fb40-4f70-8ccf-1facce88154b"",""service"":""d36dbcc3-cd55-4a7a-baa1-f1f93642c3cc"",""deployment"":""f80f4047-168d-4653-ac85-441f312f05e5"",""replica"":""b6cfba12-d1ab-4faf-819e-52626ba9340c""}",2026-10-06T15:47:24.591369022Z
"INFO:     100.64.0.11:18066 - ""POST /webhooks/sendgrid HTTP/1.1"" 200 OK",info,"{""level"":""info""}","{""project"":""266422dc-3751-4146-8a47-1dfd7aeb7284"",""environment"":""950bdac5-fb40-4f70-8ccf-1facce88154b"",""service"":""d36dbcc3-cd55-4a7a-baa1-f1f93642c3cc"",""deployment"":""f80f4047-168d-4653-ac85-441f312f05e5"",""replica"":""b6cfba12-d1ab-4faf-819e-52626ba9340c""}",2026-10-06T15:47:24.591576608Z
request handled,info,"{""level"":""info"",""ts"":1791301641.3765166,""logger"":""api"",""log_type"":""access"",""correlation_id"":""90d82fbd-100d-410a-94b9-107f97ce59ed"",""remote_ip"":""fd12:3f10:bfc4:1:9000:5:ae5a:6f89"",""host"":""gotenberg.railway.internal:3000"",""uri"":""/forms/libreoffice/convert"",""method"":""POST"",""path"":""/forms/libreoffice/convert"",""referer"":"""",""user_agent"":""python-requests/2.34.2"",""status"":200,""latency"":6274719495,""latency_human"":""6.274719495s"",""bytes_in"":2197909,""bytes_out"":1091754,""trace_id"":""b0197595564f0fa6f759beff3f1bf0a8"",""span_id"":""48a74e5708c35d2d""}","{""project"":""266422dc-3751-4146-8a47-1dfd7aeb7284"",""environment"":""950bdac5-fb40-4f70-8ccf-1facce88154b"",""service"":""6e4b4a7a-c604-411d-9203-fea0668646c4"",""deployment"":""5f1d4817-489a-4c40-9f9e-20d6ff45a00b"",""replica"":""d93729db-8300-42ce-b846-1924ce1b508d""}",2026-10-06T15:47:26.266572816Z
"2026-10-06 15:47:25,591 | INFO | ✅ webhook: sg_message_id=gIPmO34fSXq_fmwjSP_ijQ Enviado → delivered",error,"{""level"":""error""}","{""project"":""266422dc-3751-4146-8a47-1dfd7aeb7284"",""environment"":""950bdac5-fb40-4f70-8ccf-1facce88154b"",""service"":""d36dbcc3-cd55-4a7a-baa1-f1f93642c3cc"",""deployment"":""f80f4047-168d-4653-ac85-441f312f05e5"",""replica"":""b6cfba12-d1ab-4faf-819e-52626ba9340c""}",2026-10-06T15:47:26.553411189Z
"2026-10-06 15:47:26,647 | INFO | ✅ Historic JSON upserted → https://drive.google.com/file/d/1hQloKm1Ibj90ONbQcDPKQfP0W5vrMDcK/view?usp=drivesdk",error,"{""level"":""error""}","{""project"":""266422dc-3751-4146-8a47-1dfd7aeb7284"",""environment"":""950bdac5-fb40-4f70-8ccf-1facce88154b"",""service"":""b741f367-8920-4dad-ba9f-21940f6bcfe7"",""deployment"":""8b9c732a-1566-4070-a289-1db03b7edf5d"",""replica"":""f86045b6-3f78-4936-9514-5e0ec312fe70""}",2026-10-06T15:47:26.656267633Z
"2026-10-06 15:47:26,647 | ERROR | the user email is 740ae3f9-86c1-f111-aaaf-7ced8da89080",error,"{""level"":""error""}","{""project"":""266422dc-3751-4146-8a47-1dfd7aeb7284"",""environment"":""950bdac5-fb40-4f70-8ccf-1facce88154b"",""service"":""b741f367-8920-4dad-ba9f-21940f6bcfe7"",""deployment"":""8b9c732a-1566-4070-a289-1db03b7edf5d"",""replica"":""f86045b6-3f78-4936-9514-5e0ec312fe70""}",2026-10-06T15:47:26.656281532Z
NoneType: None,error,"{""level"":""error""}","{""project"":""266422dc-3751-4146-8a47-1dfd7aeb7284"",""environment"":""950bdac5-fb40-4f70-8ccf-1facce88154b"",""service"":""b741f367-8920-4dad-ba9f-21940f6bcfe7"",""deployment"":""8b9c732a-1566-4070-a289-1db03b7edf5d"",""replica"":""f86045b6-3f78-4936-9514-5e0ec312fe70""}",2026-10-06T15:47:26.656287995Z
"2026-10-06 15:47:26,648 | INFO | 📤 SFTP upload: xian_ruth_lazaro_avalos_estudiante_740ae3f9-86c1-f111-aaaf-7ced8da89080-553170.pdf → /home/u5-ekeoaos2hhsd/www/geroeducacion.com/public_html/pdf_storage/xian_ruth_lazaro_avalos_estudiante_740ae3f9-86c1-f111-aaaf-7ced8da89080-553170.pdf",error,"{""level"":""error""}","{""project"":""266422dc-3751-4146-8a47-1dfd7aeb7284"",""environment"":""950bdac5-fb40-4f70-8ccf-1facce88154b"",""service"":""b741f367-8920-4dad-ba9f-21940f6bcfe7"",""deployment"":""8b9c732a-1566-4070-a289-1db03b7edf5d"",""replica"":""f86045b6-3f78-4936-9514-5e0ec312fe70""}",2026-10-06T15:47:26.656293715Z
"2026-10-06 15:47:26,649 | INFO | 📤 SFTP upload: xian_ruth_lazaro_avalos_padres_740ae3f9-86c1-f111-aaaf-7ced8da89080-553170.pdf → /home/u5-ekeoaos2hhsd/www/geroeducacion.com/public_html/pdf_storage/xian_ruth_lazaro_avalos_padres_740ae3f9-86c1-f111-aaaf-7ced8da89080-553170.pdf",error,"{""level"":""error""}","{""project"":""266422dc-3751-4146-8a47-1dfd7aeb7284"",""environment"":""950bdac5-fb40-4f70-8ccf-1facce88154b"",""service"":""b741f367-8920-4dad-ba9f-21940f6bcfe7"",""deployment"":""8b9c732a-1566-4070-a289-1db03b7edf5d"",""replica"":""f86045b6-3f78-4936-9514-5e0ec312fe70""}",2026-10-06T15:47:26.656299298Z
"2026-10-06 15:47:27,045 | INFO | Connected (version 2.0, client OpenSSH)",error,"{""level"":""error""}","{""project"":""266422dc-3751-4146-8a47-1dfd7aeb7284"",""environment"":""950bdac5-fb40-4f70-8ccf-1facce88154b"",""service"":""b741f367-8920-4dad-ba9f-21940f6bcfe7"",""deployment"":""8b9c732a-1566-4070-a289-1db03b7edf5d"",""replica"":""f86045b6-3f78-4936-9514-5e0ec312fe70""}",2026-10-06T15:47:27.111184463Z
"2026-10-06 15:47:27,047 | INFO | Connected (version 2.0, client OpenSSH)",error,"{""level"":""error""}","{""project"":""266422dc-3751-4146-8a47-1dfd7aeb7284"",""environment"":""950bdac5-fb40-4f70-8ccf-1facce88154b"",""service"":""b741f367-8920-4dad-ba9f-21940f6bcfe7"",""deployment"":""8b9c732a-1566-4070-a289-1db03b7edf5d"",""replica"":""f86045b6-3f78-4936-9514-5e0ec312fe70""}",2026-10-06T15:47:27.111191296Z
"2026-10-06 15:47:28,106 | INFO | Authentication (publickey) successful!",error,"{""level"":""error""}","{""project"":""266422dc-3751-4146-8a47-1dfd7aeb7284"",""environment"":""950bdac5-fb40-4f70-8ccf-1facce88154b"",""service"":""b741f367-8920-4dad-ba9f-21940f6bcfe7"",""deployment"":""8b9c732a-1566-4070-a289-1db03b7edf5d"",""replica"":""f86045b6-3f78-4936-9514-5e0ec312fe70""}",2026-10-06T15:47:28.118077261Z
"2026-10-06 15:47:28,112 | INFO | Authentication (publickey) successful!",error,"{""level"":""error""}","{""project"":""266422dc-3751-4146-8a47-1dfd7aeb7284"",""environment"":""950bdac5-fb40-4f70-8ccf-1facce88154b"",""service"":""b741f367-8920-4dad-ba9f-21940f6bcfe7"",""deployment"":""8b9c732a-1566-4070-a289-1db03b7edf5d"",""replica"":""f86045b6-3f78-4936-9514-5e0ec312fe70""}",2026-10-06T15:47:28.118086041Z
request handled,info,"{""level"":""info"",""ts"":1791301648.1232955,""logger"":""api"",""log_type"":""access"",""correlation_id"":""46268caa-b473-4df7-983b-e22dc69a3c26"",""remote_ip"":""fd12:3f10:bfc4:1:9000:5:ae5a:6f89"",""host"":""gotenberg.railway.internal:3000"",""uri"":""/forms/libreoffice/convert"",""method"":""POST"",""path"":""/forms/libreoffice/convert"",""referer"":"""",""user_agent"":""python-requests/2.34.2"",""status"":200,""latency"":6614999850,""latency_human"":""6.61499985s"",""bytes_in"":2467967,""bytes_out"":1358701,""trace_id"":""01f7c6df849dcba015ba4d525ac2eb51"",""span_id"":""fc51565352c4ec86""}","{""project"":""266422dc-3751-4146-8a47-1dfd7aeb7284"",""environment"":""950bdac5-fb40-4f70-8ccf-1facce88154b"",""service"":""6e4b4a7a-c604-411d-9203-fea0668646c4"",""deployment"":""5f1d4817-489a-4c40-9f9e-20d6ff45a00b"",""replica"":""d93729db-8300-42ce-b846-1924ce1b508d""}",2026-10-06T15:47:28.534107965Z
"2026-10-06 15:47:28,686 | INFO | [chan 0] Opened sftp connection (server version 3)",error,"{""level"":""error""}","{""project"":""266422dc-3751-4146-8a47-1dfd7aeb7284"",""environment"":""950bdac5-fb40-4f70-8ccf-1facce88154b"",""service"":""b741f367-8920-4dad-ba9f-21940f6bcfe7"",""deployment"":""8b9c732a-1566-4070-a289-1db03b7edf5d"",""replica"":""f86045b6-3f78-4936-9514-5e0ec312fe70""}",2026-10-06T15:47:28.693314043Z
"2026-10-06 15:47:28,689 | INFO | [chan 0] Opened sftp connection (server version 3)",error,"{""level"":""error""}","{""project"":""266422dc-3751-4146-8a47-1dfd7aeb7284"",""environment"":""950bdac5-fb40-4f70-8ccf-1facce88154b"",""service"":""b741f367-8920-4dad-ba9f-21940f6bcfe7"",""deployment"":""8b9c732a-1566-4070-a289-1db03b7edf5d"",""replica"":""f86045b6-3f78-4936-9514-5e0ec312fe70""}",2026-10-06T15:47:28.700472055Z
"INFO:     100.64.0.3:40656 - ""POST /webhooks/sendgrid HTTP/1.1"" 200 OK",info,"{""level"":""info""}","{""project"":""266422dc-3751-4146-8a47-1dfd7aeb7284"",""environment"":""950bdac5-fb40-4f70-8ccf-1facce88154b"",""service"":""d36dbcc3-cd55-4a7a-baa1-f1f93642c3cc"",""deployment"":""f80f4047-168d-4653-ac85-441f312f05e5"",""replica"":""b6cfba12-d1ab-4faf-819e-52626ba9340c""}",2026-10-06T15:47:28.761490736Z
"2026-10-06 15:47:28,127 | INFO | ✅ PDF received from Gotenberg: report_padres.pdf (1358701 bytes)",error,"{""level"":""error""}","{""project"":""266422dc-3751-4146-8a47-1dfd7aeb7284"",""environment"":""950bdac5-fb40-4f70-8ccf-1facce88154b"",""service"":""b741f367-8920-4dad-ba9f-21940f6bcfe7"",""deployment"":""8b9c732a-1566-4070-a289-1db03b7edf5d"",""replica"":""a04c56f1-c4bf-408d-950c-a77921c239f0""}",2026-10-06T15:47:28.909927523Z
"2026-10-06 15:47:28,127 | INFO | 📄 PDFs done: ['estudiante', 'padres']",error,"{""level"":""error""}","{""project"":""266422dc-3751-4146-8a47-1dfd7aeb7284"",""environment"":""950bdac5-fb40-4f70-8ccf-1facce88154b"",""service"":""b741f367-8920-4dad-ba9f-21940f6bcfe7"",""deployment"":""8b9c732a-1566-4070-a289-1db03b7edf5d"",""replica"":""a04c56f1-c4bf-408d-950c-a77921c239f0""}",2026-10-06T15:47:28.909934346Z
"2026-10-06 15:47:28,128 | INFO | 📤 Upsert historic JSON: yerikaadrianestradaacondorigmail.com_20ecebe4-89c1-f111-aaaf-002248df2f15-553165_input.json",error,"{""level"":""error""}","{""project"":""266422dc-3751-4146-8a47-1dfd7aeb7284"",""environment"":""950bdac5-fb40-4f70-8ccf-1facce88154b"",""service"":""b741f367-8920-4dad-ba9f-21940f6bcfe7"",""deployment"":""8b9c732a-1566-4070-a289-1db03b7edf5d"",""replica"":""a04c56f1-c4bf-408d-950c-a77921c239f0""}",2026-10-06T15:47:28.909941238Z
"2026-10-06 15:47:28,187 | INFO | file_cache is only supported with oauth2client<4.0.0",error,"{""level"":""error""}","{""project"":""266422dc-3751-4146-8a47-1dfd7aeb7284"",""environment"":""950bdac5-fb40-4f70-8ccf-1facce88154b"",""service"":""b741f367-8920-4dad-ba9f-21940f6bcfe7"",""deployment"":""8b9c732a-1566-4070-a289-1db03b7edf5d"",""replica"":""a04c56f1-c4bf-408d-950c-a77921c239f0""}",2026-10-06T15:47:28.909948756Z
"2026-10-06 15:47:28,757 | INFO | ✨ No existing file found, creating fresh historic JSON",error,"{""level"":""error""}","{""project"":""266422dc-3751-4146-8a47-1dfd7aeb7284"",""environment"":""950bdac5-fb40-4f70-8ccf-1facce88154b"",""service"":""b741f367-8920-4dad-ba9f-21940f6bcfe7"",""deployment"":""8b9c732a-1566-4070-a289-1db03b7edf5d"",""replica"":""a04c56f1-c4bf-408d-950c-a77921c239f0""}",2026-10-06T15:47:28.909955050Z
"2026-10-06 15:47:30,263 | INFO | ✅ webhook: sg_message_id=YPI2BnxMToqwOiAB8m_eWQ Enviado → processed",error,"{""level"":""error""}","{""project"":""266422dc-3751-4146-8a47-1dfd7aeb7284"",""environment"":""950bdac5-fb40-4f70-8ccf-1facce88154b"",""service"":""d36dbcc3-cd55-4a7a-baa1-f1f93642c3cc"",""deployment"":""f80f4047-168d-4653-ac85-441f312f05e5"",""replica"":""b6cfba12-d1ab-4faf-819e-52626ba9340c""}",2026-10-06T15:47:30.669392778Z
"INFO:     100.64.0.5:45680 - ""POST /webhooks/sendgrid HTTP/1.1"" 200 OK",info,"{""level"":""info""}","{""project"":""266422dc-3751-4146-8a47-1dfd7aeb7284"",""environment"":""950bdac5-fb40-4f70-8ccf-1facce88154b"",""service"":""d36dbcc3-cd55-4a7a-baa1-f1f93642c3cc"",""deployment"":""f80f4047-168d-4653-ac85-441f312f05e5"",""replica"":""b6cfba12-d1ab-4faf-819e-52626ba9340c""}",2026-10-06T15:47:30.669400320Z
"2026-10-06 15:47:30,637 | INFO | [chan 0] sftp session closed.",error,"{""level"":""error""}","{""project"":""266422dc-3751-4146-8a47-1dfd7aeb7284"",""environment"":""950bdac5-fb40-4f70-8ccf-1facce88154b"",""service"":""b741f367-8920-4dad-ba9f-21940f6bcfe7"",""deployment"":""8b9c732a-1566-4070-a289-1db03b7edf5d"",""replica"":""f86045b6-3f78-4936-9514-5e0ec312fe70""}",2026-10-06T15:47:30.777910791Z
"2026-10-06 15:47:30,638 | INFO | ✅ SiteGround file live at: https://geroeducacion.com/pdf_storage/xian_ruth_lazaro_avalos_estudiante_740ae3f9-86c1-f111-aaaf-7ced8da89080-553170.pdf",error,"{""level"":""error""}","{""project"":""266422dc-3751-4146-8a47-1dfd7aeb7284"",""environment"":""950bdac5-fb40-4f70-8ccf-1facce88154b"",""service"":""b741f367-8920-4dad-ba9f-21940f6bcfe7"",""deployment"":""8b9c732a-1566-4070-a289-1db03b7edf5d"",""replica"":""f86045b6-3f78-4936-9514-5e0ec312fe70""}",2026-10-06T15:47:30.777925736Z
"2026-10-06 15:47:30,845 | INFO | [chan 0] sftp session closed.",error,"{""level"":""error""}","{""project"":""266422dc-3751-4146-8a47-1dfd7aeb7284"",""environment"":""950bdac5-fb40-4f70-8ccf-1facce88154b"",""service"":""b741f367-8920-4dad-ba9f-21940f6bcfe7"",""deployment"":""8b9c732a-1566-4070-a289-1db03b7edf5d"",""replica"":""f86045b6-3f78-4936-9514-5e0ec312fe70""}",2026-10-06T15:47:30.862339361Z
"2026-10-06 15:47:30,845 | INFO | ✅ SiteGround file live at: https://geroeducacion.com/pdf_storage/xian_ruth_lazaro_avalos_padres_740ae3f9-86c1-f111-aaaf-7ced8da89080-553170.pdf",error,"{""level"":""error""}","{""project"":""266422dc-3751-4146-8a47-1dfd7aeb7284"",""environment"":""950bdac5-fb40-4f70-8ccf-1facce88154b"",""service"":""b741f367-8920-4dad-ba9f-21940f6bcfe7"",""deployment"":""8b9c732a-1566-4070-a289-1db03b7edf5d"",""replica"":""f86045b6-3f78-4936-9514-5e0ec312fe70""}",2026-10-06T15:47:30.862349501Z
"2026-10-06 15:47:30,845 | INFO | 📨 Posting UTP payload | endpoint=https://crm02.utp.edu.pe/VisualizateV2/api/v1/student-results | leadId=740ae3f9-86c1-f111-aaaf-7ced8da89080 | career1=INGENIERÍA CIVIL | career2= | resultsLink=https://geroeducacion.com/pdf_storage/xian_ruth_lazaro_avalos_estudiante_740ae3f9-86c1-f111-aaaf-7ced8da89080-553170.pdf | resultsLinkParent=https://geroeducacion.com/pdf_storage/xian_ruth_lazaro_avalos_padres_740ae3f9-86c1-f111-aaaf-7ced8da89080-553170.pdf",error,"{""level"":""error""}","{""project"":""266422dc-3751-4146-8a47-1dfd7aeb7284"",""environment"":""950bdac5-fb40-4f70-8ccf-1facce88154b"",""service"":""b741f367-8920-4dad-ba9f-21940f6bcfe7"",""deployment"":""8b9c732a-1566-4070-a289-1db03b7edf5d"",""replica"":""f86045b6-3f78-4936-9514-5e0ec312fe70""}",2026-10-06T15:47:30.862353574Z
"2026-10-06 15:47:31,581 | INFO | ✅ Historic JSON upserted → https://drive.google.com/file/d/1Teib50kHsCwuRi2yUIxRSOJgi02iX7_d/view?usp=drivesdk",error,"{""level"":""error""}","{""project"":""266422dc-3751-4146-8a47-1dfd7aeb7284"",""environment"":""950bdac5-fb40-4f70-8ccf-1facce88154b"",""service"":""b741f367-8920-4dad-ba9f-21940f6bcfe7"",""deployment"":""8b9c732a-1566-4070-a289-1db03b7edf5d"",""replica"":""a04c56f1-c4bf-408d-950c-a77921c239f0""}",2026-10-06T15:47:31.930833595Z
"2026-10-06 15:47:31,581 | ERROR | the user email is 20ecebe4-89c1-f111-aaaf-002248df2f15",error,"{""level"":""error""}","{""project"":""266422dc-3751-4146-8a47-1dfd7aeb7284"",""environment"":""950bdac5-fb40-4f70-8ccf-1facce88154b"",""service"":""b741f367-8920-4dad-ba9f-21940f6bcfe7"",""deployment"":""8b9c732a-1566-4070-a289-1db03b7edf5d"",""replica"":""a04c56f1-c4bf-408d-950c-a77921c239f0""}",2026-10-06T15:47:31.930838667Z
NoneType: None,error,"{""level"":""error""}","{""project"":""266422dc-3751-4146-8a47-1dfd7aeb7284"",""environment"":""950bdac5-fb40-4f70-8ccf-1facce88154b"",""service"":""b741f367-8920-4dad-ba9f-21940f6bcfe7"",""deployment"":""8b9c732a-1566-4070-a289-1db03b7edf5d"",""replica"":""a04c56f1-c4bf-408d-950c-a77921c239f0""}",2026-10-06T15:47:31.930843138Z
"2026-10-06 15:47:31,582 | INFO | 📤 SFTP upload: kenny_smith_alcantara_lopez_estudiante_20ecebe4-89c1-f111-aaaf-002248df2f15-553165.pdf → /home/u5-ekeoaos2hhsd/www/geroeducacion.com/public_html/pdf_storage/kenny_smith_alcantara_lopez_estudiante_20ecebe4-89c1-f111-aaaf-002248df2f15-553165.pdf",error,"{""level"":""error""}","{""project"":""266422dc-3751-4146-8a47-1dfd7aeb7284"",""environment"":""950bdac5-fb40-4f70-8ccf-1facce88154b"",""service"":""b741f367-8920-4dad-ba9f-21940f6bcfe7"",""deployment"":""8b9c732a-1566-4070-a289-1db03b7edf5d"",""replica"":""a04c56f1-c4bf-408d-950c-a77921c239f0""}",2026-10-06T15:47:31.930847140Z
"2026-10-06 15:47:31,583 | INFO | 📤 SFTP upload: kenny_smith_alcantara_lopez_padres_20ecebe4-89c1-f111-aaaf-002248df2f15-553165.pdf → /home/u5-ekeoaos2hhsd/www/geroeducacion.com/public_html/pdf_storage/kenny_smith_alcantara_lopez_padres_20ecebe4-89c1-f111-aaaf-002248df2f15-553165.pdf",error,"{""level"":""error""}","{""project"":""266422dc-3751-4146-8a47-1dfd7aeb7284"",""environment"":""950bdac5-fb40-4f70-8ccf-1facce88154b"",""service"":""b741f367-8920-4dad-ba9f-21940f6bcfe7"",""deployment"":""8b9c732a-1566-4070-a289-1db03b7edf5d"",""replica"":""a04c56f1-c4bf-408d-950c-a77921c239f0""}",2026-10-06T15:47:31.930851012Z
"2026-10-06 15:47:31,978 | INFO | Connected (version 2.0, client OpenSSH)",error,"{""level"":""error""}","{""project"":""266422dc-3751-4146-8a47-1dfd7aeb7284"",""environment"":""950bdac5-fb40-4f70-8ccf-1facce88154b"",""service"":""b741f367-8920-4dad-ba9f-21940f6bcfe7"",""deployment"":""8b9c732a-1566-4070-a289-1db03b7edf5d"",""replica"":""a04c56f1-c4bf-408d-950c-a77921c239f0""}",2026-10-06T15:47:31.988702985Z
"2026-10-06 15:47:31,991 | INFO | Connected (version 2.0, client OpenSSH)",error,"{""level"":""error""}","{""project"":""266422dc-3751-4146-8a47-1dfd7aeb7284"",""environment"":""950bdac5-fb40-4f70-8ccf-1facce88154b"",""service"":""b741f367-8920-4dad-ba9f-21940f6bcfe7"",""deployment"":""8b9c732a-1566-4070-a289-1db03b7edf5d"",""replica"":""a04c56f1-c4bf-408d-950c-a77921c239f0""}",2026-10-06T15:47:32.000372557Z
"2026-10-06 15:47:32,480 | INFO | ✅ UTP endpoint response: {'success': True, 'validationId': '44a94cde-f2bc-4fc2-bee8-3cbb1db59c4e', 'message': 'Result received successfully.'}",error,"{""level"":""error""}","{""project"":""266422dc-3751-4146-8a47-1dfd7aeb7284"",""environment"":""950bdac5-fb40-4f70-8ccf-1facce88154b"",""service"":""b741f367-8920-4dad-ba9f-21940f6bcfe7"",""deployment"":""8b9c732a-1566-4070-a289-1db03b7edf5d"",""replica"":""f86045b6-3f78-4936-9514-5e0ec312fe70""}",2026-10-06T15:47:32.511611952Z
"2026-10-06 15:47:32,480 | INFO | 🔖 validationId received: 44a94cde-f2bc-4fc2-bee8-3cbb1db59c4e",error,"{""level"":""error""}","{""project"":""266422dc-3751-4146-8a47-1dfd7aeb7284"",""environment"":""950bdac5-fb40-4f70-8ccf-1facce88154b"",""service"":""b741f367-8920-4dad-ba9f-21940f6bcfe7"",""deployment"":""8b9c732a-1566-4070-a289-1db03b7edf5d"",""replica"":""f86045b6-3f78-4936-9514-5e0ec312fe70""}",2026-10-06T15:47:32.511619876Z
"2026-10-06 15:47:32,354 | WARNING | No row found for sg_message_id=AwYOBPbAQhKLiJGg3ZEAbQ (event=click)",error,"{""level"":""error""}","{""project"":""266422dc-3751-4146-8a47-1dfd7aeb7284"",""environment"":""950bdac5-fb40-4f70-8ccf-1facce88154b"",""service"":""d36dbcc3-cd55-4a7a-baa1-f1f93642c3cc"",""deployment"":""f80f4047-168d-4653-ac85-441f312f05e5"",""replica"":""b6cfba12-d1ab-4faf-819e-52626ba9340c""}",2026-10-06T15:47:32.900209863Z
"2026-10-06 15:47:33,033 | INFO | Authentication (publickey) successful!",error,"{""level"":""error""}","{""project"":""266422dc-3751-4146-8a47-1dfd7aeb7284"",""environment"":""950bdac5-fb40-4f70-8ccf-1facce88154b"",""service"":""b741f367-8920-4dad-ba9f-21940f6bcfe7"",""deployment"":""8b9c732a-1566-4070-a289-1db03b7edf5d"",""replica"":""a04c56f1-c4bf-408d-950c-a77921c239f0""}",2026-10-06T15:47:33.108247863Z
"2026-10-06 15:47:33,075 | INFO | Authentication (publickey) successful!",error,"{""level"":""error""}","{""project"":""266422dc-3751-4146-8a47-1dfd7aeb7284"",""environment"":""950bdac5-fb40-4f70-8ccf-1facce88154b"",""service"":""b741f367-8920-4dad-ba9f-21940f6bcfe7"",""deployment"":""8b9c732a-1566-4070-a289-1db03b7edf5d"",""replica"":""a04c56f1-c4bf-408d-950c-a77921c239f0""}",2026-10-06T15:47:33.108259817Z
"2026-10-06 15:47:33,607 | INFO | [chan 0] Opened sftp connection (server version 3)",error,"{""level"":""error""}","{""project"":""266422dc-3751-4146-8a47-1dfd7aeb7284"",""environment"":""950bdac5-fb40-4f70-8ccf-1facce88154b"",""service"":""b741f367-8920-4dad-ba9f-21940f6bcfe7"",""deployment"":""8b9c732a-1566-4070-a289-1db03b7edf5d"",""replica"":""a04c56f1-c4bf-408d-950c-a77921c239f0""}",2026-10-06T15:47:34.025019736Z
"2026-10-06 15:47:33,670 | INFO | [chan 0] Opened sftp connection (server version 3)",error,"{""level"":""error""}","{""project"":""266422dc-3751-4146-8a47-1dfd7aeb7284"",""environment"":""950bdac5-fb40-4f70-8ccf-1facce88154b"",""service"":""b741f367-8920-4dad-ba9f-21940f6bcfe7"",""deployment"":""8b9c732a-1566-4070-a289-1db03b7edf5d"",""replica"":""a04c56f1-c4bf-408d-950c-a77921c239f0""}",2026-10-06T15:47:34.025032208Z
"2026-10-06 15:47:34,582 | INFO | ✅ validationId=44a94cde-f2bc-4fc2-bee8-3cbb1db59c4e written to byw_tracking_algoritmo_AC for 740ae3f9-86c1-f111-aaaf-7ced8da89080",error,"{""level"":""error""}","{""project"":""266422dc-3751-4146-8a47-1dfd7aeb7284"",""environment"":""950bdac5-fb40-4f70-8ccf-1facce88154b"",""service"":""b741f367-8920-4dad-ba9f-21940f6bcfe7"",""deployment"":""8b9c732a-1566-4070-a289-1db03b7edf5d"",""replica"":""f86045b6-3f78-4936-9514-5e0ec312fe70""}",2026-10-06T15:47:34.851914202Z
"2026-10-06 15:47:34,449 | WARNING | No row found for sg_message_id=sPRlqu-iSdS6b-_gBK_NvA (event=open)",error,"{""level"":""error""}","{""project"":""266422dc-3751-4146-8a47-1dfd7aeb7284"",""environment"":""950bdac5-fb40-4f70-8ccf-1facce88154b"",""service"":""d36dbcc3-cd55-4a7a-baa1-f1f93642c3cc"",""deployment"":""f80f4047-168d-4653-ac85-441f312f05e5"",""replica"":""b6cfba12-d1ab-4faf-819e-52626ba9340c""}",2026-10-06T15:47:35.881016153Z
"INFO:     100.64.0.6:26494 - ""POST /webhooks/sendgrid HTTP/1.1"" 200 OK",info,"{""level"":""info""}","{""project"":""266422dc-3751-4146-8a47-1dfd7aeb7284"",""environment"":""950bdac5-fb40-4f70-8ccf-1facce88154b"",""service"":""d36dbcc3-cd55-4a7a-baa1-f1f93642c3cc"",""deployment"":""f80f4047-168d-4653-ac85-441f312f05e5"",""replica"":""b6cfba12-d1ab-4faf-819e-52626ba9340c""}",2026-10-06T15:47:35.881282958Z
"2026-10-06 15:47:35,543 | INFO | [chan 0] sftp session closed.",error,"{""level"":""error""}","{""project"":""266422dc-3751-4146-8a47-1dfd7aeb7284"",""environment"":""950bdac5-fb40-4f70-8ccf-1facce88154b"",""service"":""b741f367-8920-4dad-ba9f-21940f6bcfe7"",""deployment"":""8b9c732a-1566-4070-a289-1db03b7edf5d"",""replica"":""a04c56f1-c4bf-408d-950c-a77921c239f0""}",2026-10-06T15:47:36.008492022Z
"2026-10-06 15:47:35,543 | INFO | ✅ SiteGround file live at: https://geroeducacion.com/pdf_storage/kenny_smith_alcantara_lopez_estudiante_20ecebe4-89c1-f111-aaaf-002248df2f15-553165.pdf",error,"{""level"":""error""}","{""project"":""266422dc-3751-4146-8a47-1dfd7aeb7284"",""environment"":""950bdac5-fb40-4f70-8ccf-1facce88154b"",""service"":""b741f367-8920-4dad-ba9f-21940f6bcfe7"",""deployment"":""8b9c732a-1566-4070-a289-1db03b7edf5d"",""replica"":""a04c56f1-c4bf-408d-950c-a77921c239f0""}",2026-10-06T15:47:36.008499559Z
"2026-10-06 15:47:35,688 | INFO | [chan 0] sftp session closed.",error,"{""level"":""error""}","{""project"":""266422dc-3751-4146-8a47-1dfd7aeb7284"",""environment"":""950bdac5-fb40-4f70-8ccf-1facce88154b"",""service"":""b741f367-8920-4dad-ba9f-21940f6bcfe7"",""deployment"":""8b9c732a-1566-4070-a289-1db03b7edf5d"",""replica"":""a04c56f1-c4bf-408d-950c-a77921c239f0""}",2026-10-06T15:47:36.008507303Z
"2026-10-06 15:47:35,688 | INFO | ✅ SiteGround file live at: https://geroeducacion.com/pdf_storage/kenny_smith_alcantara_lopez_padres_20ecebe4-89c1-f111-aaaf-002248df2f15-553165.pdf",error,"{""level"":""error""}","{""project"":""266422dc-3751-4146-8a47-1dfd7aeb7284"",""environment"":""950bdac5-fb40-4f70-8ccf-1facce88154b"",""service"":""b741f367-8920-4dad-ba9f-21940f6bcfe7"",""deployment"":""8b9c732a-1566-4070-a289-1db03b7edf5d"",""replica"":""a04c56f1-c4bf-408d-950c-a77921c239f0""}",2026-10-06T15:47:36.008515575Z
"2026-10-06 15:47:35,689 | INFO | 📨 Posting UTP payload | endpoint=https://crm02.utp.edu.pe/VisualizateV2/api/v1/student-results | leadId=20ecebe4-89c1-f111-aaaf-002248df2f15 | career1=DERECHO | career2= | resultsLink=https://geroeducacion.com/pdf_storage/kenny_smith_alcantara_lopez_estudiante_20ecebe4-89c1-f111-aaaf-002248df2f15-553165.pdf | resultsLinkParent=https://geroeducacion.com/pdf_storage/kenny_smith_alcantara_lopez_padres_20ecebe4-89c1-f111-aaaf-002248df2f15-553165.pdf",error,"{""level"":""error""}","{""project"":""266422dc-3751-4146-8a47-1dfd7aeb7284"",""environment"":""950bdac5-fb40-4f70-8ccf-1facce88154b"",""service"":""b741f367-8920-4dad-ba9f-21940f6bcfe7"",""deployment"":""8b9c732a-1566-4070-a289-1db03b7edf5d"",""replica"":""a04c56f1-c4bf-408d-950c-a77921c239f0""}",2026-10-06T15:47:36.008524547Z
"2026-10-06 15:47:37,357 | INFO | ✅ Links written to byw_tracking_algoritmo_AC for 740ae3f9-86c1-f111-aaaf-7ced8da89080",error,"{""level"":""error""}","{""project"":""266422dc-3751-4146-8a47-1dfd7aeb7284"",""environment"":""950bdac5-fb40-4f70-8ccf-1facce88154b"",""service"":""b741f367-8920-4dad-ba9f-21940f6bcfe7"",""deployment"":""8b9c732a-1566-4070-a289-1db03b7edf5d"",""replica"":""f86045b6-3f78-4936-9514-5e0ec312fe70""}",2026-10-06T15:47:37.359968245Z
"2026-10-06 15:47:37,380 | INFO | ✅ UTP endpoint response: {'success': True, 'validationId': '36d49095-cac3-4c37-a417-c8059d01119b', 'message': 'Result received successfully.'}",error,"{""level"":""error""}","{""project"":""266422dc-3751-4146-8a47-1dfd7aeb7284"",""environment"":""950bdac5-fb40-4f70-8ccf-1facce88154b"",""service"":""b741f367-8920-4dad-ba9f-21940f6bcfe7"",""deployment"":""8b9c732a-1566-4070-a289-1db03b7edf5d"",""replica"":""a04c56f1-c4bf-408d-950c-a77921c239f0""}",2026-10-06T15:47:37.825735268Z
"2026-10-06 15:47:37,380 | INFO | 🔖 validationId received: 36d49095-cac3-4c37-a417-c8059d01119b",error,"{""level"":""error""}","{""project"":""266422dc-3751-4146-8a47-1dfd7aeb7284"",""environment"":""950bdac5-fb40-4f70-8ccf-1facce88154b"",""service"":""b741f367-8920-4dad-ba9f-21940f6bcfe7"",""deployment"":""8b9c732a-1566-4070-a289-1db03b7edf5d"",""replica"":""a04c56f1-c4bf-408d-950c-a77921c239f0""}",2026-10-06T15:47:37.825746613Z
"2026-10-06 15:47:36,441 | WARNING | No row found for sg_message_id=c4VNAJEoSe6ZoepNJoqF8Q (event=click)",error,"{""level"":""error""}","{""project"":""266422dc-3751-4146-8a47-1dfd7aeb7284"",""environment"":""950bdac5-fb40-4f70-8ccf-1facce88154b"",""service"":""d36dbcc3-cd55-4a7a-baa1-f1f93642c3cc"",""deployment"":""f80f4047-168d-4653-ac85-441f312f05e5"",""replica"":""b6cfba12-d1ab-4faf-819e-52626ba9340c""}",2026-10-06T15:47:38.009953439Z
"INFO:     100.64.0.6:26510 - ""POST /webhooks/sendgrid HTTP/1.1"" 200 OK",info,"{""level"":""info""}","{""project"":""266422dc-3751-4146-8a47-1dfd7aeb7284"",""environment"":""950bdac5-fb40-4f70-8ccf-1facce88154b"",""service"":""d36dbcc3-cd55-4a7a-baa1-f1f93642c3cc"",""deployment"":""f80f4047-168d-4653-ac85-441f312f05e5"",""replica"":""b6cfba12-d1ab-4faf-819e-52626ba9340c""}",2026-10-06T15:47:38.009961404Z
"2026-10-06 15:47:39,347 | INFO | 📧 Sending UTP student email to xiania29ro409@gmail.com for cedula=740ae3f9-86c1-f111-aaaf-7ced8da89080",error,"{""level"":""error""}","{""project"":""266422dc-3751-4146-8a47-1dfd7aeb7284"",""environment"":""950bdac5-fb40-4f70-8ccf-1facce88154b"",""service"":""b741f367-8920-4dad-ba9f-21940f6bcfe7"",""deployment"":""8b9c732a-1566-4070-a289-1db03b7edf5d"",""replica"":""f86045b6-3f78-4936-9514-5e0ec312fe70""}",2026-10-06T15:47:39.352427403Z
"2026-10-06 15:47:39,566 | INFO | 😈 sg_message_id: SXQnWdBvSRCfkimJwsuSlg",error,"{""level"":""error""}","{""project"":""266422dc-3751-4146-8a47-1dfd7aeb7284"",""environment"":""950bdac5-fb40-4f70-8ccf-1facce88154b"",""service"":""b741f367-8920-4dad-ba9f-21940f6bcfe7"",""deployment"":""8b9c732a-1566-4070-a289-1db03b7edf5d"",""replica"":""f86045b6-3f78-4936-9514-5e0ec312fe70""}",2026-10-06T15:47:39.569414954Z
"2026-10-06 15:47:39,566 | INFO | ✅ UTP student email sent to xiania29ro409@gmail.com",error,"{""level"":""error""}","{""project"":""266422dc-3751-4146-8a47-1dfd7aeb7284"",""environment"":""950bdac5-fb40-4f70-8ccf-1facce88154b"",""service"":""b741f367-8920-4dad-ba9f-21940f6bcfe7"",""deployment"":""8b9c732a-1566-4070-a289-1db03b7edf5d"",""replica"":""f86045b6-3f78-4936-9514-5e0ec312fe70""}",2026-10-06T15:47:39.569421919Z
"2026-10-06 15:47:40,033 | INFO | ✅ validationId=36d49095-cac3-4c37-a417-c8059d01119b written to byw_tracking_algoritmo_AC for 20ecebe4-89c1-f111-aaaf-002248df2f15",error,"{""level"":""error""}","{""project"":""266422dc-3751-4146-8a47-1dfd7aeb7284"",""environment"":""950bdac5-fb40-4f70-8ccf-1facce88154b"",""service"":""b741f367-8920-4dad-ba9f-21940f6bcfe7"",""deployment"":""8b9c732a-1566-4070-a289-1db03b7edf5d"",""replica"":""a04c56f1-c4bf-408d-950c-a77921c239f0""}",2026-10-06T15:47:40.055578830Z
"2026-10-06 15:47:38,552 | WARNING | No row found for sg_message_id=vr-CDwcsQFyqmuHO0QJ0ng (event=click)",error,"{""level"":""error""}","{""project"":""266422dc-3751-4146-8a47-1dfd7aeb7284"",""environment"":""950bdac5-fb40-4f70-8ccf-1facce88154b"",""service"":""d36dbcc3-cd55-4a7a-baa1-f1f93642c3cc"",""deployment"":""f80f4047-168d-4653-ac85-441f312f05e5"",""replica"":""b6cfba12-d1ab-4faf-819e-52626ba9340c""}",2026-10-06T15:47:40.982439784Z
"INFO:     100.64.0.6:26516 - ""POST /webhooks/sendgrid HTTP/1.1"" 200 OK",info,"{""level"":""info""}","{""project"":""266422dc-3751-4146-8a47-1dfd7aeb7284"",""environment"":""950bdac5-fb40-4f70-8ccf-1facce88154b"",""service"":""d36dbcc3-cd55-4a7a-baa1-f1f93642c3cc"",""deployment"":""f80f4047-168d-4653-ac85-441f312f05e5"",""replica"":""b6cfba12-d1ab-4faf-819e-52626ba9340c""}",2026-10-06T15:47:40.982451214Z
"2026-10-06 15:47:40,699 | WARNING | No row found for sg_message_id=EfBTdmIIQKGGwzdYXe0oIQ (event=click)",error,"{""level"":""error""}","{""project"":""266422dc-3751-4146-8a47-1dfd7aeb7284"",""environment"":""950bdac5-fb40-4f70-8ccf-1facce88154b"",""service"":""d36dbcc3-cd55-4a7a-baa1-f1f93642c3cc"",""deployment"":""f80f4047-168d-4653-ac85-441f312f05e5"",""replica"":""b6cfba12-d1ab-4faf-819e-52626ba9340c""}",2026-10-06T15:47:40.982462465Z
"INFO:     100.64.0.1:38426 - ""POST /webhooks/sendgrid HTTP/1.1"" 200 OK",info,"{""level"":""info""}","{""project"":""266422dc-3751-4146-8a47-1dfd7aeb7284"",""environment"":""950bdac5-fb40-4f70-8ccf-1facce88154b"",""service"":""d36dbcc3-cd55-4a7a-baa1-f1f93642c3cc"",""deployment"":""f80f4047-168d-4653-ac85-441f312f05e5"",""replica"":""b6cfba12-d1ab-4faf-819e-52626ba9340c""}",2026-10-06T15:47:40.982473188Z
"2026-10-06 15:47:41,877 | INFO | ✅ sg_message_id=SXQnWdBvSRCfkimJwsuSlg written for 740ae3f9-86c1-f111-aaaf-7ced8da89080",error,"{""level"":""error""}","{""project"":""266422dc-3751-4146-8a47-1dfd7aeb7284"",""environment"":""950bdac5-fb40-4f70-8ccf-1facce88154b"",""service"":""b741f367-8920-4dad-ba9f-21940f6bcfe7"",""deployment"":""8b9c732a-1566-4070-a289-1db03b7edf5d"",""replica"":""f86045b6-3f78-4936-9514-5e0ec312fe70""}",2026-10-06T15:47:41.940333784Z
"2026-10-06 15:47:41,907 | INFO | ✅ Historic updated for xiania29ro409@gmail.com | new_links=['estudiante', 'padres']",error,"{""level"":""error""}","{""project"":""266422dc-3751-4146-8a47-1dfd7aeb7284"",""environment"":""950bdac5-fb40-4f70-8ccf-1facce88154b"",""service"":""b741f367-8920-4dad-ba9f-21940f6bcfe7"",""deployment"":""8b9c732a-1566-4070-a289-1db03b7edf5d"",""replica"":""f86045b6-3f78-4936-9514-5e0ec312fe70""}",2026-10-06T15:47:41.940343040Z
"2026-10-06 15:47:41,937 | INFO | file_cache is only supported with oauth2client<4.0.0",error,"{""level"":""error""}","{""project"":""266422dc-3751-4146-8a47-1dfd7aeb7284"",""environment"":""950bdac5-fb40-4f70-8ccf-1facce88154b"",""service"":""b741f367-8920-4dad-ba9f-21940f6bcfe7"",""deployment"":""8b9c732a-1566-4070-a289-1db03b7edf5d"",""replica"":""f86045b6-3f78-4936-9514-5e0ec312fe70""}",2026-10-06T15:47:41.940359928Z
"2026-10-06 15:47:42,325 | INFO | ✅ Links written to byw_tracking_algoritmo_AC for 20ecebe4-89c1-f111-aaaf-002248df2f15",error,"{""level"":""error""}","{""project"":""266422dc-3751-4146-8a47-1dfd7aeb7284"",""environment"":""950bdac5-fb40-4f70-8ccf-1facce88154b"",""service"":""b741f367-8920-4dad-ba9f-21940f6bcfe7"",""deployment"":""8b9c732a-1566-4070-a289-1db03b7edf5d"",""replica"":""a04c56f1-c4bf-408d-950c-a77921c239f0""}",2026-10-06T15:47:42.963328718Z
"INFO:     100.64.0.12:15732 - ""POST /webhooks/sendgrid HTTP/1.1"" 200 OK",info,"{""level"":""info""}","{""project"":""266422dc-3751-4146-8a47-1dfd7aeb7284"",""environment"":""950bdac5-fb40-4f70-8ccf-1facce88154b"",""service"":""d36dbcc3-cd55-4a7a-baa1-f1f93642c3cc"",""deployment"":""f80f4047-168d-4653-ac85-441f312f05e5"",""replica"":""b6cfba12-d1ab-4faf-819e-52626ba9340c""}",2026-10-06T15:47:44.157893816Z
"2026-10-06 15:47:42,690 | WARNING | No row found for sg_message_id=hFSmjyUlRy-bQ40E7H4qaQ (event=open)",error,"{""level"":""error""}","{""project"":""266422dc-3751-4146-8a47-1dfd7aeb7284"",""environment"":""950bdac5-fb40-4f70-8ccf-1facce88154b"",""service"":""d36dbcc3-cd55-4a7a-baa1-f1f93642c3cc"",""deployment"":""f80f4047-168d-4653-ac85-441f312f05e5"",""replica"":""b6cfba12-d1ab-4faf-819e-52626ba9340c""}",2026-10-06T15:47:44.158664015Z
"2026-10-06 15:47:36,015 | ERROR | ⚠️ Failed to update status sheet (non-fatal)",error,"{""level"":""error""}","{""project"":""266422dc-3751-4146-8a47-1dfd7aeb7284"",""environment"":""950bdac5-fb40-4f70-8ccf-1facce88154b"",""service"":""b741f367-8920-4dad-ba9f-21940f6bcfe7"",""deployment"":""8b9c732a-1566-4070-a289-1db03b7edf5d"",""replica"":""13815cf3-ad51-45bb-a7bf-ec1917ac87ee""}",2026-10-06T15:47:45.667732929Z
Traceback (most recent call last):,error,"{""level"":""error""}","{""project"":""266422dc-3751-4146-8a47-1dfd7aeb7284"",""environment"":""950bdac5-fb40-4f70-8ccf-1facce88154b"",""service"":""b741f367-8920-4dad-ba9f-21940f6bcfe7"",""deployment"":""8b9c732a-1566-4070-a289-1db03b7edf5d"",""replica"":""13815cf3-ad51-45bb-a7bf-ec1917ac87ee""}",2026-10-06T15:47:45.667741798Z
"  File ""/app/app/pipeline/sheets_updater.py"", line 186, in update_student_status",error,"{""level"":""error""}","{""project"":""266422dc-3751-4146-8a47-1dfd7aeb7284"",""environment"":""950bdac5-fb40-4f70-8ccf-1facce88154b"",""service"":""b741f367-8920-4dad-ba9f-21940f6bcfe7"",""deployment"":""8b9c732a-1566-4070-a289-1db03b7edf5d"",""replica"":""13815cf3-ad51-45bb-a7bf-ec1917ac87ee""}",2026-10-06T15:47:45.667752298Z
"    _ensure_headers(service, spreadsheet_id)",error,"{""level"":""error""}","{""project"":""266422dc-3751-4146-8a47-1dfd7aeb7284"",""environment"":""950bdac5-fb40-4f70-8ccf-1facce88154b"",""service"":""b741f367-8920-4dad-ba9f-21940f6bcfe7"",""deployment"":""8b9c732a-1566-4070-a289-1db03b7edf5d"",""replica"":""13815cf3-ad51-45bb-a7bf-ec1917ac87ee""}",2026-10-06T15:47:45.667757298Z
"  File ""/app/app/pipeline/sheets_updater.py"", line 85, in _ensure_headers",error,"{""level"":""error""}","{""project"":""266422dc-3751-4146-8a47-1dfd7aeb7284"",""environment"":""950bdac5-fb40-4f70-8ccf-1facce88154b"",""service"":""b741f367-8920-4dad-ba9f-21940f6bcfe7"",""deployment"":""8b9c732a-1566-4070-a289-1db03b7edf5d"",""replica"":""13815cf3-ad51-45bb-a7bf-ec1917ac87ee""}",2026-10-06T15:47:45.667761248Z
    result = _with_backoff(lambda: (,error,"{""level"":""error""}","{""project"":""266422dc-3751-4146-8a47-1dfd7aeb7284"",""environment"":""950bdac5-fb40-4f70-8ccf-1facce88154b"",""service"":""b741f367-8920-4dad-ba9f-21940f6bcfe7"",""deployment"":""8b9c732a-1566-4070-a289-1db03b7edf5d"",""replica"":""13815cf3-ad51-45bb-a7bf-ec1917ac87ee""}",2026-10-06T15:47:45.667764978Z
             ^^^^^^^^^^^^^^^^^^^^^^^,error,"{""level"":""error""}","{""project"":""266422dc-3751-4146-8a47-1dfd7aeb7284"",""environment"":""950bdac5-fb40-4f70-8ccf-1facce88154b"",""service"":""b741f367-8920-4dad-ba9f-21940f6bcfe7"",""deployment"":""8b9c732a-1566-4070-a289-1db03b7edf5d"",""replica"":""13815cf3-ad51-45bb-a7bf-ec1917ac87ee""}",2026-10-06T15:47:45.667769328Z
"  File ""/app/app/pipeline/sheets_updater.py"", line 70, in _with_backoff",error,"{""level"":""error""}","{""project"":""266422dc-3751-4146-8a47-1dfd7aeb7284"",""environment"":""950bdac5-fb40-4f70-8ccf-1facce88154b"",""service"":""b741f367-8920-4dad-ba9f-21940f6bcfe7"",""deployment"":""8b9c732a-1566-4070-a289-1db03b7edf5d"",""replica"":""13815cf3-ad51-45bb-a7bf-ec1917ac87ee""}",2026-10-06T15:47:45.667773658Z
    return fn(),error,"{""level"":""error""}","{""project"":""266422dc-3751-4146-8a47-1dfd7aeb7284"",""environment"":""950bdac5-fb40-4f70-8ccf-1facce88154b"",""service"":""b741f367-8920-4dad-ba9f-21940f6bcfe7"",""deployment"":""8b9c732a-1566-4070-a289-1db03b7edf5d"",""replica"":""13815cf3-ad51-45bb-a7bf-ec1917ac87ee""}",2026-10-06T15:47:45.667777708Z
           ^^^^,error,"{""level"":""error""}","{""project"":""266422dc-3751-4146-8a47-1dfd7aeb7284"",""environment"":""950bdac5-fb40-4f70-8ccf-1facce88154b"",""service"":""b741f367-8920-4dad-ba9f-21940f6bcfe7"",""deployment"":""8b9c732a-1566-4070-a289-1db03b7edf5d"",""replica"":""13815cf3-ad51-45bb-a7bf-ec1917ac87ee""}",2026-10-06T15:47:45.667781908Z
"  File ""/app/app/pipeline/sheets_updater.py"", line 89, in <lambda>",error,"{""level"":""error""}","{""project"":""266422dc-3751-4146-8a47-1dfd7aeb7284"",""environment"":""950bdac5-fb40-4f70-8ccf-1facce88154b"",""service"":""b741f367-8920-4dad-ba9f-21940f6bcfe7"",""deployment"":""8b9c732a-1566-4070-a289-1db03b7edf5d"",""replica"":""13815cf3-ad51-45bb-a7bf-ec1917ac87ee""}",2026-10-06T15:47:45.667785608Z
    ).execute(),error,"{""level"":""error""}","{""project"":""266422dc-3751-4146-8a47-1dfd7aeb7284"",""environment"":""950bdac5-fb40-4f70-8ccf-1facce88154b"",""service"":""b741f367-8920-4dad-ba9f-21940f6bcfe7"",""deployment"":""8b9c732a-1566-4070-a289-1db03b7edf5d"",""replica"":""13815cf3-ad51-45bb-a7bf-ec1917ac87ee""}",2026-10-06T15:47:45.667790548Z
      ^^^^^^^^^,error,"{""level"":""error""}","{""project"":""266422dc-3751-4146-8a47-1dfd7aeb7284"",""environment"":""950bdac5-fb40-4f70-8ccf-1facce88154b"",""service"":""b741f367-8920-4dad-ba9f-21940f6bcfe7"",""deployment"":""8b9c732a-1566-4070-a289-1db03b7edf5d"",""replica"":""13815cf3-ad51-45bb-a7bf-ec1917ac87ee""}",2026-10-06T15:47:45.667793827Z
"  File ""/usr/local/lib/python3.11/site-packages/googleapiclient/_helpers.py"", line 130, in positional_wrapper",error,"{""level"":""error""}","{""project"":""266422dc-3751-4146-8a47-1dfd7aeb7284"",""environment"":""950bdac5-fb40-4f70-8ccf-1facce88154b"",""service"":""b741f367-8920-4dad-ba9f-21940f6bcfe7"",""deployment"":""8b9c732a-1566-4070-a289-1db03b7edf5d"",""replica"":""13815cf3-ad51-45bb-a7bf-ec1917ac87ee""}",2026-10-06T15:47:45.667797527Z
"    return wrapped(*args, **kwargs)",error,"{""level"":""error""}","{""project"":""266422dc-3751-4146-8a47-1dfd7aeb7284"",""environment"":""950bdac5-fb40-4f70-8ccf-1facce88154b"",""service"":""b741f367-8920-4dad-ba9f-21940f6bcfe7"",""deployment"":""8b9c732a-1566-4070-a289-1db03b7edf5d"",""replica"":""13815cf3-ad51-45bb-a7bf-ec1917ac87ee""}",2026-10-06T15:47:45.667801277Z
           ^^^^^^^^^^^^^^^^^^^^^^^^,error,"{""level"":""error""}","{""project"":""266422dc-3751-4146-8a47-1dfd7aeb7284"",""environment"":""950bdac5-fb40-4f70-8ccf-1facce88154b"",""service"":""b741f367-8920-4dad-ba9f-21940f6bcfe7"",""deployment"":""8b9c732a-1566-4070-a289-1db03b7edf5d"",""replica"":""13815cf3-ad51-45bb-a7bf-ec1917ac87ee""}",2026-10-06T15:47:45.667805297Z
"  File ""/usr/local/lib/python3.11/site-packages/googleapiclient/http.py"", line 1003, in execute",error,"{""level"":""error""}","{""project"":""266422dc-3751-4146-8a47-1dfd7aeb7284"",""environment"":""950bdac5-fb40-4f70-8ccf-1facce88154b"",""service"":""b741f367-8920-4dad-ba9f-21940f6bcfe7"",""deployment"":""8b9c732a-1566-4070-a289-1db03b7edf5d"",""replica"":""13815cf3-ad51-45bb-a7bf-ec1917ac87ee""}",2026-10-06T15:47:45.667808657Z
"    resp, content = _retry_request(",error,"{""level"":""error""}","{""project"":""266422dc-3751-4146-8a47-1dfd7aeb7284"",""environment"":""950bdac5-fb40-4f70-8ccf-1facce88154b"",""service"":""b741f367-8920-4dad-ba9f-21940f6bcfe7"",""deployment"":""8b9c732a-1566-4070-a289-1db03b7edf5d"",""replica"":""13815cf3-ad51-45bb-a7bf-ec1917ac87ee""}",2026-10-06T15:47:45.667811867Z
                    ^^^^^^^^^^^^^^^,error,"{""level"":""error""}","{""project"":""266422dc-3751-4146-8a47-1dfd7aeb7284"",""environment"":""950bdac5-fb40-4f70-8ccf-1facce88154b"",""service"":""b741f367-8920-4dad-ba9f-21940f6bcfe7"",""deployment"":""8b9c732a-1566-4070-a289-1db03b7edf5d"",""replica"":""13815cf3-ad51-45bb-a7bf-ec1917ac87ee""}",2026-10-06T15:47:45.667814707Z
"  File ""/usr/local/lib/python3.11/site-packages/googleapiclient/http.py"", line 222, in _retry_request",error,"{""level"":""error""}","{""project"":""266422dc-3751-4146-8a47-1dfd7aeb7284"",""environment"":""950bdac5-fb40-4f70-8ccf-1facce88154b"",""service"":""b741f367-8920-4dad-ba9f-21940f6bcfe7"",""deployment"":""8b9c732a-1566-4070-a289-1db03b7edf5d"",""replica"":""13815cf3-ad51-45bb-a7bf-ec1917ac87ee""}",2026-10-06T15:47:45.667817597Z
    raise exception,error,"{""level"":""error""}","{""project"":""266422dc-3751-4146-8a47-1dfd7aeb7284"",""environment"":""950bdac5-fb40-4f70-8ccf-1facce88154b"",""service"":""b741f367-8920-4dad-ba9f-21940f6bcfe7"",""deployment"":""8b9c732a-1566-4070-a289-1db03b7edf5d"",""replica"":""13815cf3-ad51-45bb-a7bf-ec1917ac87ee""}",2026-10-06T15:47:45.667820177Z
"  File ""/usr/local/lib/python3.11/site-packages/googleapiclient/http.py"", line 191, in _retry_request",error,"{""level"":""error""}","{""project"":""266422dc-3751-4146-8a47-1dfd7aeb7284"",""environment"":""950bdac5-fb40-4f70-8ccf-1facce88154b"",""service"":""b741f367-8920-4dad-ba9f-21940f6bcfe7"",""deployment"":""8b9c732a-1566-4070-a289-1db03b7edf5d"",""replica"":""13815cf3-ad51-45bb-a7bf-ec1917ac87ee""}",2026-10-06T15:47:45.667822457Z
"    resp, content = http.request(uri, method, *args, **kwargs)",error,"{""level"":""error""}","{""project"":""266422dc-3751-4146-8a47-1dfd7aeb7284"",""environment"":""950bdac5-fb40-4f70-8ccf-1facce88154b"",""service"":""b741f367-8920-4dad-ba9f-21940f6bcfe7"",""deployment"":""8b9c732a-1566-4070-a289-1db03b7edf5d"",""replica"":""13815cf3-ad51-45bb-a7bf-ec1917ac87ee""}",2026-10-06T15:47:45.677043686Z
                    ^^^^^^^^^^^^^^^^^^^^^^^^^^^^^^^^^^^^^^^^^^,error,"{""level"":""error""}","{""project"":""266422dc-3751-4146-8a47-1dfd7aeb7284"",""environment"":""950bdac5-fb40-4f70-8ccf-1facce88154b"",""service"":""b741f367-8920-4dad-ba9f-21940f6bcfe7"",""deployment"":""8b9c732a-1566-4070-a289-1db03b7edf5d"",""replica"":""13815cf3-ad51-45bb-a7bf-ec1917ac87ee""}",2026-10-06T15:47:45.677055526Z
"  File ""/usr/local/lib/python3.11/site-packages/google_auth_httplib2.py"", line 214, in request",error,"{""level"":""error""}","{""project"":""266422dc-3751-4146-8a47-1dfd7aeb7284"",""environment"":""950bdac5-fb40-4f70-8ccf-1facce88154b"",""service"":""b741f367-8920-4dad-ba9f-21940f6bcfe7"",""deployment"":""8b9c732a-1566-4070-a289-1db03b7edf5d"",""replica"":""13815cf3-ad51-45bb-a7bf-ec1917ac87ee""}",2026-10-06T15:47:45.677060596Z
"    response, content = self.http.request(",error,"{""level"":""error""}","{""project"":""266422dc-3751-4146-8a47-1dfd7aeb7284"",""environment"":""950bdac5-fb40-4f70-8ccf-1facce88154b"",""service"":""b741f367-8920-4dad-ba9f-21940f6bcfe7"",""deployment"":""8b9c732a-1566-4070-a289-1db03b7edf5d"",""replica"":""13815cf3-ad51-45bb-a7bf-ec1917ac87ee""}",2026-10-06T15:47:45.677071906Z
                        ^^^^^^^^^^^^^^^^^^,error,"{""level"":""error""}","{""project"":""266422dc-3751-4146-8a47-1dfd7aeb7284"",""environment"":""950bdac5-fb40-4f70-8ccf-1facce88154b"",""service"":""b741f367-8920-4dad-ba9f-21940f6bcfe7"",""deployment"":""8b9c732a-1566-4070-a289-1db03b7edf5d"",""replica"":""13815cf3-ad51-45bb-a7bf-ec1917ac87ee""}",2026-10-06T15:47:45.677076716Z
"  File ""/usr/local/lib/python3.11/site-packages/httplib2/__init__.py"", line 1755, in request",error,"{""level"":""error""}","{""project"":""266422dc-3751-4146-8a47-1dfd7aeb7284"",""environment"":""950bdac5-fb40-4f70-8ccf-1facce88154b"",""service"":""b741f367-8920-4dad-ba9f-21940f6bcfe7"",""deployment"":""8b9c732a-1566-4070-a289-1db03b7edf5d"",""replica"":""13815cf3-ad51-45bb-a7bf-ec1917ac87ee""}",2026-10-06T15:47:45.677080436Z
"    (response, content) = self._request(",error,"{""level"":""error""}","{""project"":""266422dc-3751-4146-8a47-1dfd7aeb7284"",""environment"":""950bdac5-fb40-4f70-8ccf-1facce88154b"",""service"":""b741f367-8920-4dad-ba9f-21940f6bcfe7"",""deployment"":""8b9c732a-1566-4070-a289-1db03b7edf5d"",""replica"":""13815cf3-ad51-45bb-a7bf-ec1917ac87ee""}",2026-10-06T15:47:45.677084456Z
                          ^^^^^^^^^^^^^^,error,"{""level"":""error""}","{""project"":""266422dc-3751-4146-8a47-1dfd7aeb7284"",""environment"":""950bdac5-fb40-4f70-8ccf-1facce88154b"",""service"":""b741f367-8920-4dad-ba9f-21940f6bcfe7"",""deployment"":""8b9c732a-1566-4070-a289-1db03b7edf5d"",""replica"":""13815cf3-ad51-45bb-a7bf-ec1917ac87ee""}",2026-10-06T15:47:45.677089675Z
"  File ""/usr/local/lib/python3.11/site-packages/httplib2/__init__.py"", line 1475, in _request",error,"{""level"":""error""}","{""project"":""266422dc-3751-4146-8a47-1dfd7aeb7284"",""environment"":""950bdac5-fb40-4f70-8ccf-1facce88154b"",""service"":""b741f367-8920-4dad-ba9f-21940f6bcfe7"",""deployment"":""8b9c732a-1566-4070-a289-1db03b7edf5d"",""replica"":""13815cf3-ad51-45bb-a7bf-ec1917ac87ee""}",2026-10-06T15:47:45.677094395Z
"    (response, content) = self._conn_request(conn, request_uri, method, body, headers)",error,"{""level"":""error""}","{""project"":""266422dc-3751-4146-8a47-1dfd7aeb7284"",""environment"":""950bdac5-fb40-4f70-8ccf-1facce88154b"",""service"":""b741f367-8920-4dad-ba9f-21940f6bcfe7"",""deployment"":""8b9c732a-1566-4070-a289-1db03b7edf5d"",""replica"":""13815cf3-ad51-45bb-a7bf-ec1917ac87ee""}",2026-10-06T15:47:45.677098105Z
                          ^^^^^^^^^^^^^^^^^^^^^^^^^^^^^^^^^^^^^^^^^^^^^^^^^^^^^^^^^^^^,error,"{""level"":""error""}","{""project"":""266422dc-3751-4146-8a47-1dfd7aeb7284"",""environment"":""950bdac5-fb40-4f70-8ccf-1facce88154b"",""service"":""b741f367-8920-4dad-ba9f-21940f6bcfe7"",""deployment"":""8b9c732a-1566-4070-a289-1db03b7edf5d"",""replica"":""13815cf3-ad51-45bb-a7bf-ec1917ac87ee""}",2026-10-06T15:47:45.677105865Z
"  File ""/usr/local/lib/python3.11/site-packages/httplib2/__init__.py"", line 1427, in _conn_request",error,"{""level"":""error""}","{""project"":""266422dc-3751-4146-8a47-1dfd7aeb7284"",""environment"":""950bdac5-fb40-4f70-8ccf-1facce88154b"",""service"":""b741f367-8920-4dad-ba9f-21940f6bcfe7"",""deployment"":""8b9c732a-1566-4070-a289-1db03b7edf5d"",""replica"":""13815cf3-ad51-45bb-a7bf-ec1917ac87ee""}",2026-10-06T15:47:45.677110955Z
    response = conn.getresponse(),error,"{""level"":""error""}","{""project"":""266422dc-3751-4146-8a47-1dfd7aeb7284"",""environment"":""950bdac5-fb40-4f70-8ccf-1facce88154b"",""service"":""b741f367-8920-4dad-ba9f-21940f6bcfe7"",""deployment"":""8b9c732a-1566-4070-a289-1db03b7edf5d"",""replica"":""13815cf3-ad51-45bb-a7bf-ec1917ac87ee""}",2026-10-06T15:47:45.677114565Z
               ^^^^^^^^^^^^^^^^^^,error,"{""level"":""error""}","{""project"":""266422dc-3751-4146-8a47-1dfd7aeb7284"",""environment"":""950bdac5-fb40-4f70-8ccf-1facce88154b"",""service"":""b741f367-8920-4dad-ba9f-21940f6bcfe7"",""deployment"":""8b9c732a-1566-4070-a289-1db03b7edf5d"",""replica"":""13815cf3-ad51-45bb-a7bf-ec1917ac87ee""}",2026-10-06T15:47:45.677120505Z
"  File ""/usr/local/lib/python3.11/http/client.py"", line 1443, in getresponse",error,"{""level"":""error""}","{""project"":""266422dc-3751-4146-8a47-1dfd7aeb7284"",""environment"":""950bdac5-fb40-4f70-8ccf-1facce88154b"",""service"":""b741f367-8920-4dad-ba9f-21940f6bcfe7"",""deployment"":""8b9c732a-1566-4070-a289-1db03b7edf5d"",""replica"":""13815cf3-ad51-45bb-a7bf-ec1917ac87ee""}",2026-10-06T15:47:45.677124285Z
    response.begin(),error,"{""level"":""error""}","{""project"":""266422dc-3751-4146-8a47-1dfd7aeb7284"",""environment"":""950bdac5-fb40-4f70-8ccf-1facce88154b"",""service"":""b741f367-8920-4dad-ba9f-21940f6bcfe7"",""deployment"":""8b9c732a-1566-4070-a289-1db03b7edf5d"",""replica"":""13815cf3-ad51-45bb-a7bf-ec1917ac87ee""}",2026-10-06T15:47:45.677128185Z
"  File ""/usr/local/lib/python3.11/http/client.py"", line 337, in begin",error,"{""level"":""error""}","{""project"":""266422dc-3751-4146-8a47-1dfd7aeb7284"",""environment"":""950bdac5-fb40-4f70-8ccf-1facce88154b"",""service"":""b741f367-8920-4dad-ba9f-21940f6bcfe7"",""deployment"":""8b9c732a-1566-4070-a289-1db03b7edf5d"",""replica"":""13815cf3-ad51-45bb-a7bf-ec1917ac87ee""}",2026-10-06T15:47:45.677132235Z
"    version, status, reason = self._read_status()",error,"{""level"":""error""}","{""project"":""266422dc-3751-4146-8a47-1dfd7aeb7284"",""environment"":""950bdac5-fb40-4f70-8ccf-1facce88154b"",""service"":""b741f367-8920-4dad-ba9f-21940f6bcfe7"",""deployment"":""8b9c732a-1566-4070-a289-1db03b7edf5d"",""replica"":""13815cf3-ad51-45bb-a7bf-ec1917ac87ee""}",2026-10-06T15:47:45.677135585Z
                              ^^^^^^^^^^^^^^^^^^^,error,"{""level"":""error""}","{""project"":""266422dc-3751-4146-8a47-1dfd7aeb7284"",""environment"":""950bdac5-fb40-4f70-8ccf-1facce88154b"",""service"":""b741f367-8920-4dad-ba9f-21940f6bcfe7"",""deployment"":""8b9c732a-1566-4070-a289-1db03b7edf5d"",""replica"":""13815cf3-ad51-45bb-a7bf-ec1917ac87ee""}",2026-10-06T15:47:45.677139405Z
"  File ""/usr/local/lib/python3.11/http/client.py"", line 298, in _read_status",error,"{""level"":""error""}","{""project"":""266422dc-3751-4146-8a47-1dfd7aeb7284"",""environment"":""950bdac5-fb40-4f70-8ccf-1facce88154b"",""service"":""b741f367-8920-4dad-ba9f-21940f6bcfe7"",""deployment"":""8b9c732a-1566-4070-a289-1db03b7edf5d"",""replica"":""13815cf3-ad51-45bb-a7bf-ec1917ac87ee""}",2026-10-06T15:47:45.677142785Z
"    line = str(self.fp.readline(_MAXLINE + 1), ""iso-8859-1"")",error,"{""level"":""error""}","{""project"":""266422dc-3751-4146-8a47-1dfd7aeb7284"",""environment"":""950bdac5-fb40-4f70-8ccf-1facce88154b"",""service"":""b741f367-8920-4dad-ba9f-21940f6bcfe7"",""deployment"":""8b9c732a-1566-4070-a289-1db03b7edf5d"",""replica"":""13815cf3-ad51-45bb-a7bf-ec1917ac87ee""}",2026-10-06T15:47:45.686127538Z
               ^^^^^^^^^^^^^^^^^^^^^^^^^^^^^^,error,"{""level"":""error""}","{""project"":""266422dc-3751-4146-8a47-1dfd7aeb7284"",""environment"":""950bdac5-fb40-4f70-8ccf-1facce88154b"",""service"":""b741f367-8920-4dad-ba9f-21940f6bcfe7"",""deployment"":""8b9c732a-1566-4070-a289-1db03b7edf5d"",""replica"":""13815cf3-ad51-45bb-a7bf-ec1917ac87ee""}",2026-10-06T15:47:45.686133568Z
"  File ""/usr/local/lib/python3.11/socket.py"", line 718, in readinto",error,"{""level"":""error""}","{""project"":""266422dc-3751-4146-8a47-1dfd7aeb7284"",""environment"":""950bdac5-fb40-4f70-8ccf-1facce88154b"",""service"":""b741f367-8920-4dad-ba9f-21940f6bcfe7"",""deployment"":""8b9c732a-1566-4070-a289-1db03b7edf5d"",""replica"":""13815cf3-ad51-45bb-a7bf-ec1917ac87ee""}",2026-10-06T15:47:45.686136968Z
    return self._sock.recv_into(b),error,"{""level"":""error""}","{""project"":""266422dc-3751-4146-8a47-1dfd7aeb7284"",""environment"":""950bdac5-fb40-4f70-8ccf-1facce88154b"",""service"":""b741f367-8920-4dad-ba9f-21940f6bcfe7"",""deployment"":""8b9c732a-1566-4070-a289-1db03b7edf5d"",""replica"":""13815cf3-ad51-45bb-a7bf-ec1917ac87ee""}",2026-10-06T15:47:45.686141158Z
           ^^^^^^^^^^^^^^^^^^^^^^^,error,"{""level"":""error""}","{""project"":""266422dc-3751-4146-8a47-1dfd7aeb7284"",""environment"":""950bdac5-fb40-4f70-8ccf-1facce88154b"",""service"":""b741f367-8920-4dad-ba9f-21940f6bcfe7"",""deployment"":""8b9c732a-1566-4070-a289-1db03b7edf5d"",""replica"":""13815cf3-ad51-45bb-a7bf-ec1917ac87ee""}",2026-10-06T15:47:45.686145508Z
"  File ""/usr/local/lib/python3.11/ssl.py"", line 1314, in recv_into",error,"{""level"":""error""}","{""project"":""266422dc-3751-4146-8a47-1dfd7aeb7284"",""environment"":""950bdac5-fb40-4f70-8ccf-1facce88154b"",""service"":""b741f367-8920-4dad-ba9f-21940f6bcfe7"",""deployment"":""8b9c732a-1566-4070-a289-1db03b7edf5d"",""replica"":""13815cf3-ad51-45bb-a7bf-ec1917ac87ee""}",2026-10-06T15:47:45.686148988Z
"    return self.read(nbytes, buffer)",error,"{""level"":""error""}","{""project"":""266422dc-3751-4146-8a47-1dfd7aeb7284"",""environment"":""950bdac5-fb40-4f70-8ccf-1facce88154b"",""service"":""b741f367-8920-4dad-ba9f-21940f6bcfe7"",""deployment"":""8b9c732a-1566-4070-a289-1db03b7edf5d"",""replica"":""13815cf3-ad51-45bb-a7bf-ec1917ac87ee""}",2026-10-06T15:47:45.686152398Z
           ^^^^^^^^^^^^^^^^^^^^^^^^^,error,"{""level"":""error""}","{""project"":""266422dc-3751-4146-8a47-1dfd7aeb7284"",""environment"":""950bdac5-fb40-4f70-8ccf-1facce88154b"",""service"":""b741f367-8920-4dad-ba9f-21940f6bcfe7"",""deployment"":""8b9c732a-1566-4070-a289-1db03b7edf5d"",""replica"":""13815cf3-ad51-45bb-a7bf-ec1917ac87ee""}",2026-10-06T15:47:45.686155668Z
"  File ""/usr/local/lib/python3.11/ssl.py"", line 1166, in read",error,"{""level"":""error""}","{""project"":""266422dc-3751-4146-8a47-1dfd7aeb7284"",""environment"":""950bdac5-fb40-4f70-8ccf-1facce88154b"",""service"":""b741f367-8920-4dad-ba9f-21940f6bcfe7"",""deployment"":""8b9c732a-1566-4070-a289-1db03b7edf5d"",""replica"":""13815cf3-ad51-45bb-a7bf-ec1917ac87ee""}",2026-10-06T15:47:45.686159128Z
"    return self._sslobj.read(len, buffer)",error,"{""level"":""error""}","{""project"":""266422dc-3751-4146-8a47-1dfd7aeb7284"",""environment"":""950bdac5-fb40-4f70-8ccf-1facce88154b"",""service"":""b741f367-8920-4dad-ba9f-21940f6bcfe7"",""deployment"":""8b9c732a-1566-4070-a289-1db03b7edf5d"",""replica"":""13815cf3-ad51-45bb-a7bf-ec1917ac87ee""}",2026-10-06T15:47:45.686162668Z
           ^^^^^^^^^^^^^^^^^^^^^^^^^^^^^^,error,"{""level"":""error""}","{""project"":""266422dc-3751-4146-8a47-1dfd7aeb7284"",""environment"":""950bdac5-fb40-4f70-8ccf-1facce88154b"",""service"":""b741f367-8920-4dad-ba9f-21940f6bcfe7"",""deployment"":""8b9c732a-1566-4070-a289-1db03b7edf5d"",""replica"":""13815cf3-ad51-45bb-a7bf-ec1917ac87ee""}",2026-10-06T15:47:45.686166758Z
TimeoutError: The read operation timed out,error,"{""level"":""error""}","{""project"":""266422dc-3751-4146-8a47-1dfd7aeb7284"",""environment"":""950bdac5-fb40-4f70-8ccf-1facce88154b"",""service"":""b741f367-8920-4dad-ba9f-21940f6bcfe7"",""deployment"":""8b9c732a-1566-4070-a289-1db03b7edf5d"",""replica"":""13815cf3-ad51-45bb-a7bf-ec1917ac87ee""}",2026-10-06T15:47:45.686170227Z
"2026-10-06 15:47:36,017 | INFO | ✅ Job complete: utp-f6f83080-87c1-f111-aaaf-002248df2f15-553166",error,"{""level"":""error""}","{""project"":""266422dc-3751-4146-8a47-1dfd7aeb7284"",""environment"":""950bdac5-fb40-4f70-8ccf-1facce88154b"",""service"":""b741f367-8920-4dad-ba9f-21940f6bcfe7"",""deployment"":""8b9c732a-1566-4070-a289-1db03b7edf5d"",""replica"":""13815cf3-ad51-45bb-a7bf-ec1917ac87ee""}",2026-10-06T15:47:45.686173837Z
"2026-10-06 15:47:36,069 | INFO | Successfully completed app.tasks.process_report_job({'student_id': 'f6f83080-87c1-f111-aaaf-002248df2f15-553166', 'job_id': 'ut...) job in 0:01:54.545916s on worker 85f08a592e2042d5b56fe5ff86ed0e83",error,"{""level"":""error""}","{""project"":""266422dc-3751-4146-8a47-1dfd7aeb7284"",""environment"":""950bdac5-fb40-4f70-8ccf-1facce88154b"",""service"":""b741f367-8920-4dad-ba9f-21940f6bcfe7"",""deployment"":""8b9c732a-1566-4070-a289-1db03b7edf5d"",""replica"":""13815cf3-ad51-45bb-a7bf-ec1917ac87ee""}",2026-10-06T15:47:45.686177547Z
"2026-10-06 15:47:36,069 | INFO | Worker 85f08a592e2042d5b56fe5ff86ed0e83: reports: Job OK (utp-f6f83080-87c1-f111-aaaf-002248df2f15-553166)",error,"{""level"":""error""}","{""project"":""266422dc-3751-4146-8a47-1dfd7aeb7284"",""environment"":""950bdac5-fb40-4f70-8ccf-1facce88154b"",""service"":""b741f367-8920-4dad-ba9f-21940f6bcfe7"",""deployment"":""8b9c732a-1566-4070-a289-1db03b7edf5d"",""replica"":""13815cf3-ad51-45bb-a7bf-ec1917ac87ee""}",2026-10-06T15:47:45.686180827Z
"2026-10-06 15:47:36,069 | INFO | Worker 85f08a592e2042d5b56fe5ff86ed0e83: job utp-f6f83080-87c1-f111-aaaf-002248df2f15-553166 result is kept for 500 seconds",error,"{""level"":""error""}","{""project"":""266422dc-3751-4146-8a47-1dfd7aeb7284"",""environment"":""950bdac5-fb40-4f70-8ccf-1facce88154b"",""service"":""b741f367-8920-4dad-ba9f-21940f6bcfe7"",""deployment"":""8b9c732a-1566-4070-a289-1db03b7edf5d"",""replica"":""13815cf3-ad51-45bb-a7bf-ec1917ac87ee""}",2026-10-06T15:47:45.686184287Z
"2026-10-06 15:47:36,154 | INFO | Worker 85f08a592e2042d5b56fe5ff86ed0e83: reports: app.tasks.process_report_job({'student_id': '0becebe4-89c1-f111-aaaf-002248df2f15-553158', 'job_id': 'ut...) (utp-0becebe4-89c1-f111-aaaf-002248df2f15-553158)",error,"{""level"":""error""}","{""project"":""266422dc-3751-4146-8a47-1dfd7aeb7284"",""environment"":""950bdac5-fb40-4f70-8ccf-1facce88154b"",""service"":""b741f367-8920-4dad-ba9f-21940f6bcfe7"",""deployment"":""8b9c732a-1566-4070-a289-1db03b7edf5d"",""replica"":""13815cf3-ad51-45bb-a7bf-ec1917ac87ee""}",2026-10-06T15:47:45.686187407Z
"2026-10-06 15:47:36,820 | INFO | ⚙️  Worker starting job | job_id=utp-0becebe4-89c1-f111-aaaf-002248df2f15-553158 student=VEGAS DIANA MEDINA",error,"{""level"":""error""}","{""project"":""266422dc-3751-4146-8a47-1dfd7aeb7284"",""environment"":""950bdac5-fb40-4f70-8ccf-1facce88154b"",""service"":""b741f367-8920-4dad-ba9f-21940f6bcfe7"",""deployment"":""8b9c732a-1566-4070-a289-1db03b7edf5d"",""replica"":""13815cf3-ad51-45bb-a7bf-ec1917ac87ee""}",2026-10-06T15:47:45.690712028Z
"2026-10-06 15:47:36,827 | INFO | determining template...",error,"{""level"":""error""}","{""project"":""266422dc-3751-4146-8a47-1dfd7aeb7284"",""environment"":""950bdac5-fb40-4f70-8ccf-1facce88154b"",""service"":""b741f367-8920-4dad-ba9f-21940f6bcfe7"",""deployment"":""8b9c732a-1566-4070-a289-1db03b7edf5d"",""replica"":""13815cf3-ad51-45bb-a7bf-ec1917ac87ee""}",2026-10-06T15:47:45.690719828Z
"2026-10-06 15:47:36,937 | INFO | determining template...",error,"{""level"":""error""}","{""project"":""266422dc-3751-4146-8a47-1dfd7aeb7284"",""environment"":""950bdac5-fb40-4f70-8ccf-1facce88154b"",""service"":""b741f367-8920-4dad-ba9f-21940f6bcfe7"",""deployment"":""8b9c732a-1566-4070-a289-1db03b7edf5d"",""replica"":""13815cf3-ad51-45bb-a7bf-ec1917ac87ee""}",2026-10-06T15:47:45.690724538Z
"2026-10-06 15:47:36,937 | INFO | Generating PPTX from template_utp_alumnos.pptx",error,"{""level"":""error""}","{""project"":""266422dc-3751-4146-8a47-1dfd7aeb7284"",""environment"":""950bdac5-fb40-4f70-8ccf-1facce88154b"",""service"":""b741f367-8920-4dad-ba9f-21940f6bcfe7"",""deployment"":""8b9c732a-1566-4070-a289-1db03b7edf5d"",""replica"":""13815cf3-ad51-45bb-a7bf-ec1917ac87ee""}",2026-10-06T15:47:45.690728438Z
"2026-10-06 15:47:37,007 | INFO | PPTX written → /app/tmp/jobs/utp-0becebe4-89c1-f111-aaaf-002248df2f15-553158/report_estudiante.pptx",error,"{""level"":""error""}","{""project"":""266422dc-3751-4146-8a47-1dfd7aeb7284"",""environment"":""950bdac5-fb40-4f70-8ccf-1facce88154b"",""service"":""b741f367-8920-4dad-ba9f-21940f6bcfe7"",""deployment"":""8b9c732a-1566-4070-a289-1db03b7edf5d"",""replica"":""13815cf3-ad51-45bb-a7bf-ec1917ac87ee""}",2026-10-06T15:47:45.690732028Z
"2026-10-06 15:47:37,007 | INFO | 🖨️  Sending to Gotenberg: report_estudiante.pptx",error,"{""level"":""error""}","{""project"":""266422dc-3751-4146-8a47-1dfd7aeb7284"",""environment"":""950bdac5-fb40-4f70-8ccf-1facce88154b"",""service"":""b741f367-8920-4dad-ba9f-21940f6bcfe7"",""deployment"":""8b9c732a-1566-4070-a289-1db03b7edf5d"",""replica"":""13815cf3-ad51-45bb-a7bf-ec1917ac87ee""}",2026-10-06T15:47:45.690735497Z
"2026-10-06 15:47:41,978 | INFO | ✅ PDF received from Gotenberg: report_estudiante.pdf (1095209 bytes)",error,"{""level"":""error""}","{""project"":""266422dc-3751-4146-8a47-1dfd7aeb7284"",""environment"":""950bdac5-fb40-4f70-8ccf-1facce88154b"",""service"":""b741f367-8920-4dad-ba9f-21940f6bcfe7"",""deployment"":""8b9c732a-1566-4070-a289-1db03b7edf5d"",""replica"":""13815cf3-ad51-45bb-a7bf-ec1917ac87ee""}",2026-10-06T15:47:45.690739127Z
"2026-10-06 15:47:41,978 | INFO | Generating PPTX from template_utp_padres.pptx",error,"{""level"":""error""}","{""project"":""266422dc-3751-4146-8a47-1dfd7aeb7284"",""environment"":""950bdac5-fb40-4f70-8ccf-1facce88154b"",""service"":""b741f367-8920-4dad-ba9f-21940f6bcfe7"",""deployment"":""8b9c732a-1566-4070-a289-1db03b7edf5d"",""replica"":""13815cf3-ad51-45bb-a7bf-ec1917ac87ee""}",2026-10-06T15:47:45.690743587Z
"2026-10-06 15:47:42,047 | INFO | PPTX written → /app/tmp/jobs/utp-0becebe4-89c1-f111-aaaf-002248df2f15-553158/report_padres.pptx",error,"{""level"":""error""}","{""project"":""266422dc-3751-4146-8a47-1dfd7aeb7284"",""environment"":""950bdac5-fb40-4f70-8ccf-1facce88154b"",""service"":""b741f367-8920-4dad-ba9f-21940f6bcfe7"",""deployment"":""8b9c732a-1566-4070-a289-1db03b7edf5d"",""replica"":""13815cf3-ad51-45bb-a7bf-ec1917ac87ee""}",2026-10-06T15:47:45.690747357Z
"2026-10-06 15:47:42,047 | INFO | 🖨️  Sending to Gotenberg: report_padres.pptx",error,"{""level"":""error""}","{""project"":""266422dc-3751-4146-8a47-1dfd7aeb7284"",""environment"":""950bdac5-fb40-4f70-8ccf-1facce88154b"",""service"":""b741f367-8920-4dad-ba9f-21940f6bcfe7"",""deployment"":""8b9c732a-1566-4070-a289-1db03b7edf5d"",""replica"":""13815cf3-ad51-45bb-a7bf-ec1917ac87ee""}",2026-10-06T15:47:45.690750817Z
"2026-10-06 15:47:44,450 | INFO | 📧 Sending UTP student email to yerikaadrianestradaacondori@gmail.com for cedula=20ecebe4-89c1-f111-aaaf-002248df2f15",error,"{""level"":""error""}","{""project"":""266422dc-3751-4146-8a47-1dfd7aeb7284"",""environment"":""950bdac5-fb40-4f70-8ccf-1facce88154b"",""service"":""b741f367-8920-4dad-ba9f-21940f6bcfe7"",""deployment"":""8b9c732a-1566-4070-a289-1db03b7edf5d"",""replica"":""a04c56f1-c4bf-408d-950c-a77921c239f0""}",2026-10-06T15:47:45.748236882Z
"2026-10-06 15:47:44,867 | INFO | 😈 sg_message_id: jgbU1_zQR62s77c9zskSdg",error,"{""level"":""error""}","{""project"":""266422dc-3751-4146-8a47-1dfd7aeb7284"",""environment"":""950bdac5-fb40-4f70-8ccf-1facce88154b"",""service"":""b741f367-8920-4dad-ba9f-21940f6bcfe7"",""deployment"":""8b9c732a-1566-4070-a289-1db03b7edf5d"",""replica"":""a04c56f1-c4bf-408d-950c-a77921c239f0""}",2026-10-06T15:47:45.748243303Z
"2026-10-06 15:47:44,870 | INFO | ✅ UTP student email sent to yerikaadrianestradaacondori@gmail.com",error,"{""level"":""error""}","{""project"":""266422dc-3751-4146-8a47-1dfd7aeb7284"",""environment"":""950bdac5-fb40-4f70-8ccf-1facce88154b"",""service"":""b741f367-8920-4dad-ba9f-21940f6bcfe7"",""deployment"":""8b9c732a-1566-4070-a289-1db03b7edf5d"",""replica"":""a04c56f1-c4bf-408d-950c-a77921c239f0""}",2026-10-06T15:47:45.748250618Z
"2026-10-06 15:47:45,190 | INFO | ✅ webhook: sg_message_id=X0_6ReX3SKa_Xg05viRIEA Enviado → delivered",error,"{""level"":""error""}","{""project"":""266422dc-3751-4146-8a47-1dfd7aeb7284"",""environment"":""950bdac5-fb40-4f70-8ccf-1facce88154b"",""service"":""d36dbcc3-cd55-4a7a-baa1-f1f93642c3cc"",""deployment"":""f80f4047-168d-4653-ac85-441f312f05e5"",""replica"":""b6cfba12-d1ab-4faf-819e-52626ba9340c""}",2026-10-06T15:47:45.888421346Z
"INFO:     100.64.0.6:32446 - ""POST /webhooks/sendgrid HTTP/1.1"" 200 OK",info,"{""level"":""info""}","{""project"":""266422dc-3751-4146-8a47-1dfd7aeb7284"",""environment"":""950bdac5-fb40-4f70-8ccf-1facce88154b"",""service"":""d36dbcc3-cd55-4a7a-baa1-f1f93642c3cc"",""deployment"":""f80f4047-168d-4653-ac85-441f312f05e5"",""replica"":""b6cfba12-d1ab-4faf-819e-52626ba9340c""}",2026-10-06T15:47:47.667797499Z
"2026-10-06 15:47:47,116 | INFO | ✅ sg_message_id=jgbU1_zQR62s77c9zskSdg written for 20ecebe4-89c1-f111-aaaf-002248df2f15",error,"{""level"":""error""}","{""project"":""266422dc-3751-4146-8a47-1dfd7aeb7284"",""environment"":""950bdac5-fb40-4f70-8ccf-1facce88154b"",""service"":""b741f367-8920-4dad-ba9f-21940f6bcfe7"",""deployment"":""8b9c732a-1566-4070-a289-1db03b7edf5d"",""replica"":""a04c56f1-c4bf-408d-950c-a77921c239f0""}",2026-10-06T15:47:47.949506573Z
"2026-10-06 15:47:47,193 | INFO | ✅ Historic updated for yerikaadrianestradaacondori@gmail.com | new_links=['estudiante', 'padres']",error,"{""level"":""error""}","{""project"":""266422dc-3751-4146-8a47-1dfd7aeb7284"",""environment"":""950bdac5-fb40-4f70-8ccf-1facce88154b"",""service"":""b741f367-8920-4dad-ba9f-21940f6bcfe7"",""deployment"":""8b9c732a-1566-4070-a289-1db03b7edf5d"",""replica"":""a04c56f1-c4bf-408d-950c-a77921c239f0""}",2026-10-06T15:47:47.949513145Z
"2026-10-06 15:47:47,245 | INFO | file_cache is only supported with oauth2client<4.0.0",error,"{""level"":""error""}","{""project"":""266422dc-3751-4146-8a47-1dfd7aeb7284"",""environment"":""950bdac5-fb40-4f70-8ccf-1facce88154b"",""service"":""b741f367-8920-4dad-ba9f-21940f6bcfe7"",""deployment"":""8b9c732a-1566-4070-a289-1db03b7edf5d"",""replica"":""a04c56f1-c4bf-408d-950c-a77921c239f0""}",2026-10-06T15:47:47.949519078Z
"2026-10-06 15:47:48,285 | INFO | ✅ PDF received from Gotenberg: report_padres.pdf (1362298 bytes)",error,"{""level"":""error""}","{""project"":""266422dc-3751-4146-8a47-1dfd7aeb7284"",""environment"":""950bdac5-fb40-4f70-8ccf-1facce88154b"",""service"":""b741f367-8920-4dad-ba9f-21940f6bcfe7"",""deployment"":""8b9c732a-1566-4070-a289-1db03b7edf5d"",""replica"":""13815cf3-ad51-45bb-a7bf-ec1917ac87ee""}",2026-10-06T15:47:48.640404387Z
"2026-10-06 15:47:48,285 | INFO | 📄 PDFs done: ['estudiante', 'padres']",error,"{""level"":""error""}","{""project"":""266422dc-3751-4146-8a47-1dfd7aeb7284"",""environment"":""950bdac5-fb40-4f70-8ccf-1facce88154b"",""service"":""b741f367-8920-4dad-ba9f-21940f6bcfe7"",""deployment"":""8b9c732a-1566-4070-a289-1db03b7edf5d"",""replica"":""13815cf3-ad51-45bb-a7bf-ec1917ac87ee""}",2026-10-06T15:47:48.640409567Z
"2026-10-06 15:47:48,285 | INFO | 📤 Upsert historic JSON: dianamedinavegasgmail.com_0becebe4-89c1-f111-aaaf-002248df2f15-553158_input.json",error,"{""level"":""error""}","{""project"":""266422dc-3751-4146-8a47-1dfd7aeb7284"",""environment"":""950bdac5-fb40-4f70-8ccf-1facce88154b"",""service"":""b741f367-8920-4dad-ba9f-21940f6bcfe7"",""deployment"":""8b9c732a-1566-4070-a289-1db03b7edf5d"",""replica"":""13815cf3-ad51-45bb-a7bf-ec1917ac87ee""}",2026-10-06T15:47:48.640413986Z
"2026-10-06 15:47:48,316 | INFO | file_cache is only supported with oauth2client<4.0.0",error,"{""level"":""error""}","{""project"":""266422dc-3751-4146-8a47-1dfd7aeb7284"",""environment"":""950bdac5-fb40-4f70-8ccf-1facce88154b"",""service"":""b741f367-8920-4dad-ba9f-21940f6bcfe7"",""deployment"":""8b9c732a-1566-4070-a289-1db03b7edf5d"",""replica"":""13815cf3-ad51-45bb-a7bf-ec1917ac87ee""}",2026-10-06T15:47:48.640419326Z
"2026-10-06 15:47:48,849 | INFO | ✨ No existing file found, creating fresh historic JSON",error,"{""level"":""error""}","{""project"":""266422dc-3751-4146-8a47-1dfd7aeb7284"",""environment"":""950bdac5-fb40-4f70-8ccf-1facce88154b"",""service"":""b741f367-8920-4dad-ba9f-21940f6bcfe7"",""deployment"":""8b9c732a-1566-4070-a289-1db03b7edf5d"",""replica"":""13815cf3-ad51-45bb-a7bf-ec1917ac87ee""}",2026-10-06T15:47:48.858692306Z
request handled,info,"{""level"":""info"",""ts"":1791301661.9733293,""logger"":""api"",""log_type"":""access"",""correlation_id"":""91d235dc-0d46-4a0d-a13e-a5abfc17e81a"",""remote_ip"":""fd12:3f10:bfc4:1:9000:6b:a51f:f43"",""host"":""gotenberg.railway.internal:3000"",""uri"":""/forms/libreoffice/convert"",""method"":""POST"",""path"":""/forms/libreoffice/convert"",""referer"":"""",""user_agent"":""python-requests/2.34.2"",""status"":200,""latency"":4957571163,""latency_human"":""4.957571163s"",""bytes_in"":2200918,""bytes_out"":1095209,""trace_id"":""5ea637d8c80f52b4addcc0f331179cb0"",""span_id"":""45472d9a48de4f34""}","{""project"":""266422dc-3751-4146-8a47-1dfd7aeb7284"",""environment"":""950bdac5-fb40-4f70-8ccf-1facce88154b"",""service"":""6e4b4a7a-c604-411d-9203-fea0668646c4"",""deployment"":""5f1d4817-489a-4c40-9f9e-20d6ff45a00b"",""replica"":""777e03bc-fafc-4de9-ab42-2819f8ac9e9f""}",2026-10-06T15:47:49.229486876Z
request handled,info,"{""level"":""info"",""ts"":1791301668.2838628,""logger"":""api"",""log_type"":""access"",""correlation_id"":""4b433436-32b8-4645-9730-fc36d1e65adf"",""remote_ip"":""fd12:3f10:bfc4:1:9000:6b:a51f:f43"",""host"":""gotenberg.railway.internal:3000"",""uri"":""/forms/libreoffice/convert"",""method"":""POST"",""path"":""/forms/libreoffice/convert"",""referer"":"""",""user_agent"":""python-requests/2.34.2"",""status"":200,""latency"":6228412455,""latency_human"":""6.228412455s"",""bytes_in"":2470961,""bytes_out"":1362298,""trace_id"":""0df680419a6872e9309379808d054c35"",""span_id"":""dcd7812332bd0242""}","{""project"":""266422dc-3751-4146-8a47-1dfd7aeb7284"",""environment"":""950bdac5-fb40-4f70-8ccf-1facce88154b"",""service"":""6e4b4a7a-c604-411d-9203-fea0668646c4"",""deployment"":""5f1d4817-489a-4c40-9f9e-20d6ff45a00b"",""replica"":""777e03bc-fafc-4de9-ab42-2819f8ac9e9f""}",2026-10-06T15:47:49.229493188Z
"2026-10-06 15:47:49,181 | WARNING | No row found for sg_message_id=A_qdJ204RmaNzyMRn9PruA (event=delivered)",error,"{""level"":""error""}","{""project"":""266422dc-3751-4146-8a47-1dfd7aeb7284"",""environment"":""950bdac5-fb40-4f70-8ccf-1facce88154b"",""service"":""d36dbcc3-cd55-4a7a-baa1-f1f93642c3cc"",""deployment"":""f80f4047-168d-4653-ac85-441f312f05e5"",""replica"":""b6cfba12-d1ab-4faf-819e-52626ba9340c""}",2026-10-06T15:47:50.262685966Z
"2026-10-06 15:47:51,609 | INFO | ✅ Historic JSON upserted → https://drive.google.com/file/d/1QsgBpPfvY-ujskachM_da58oz3ghhJkp/view?usp=drivesdk",error,"{""level"":""error""}","{""project"":""266422dc-3751-4146-8a47-1dfd7aeb7284"",""environment"":""950bdac5-fb40-4f70-8ccf-1facce88154b"",""service"":""b741f367-8920-4dad-ba9f-21940f6bcfe7"",""deployment"":""8b9c732a-1566-4070-a289-1db03b7edf5d"",""replica"":""13815cf3-ad51-45bb-a7bf-ec1917ac87ee""}",2026-10-06T15:47:51.622080197Z
"2026-10-06 15:47:51,609 | ERROR | the user email is 0becebe4-89c1-f111-aaaf-002248df2f15",error,"{""level"":""error""}","{""project"":""266422dc-3751-4146-8a47-1dfd7aeb7284"",""environment"":""950bdac5-fb40-4f70-8ccf-1facce88154b"",""service"":""b741f367-8920-4dad-ba9f-21940f6bcfe7"",""deployment"":""8b9c732a-1566-4070-a289-1db03b7edf5d"",""replica"":""13815cf3-ad51-45bb-a7bf-ec1917ac87ee""}",2026-10-06T15:47:51.622085287Z
NoneType: None,error,"{""level"":""error""}","{""project"":""266422dc-3751-4146-8a47-1dfd7aeb7284"",""environment"":""950bdac5-fb40-4f70-8ccf-1facce88154b"",""service"":""b741f367-8920-4dad-ba9f-21940f6bcfe7"",""deployment"":""8b9c732a-1566-4070-a289-1db03b7edf5d"",""replica"":""13815cf3-ad51-45bb-a7bf-ec1917ac87ee""}",2026-10-06T15:47:51.622089097Z
"2026-10-06 15:47:51,610 | INFO | 📤 SFTP upload: vegas_diana_medina_estudiante_0becebe4-89c1-f111-aaaf-002248df2f15-553158.pdf → /home/u5-ekeoaos2hhsd/www/geroeducacion.com/public_html/pdf_storage/vegas_diana_medina_estudiante_0becebe4-89c1-f111-aaaf-002248df2f15-553158.pdf",error,"{""level"":""error""}","{""project"":""266422dc-3751-4146-8a47-1dfd7aeb7284"",""environment"":""950bdac5-fb40-4f70-8ccf-1facce88154b"",""service"":""b741f367-8920-4dad-ba9f-21940f6bcfe7"",""deployment"":""8b9c732a-1566-4070-a289-1db03b7edf5d"",""replica"":""13815cf3-ad51-45bb-a7bf-ec1917ac87ee""}",2026-10-06T15:47:51.622092397Z
"2026-10-06 15:47:51,611 | INFO | 📤 SFTP upload: vegas_diana_medina_padres_0becebe4-89c1-f111-aaaf-002248df2f15-553158.pdf → /home/u5-ekeoaos2hhsd/www/geroeducacion.com/public_html/pdf_storage/vegas_diana_medina_padres_0becebe4-89c1-f111-aaaf-002248df2f15-553158.pdf",error,"{""level"":""error""}","{""project"":""266422dc-3751-4146-8a47-1dfd7aeb7284"",""environment"":""950bdac5-fb40-4f70-8ccf-1facce88154b"",""service"":""b741f367-8920-4dad-ba9f-21940f6bcfe7"",""deployment"":""8b9c732a-1566-4070-a289-1db03b7edf5d"",""replica"":""13815cf3-ad51-45bb-a7bf-ec1917ac87ee""}",2026-10-06T15:47:51.622095787Z
"2026-10-06 15:47:52,006 | INFO | Connected (version 2.0, client OpenSSH)",error,"{""level"":""error""}","{""project"":""266422dc-3751-4146-8a47-1dfd7aeb7284"",""environment"":""950bdac5-fb40-4f70-8ccf-1facce88154b"",""service"":""b741f367-8920-4dad-ba9f-21940f6bcfe7"",""deployment"":""8b9c732a-1566-4070-a289-1db03b7edf5d"",""replica"":""13815cf3-ad51-45bb-a7bf-ec1917ac87ee""}",2026-10-06T15:47:52.014001044Z
"2026-10-06 15:47:52,020 | INFO | Connected (version 2.0, client OpenSSH)",error,"{""level"":""error""}","{""project"":""266422dc-3751-4146-8a47-1dfd7aeb7284"",""environment"":""950bdac5-fb40-4f70-8ccf-1facce88154b"",""service"":""b741f367-8920-4dad-ba9f-21940f6bcfe7"",""deployment"":""8b9c732a-1566-4070-a289-1db03b7edf5d"",""replica"":""13815cf3-ad51-45bb-a7bf-ec1917ac87ee""}",2026-10-06T15:47:52.028878494Z
"2026-10-06 15:47:51,293 | WARNING | No row found for sg_message_id=vc_GWl6xSzOxallgp-RGuw (event=delivered)",error,"{""level"":""error""}","{""project"":""266422dc-3751-4146-8a47-1dfd7aeb7284"",""environment"":""950bdac5-fb40-4f70-8ccf-1facce88154b"",""service"":""d36dbcc3-cd55-4a7a-baa1-f1f93642c3cc"",""deployment"":""f80f4047-168d-4653-ac85-441f312f05e5"",""replica"":""b6cfba12-d1ab-4faf-819e-52626ba9340c""}",2026-10-06T15:47:52.144404804Z
"2026-10-06 15:47:53,066 | INFO | Authentication (publickey) successful!",error,"{""level"":""error""}","{""project"":""266422dc-3751-4146-8a47-1dfd7aeb7284"",""environment"":""950bdac5-fb40-4f70-8ccf-1facce88154b"",""service"":""b741f367-8920-4dad-ba9f-21940f6bcfe7"",""deployment"":""8b9c732a-1566-4070-a289-1db03b7edf5d"",""replica"":""13815cf3-ad51-45bb-a7bf-ec1917ac87ee""}",2026-10-06T15:47:53.073838039Z
"2026-10-06 15:47:53,118 | INFO | Authentication (publickey) successful!",error,"{""level"":""error""}","{""project"":""266422dc-3751-4146-8a47-1dfd7aeb7284"",""environment"":""950bdac5-fb40-4f70-8ccf-1facce88154b"",""service"":""b741f367-8920-4dad-ba9f-21940f6bcfe7"",""deployment"":""8b9c732a-1566-4070-a289-1db03b7edf5d"",""replica"":""13815cf3-ad51-45bb-a7bf-ec1917ac87ee""}",2026-10-06T15:47:53.134543722Z
"2026-10-06 15:47:53,642 | INFO | [chan 0] Opened sftp connection (server version 3)",error,"{""level"":""error""}","{""project"":""266422dc-3751-4146-8a47-1dfd7aeb7284"",""environment"":""950bdac5-fb40-4f70-8ccf-1facce88154b"",""service"":""b741f367-8920-4dad-ba9f-21940f6bcfe7"",""deployment"":""8b9c732a-1566-4070-a289-1db03b7edf5d"",""replica"":""13815cf3-ad51-45bb-a7bf-ec1917ac87ee""}",2026-10-06T15:47:53.650832362Z
"2026-10-06 15:47:53,716 | INFO | [chan 0] Opened sftp connection (server version 3)",error,"{""level"":""error""}","{""project"":""266422dc-3751-4146-8a47-1dfd7aeb7284"",""environment"":""950bdac5-fb40-4f70-8ccf-1facce88154b"",""service"":""b741f367-8920-4dad-ba9f-21940f6bcfe7"",""deployment"":""8b9c732a-1566-4070-a289-1db03b7edf5d"",""replica"":""13815cf3-ad51-45bb-a7bf-ec1917ac87ee""}",2026-10-06T15:47:53.724036697Z
"2026-10-06 15:47:53,344 | WARNING | No row found for sg_message_id=bN21fzkrQCm5ksddoXs0DQ (event=open)",error,"{""level"":""error""}","{""project"":""266422dc-3751-4146-8a47-1dfd7aeb7284"",""environment"":""950bdac5-fb40-4f70-8ccf-1facce88154b"",""service"":""d36dbcc3-cd55-4a7a-baa1-f1f93642c3cc"",""deployment"":""f80f4047-168d-4653-ac85-441f312f05e5"",""replica"":""b6cfba12-d1ab-4faf-819e-52626ba9340c""}",2026-10-06T15:47:54.012663353Z
"2026-10-06 15:47:55,601 | INFO | [chan 0] sftp session closed.",error,"{""level"":""error""}","{""project"":""266422dc-3751-4146-8a47-1dfd7aeb7284"",""environment"":""950bdac5-fb40-4f70-8ccf-1facce88154b"",""service"":""b741f367-8920-4dad-ba9f-21940f6bcfe7"",""deployment"":""8b9c732a-1566-4070-a289-1db03b7edf5d"",""replica"":""13815cf3-ad51-45bb-a7bf-ec1917ac87ee""}",2026-10-06T15:47:55.608787629Z
"2026-10-06 15:47:55,601 | INFO | ✅ SiteGround file live at: https://geroeducacion.com/pdf_storage/vegas_diana_medina_padres_0becebe4-89c1-f111-aaaf-002248df2f15-553158.pdf",error,"{""level"":""error""}","{""project"":""266422dc-3751-4146-8a47-1dfd7aeb7284"",""environment"":""950bdac5-fb40-4f70-8ccf-1facce88154b"",""service"":""b741f367-8920-4dad-ba9f-21940f6bcfe7"",""deployment"":""8b9c732a-1566-4070-a289-1db03b7edf5d"",""replica"":""13815cf3-ad51-45bb-a7bf-ec1917ac87ee""}",2026-10-06T15:47:55.608793409Z
"2026-10-06 15:47:56,109 | INFO | [chan 0] sftp session closed.",error,"{""level"":""error""}","{""project"":""266422dc-3751-4146-8a47-1dfd7aeb7284"",""environment"":""950bdac5-fb40-4f70-8ccf-1facce88154b"",""service"":""b741f367-8920-4dad-ba9f-21940f6bcfe7"",""deployment"":""8b9c732a-1566-4070-a289-1db03b7edf5d"",""replica"":""13815cf3-ad51-45bb-a7bf-ec1917ac87ee""}",2026-10-06T15:47:56.116924351Z
"2026-10-06 15:47:56,109 | INFO | ✅ SiteGround file live at: https://geroeducacion.com/pdf_storage/vegas_diana_medina_estudiante_0becebe4-89c1-f111-aaaf-002248df2f15-553158.pdf",error,"{""level"":""error""}","{""project"":""266422dc-3751-4146-8a47-1dfd7aeb7284"",""environment"":""950bdac5-fb40-4f70-8ccf-1facce88154b"",""service"":""b741f367-8920-4dad-ba9f-21940f6bcfe7"",""deployment"":""8b9c732a-1566-4070-a289-1db03b7edf5d"",""replica"":""13815cf3-ad51-45bb-a7bf-ec1917ac87ee""}",2026-10-06T15:47:56.116936031Z
"2026-10-06 15:47:56,110 | INFO | 📨 Posting UTP payload | endpoint=https://crm02.utp.edu.pe/VisualizateV2/api/v1/student-results | leadId=0becebe4-89c1-f111-aaaf-002248df2f15 | career1=ADMINISTRACIÓN DE NEGOCIOS INTERNACIONALES | career2= | resultsLink=https://geroeducacion.com/pdf_storage/vegas_diana_medina_estudiante_0becebe4-89c1-f111-aaaf-002248df2f15-553158.pdf | resultsLinkParent=https://geroeducacion.com/pdf_storage/vegas_diana_medina_padres_0becebe4-89c1-f111-aaaf-002248df2f15-553158.pdf",error,"{""level"":""error""}","{""project"":""266422dc-3751-4146-8a47-1dfd7aeb7284"",""environment"":""950bdac5-fb40-4f70-8ccf-1facce88154b"",""service"":""b741f367-8920-4dad-ba9f-21940f6bcfe7"",""deployment"":""8b9c732a-1566-4070-a289-1db03b7edf5d"",""replica"":""13815cf3-ad51-45bb-a7bf-ec1917ac87ee""}",2026-10-06T15:47:56.116943741Z
"2026-10-06 15:47:55,418 | WARNING | No row found for sg_message_id=A_qdJ204RmaNzyMRn9PruA (event=processed)",error,"{""level"":""error""}","{""project"":""266422dc-3751-4146-8a47-1dfd7aeb7284"",""environment"":""950bdac5-fb40-4f70-8ccf-1facce88154b"",""service"":""d36dbcc3-cd55-4a7a-baa1-f1f93642c3cc"",""deployment"":""f80f4047-168d-4653-ac85-441f312f05e5"",""replica"":""b6cfba12-d1ab-4faf-819e-52626ba9340c""}",2026-10-06T15:47:56.401258079Z
request handled,info,"{""level"":""info"",""ts"":1791301677.4872005,""logger"":""api"",""log_type"":""access"",""correlation_id"":""daca9693-394a-48c3-a911-7f02088a2565"",""remote_ip"":""fd12:3f10:bfc4:1:9000:7a:c710:168c"",""host"":""gotenberg.railway.internal:3000"",""uri"":""/forms/libreoffice/convert"",""method"":""POST"",""path"":""/forms/libreoffice/convert"",""referer"":"""",""user_agent"":""python-requests/2.34.2"",""status"":200,""latency"":5274939782,""latency_human"":""5.274939782s"",""bytes_in"":2199655,""bytes_out"":1092820,""trace_id"":""4c78fc10ff64251763d8874656eb7c12"",""span_id"":""f0660de565f2f259""}","{""project"":""266422dc-3751-4146-8a47-1dfd7aeb7284"",""environment"":""950bdac5-fb40-4f70-8ccf-1facce88154b"",""service"":""6e4b4a7a-c604-411d-9203-fea0668646c4"",""deployment"":""5f1d4817-489a-4c40-9f9e-20d6ff45a00b"",""replica"":""777e03bc-fafc-4de9-ab42-2819f8ac9e9f""}",2026-10-06T15:47:57.493289804Z
"2026-10-06 15:47:57,438 | INFO | ✅ UTP endpoint response: {'success': True, 'validationId': '88a6f5d4-7b79-4f66-9b31-dfde94323a7b', 'message': 'Result received successfully.'}",error,"{""level"":""error""}","{""project"":""266422dc-3751-4146-8a47-1dfd7aeb7284"",""environment"":""950bdac5-fb40-4f70-8ccf-1facce88154b"",""service"":""b741f367-8920-4dad-ba9f-21940f6bcfe7"",""deployment"":""8b9c732a-1566-4070-a289-1db03b7edf5d"",""replica"":""13815cf3-ad51-45bb-a7bf-ec1917ac87ee""}",2026-10-06T15:47:57.686397692Z
"2026-10-06 15:47:57,438 | INFO | 🔖 validationId received: 88a6f5d4-7b79-4f66-9b31-dfde94323a7b",error,"{""level"":""error""}","{""project"":""266422dc-3751-4146-8a47-1dfd7aeb7284"",""environment"":""950bdac5-fb40-4f70-8ccf-1facce88154b"",""service"":""b741f367-8920-4dad-ba9f-21940f6bcfe7"",""deployment"":""8b9c732a-1566-4070-a289-1db03b7edf5d"",""replica"":""13815cf3-ad51-45bb-a7bf-ec1917ac87ee""}",2026-10-06T15:47:57.686407172Z
"2026-10-06 15:47:57,459 | WARNING | No row found for sg_message_id=vc_GWl6xSzOxallgp-RGuw (event=processed)",error,"{""level"":""error""}","{""project"":""266422dc-3751-4146-8a47-1dfd7aeb7284"",""environment"":""950bdac5-fb40-4f70-8ccf-1facce88154b"",""service"":""d36dbcc3-cd55-4a7a-baa1-f1f93642c3cc"",""deployment"":""f80f4047-168d-4653-ac85-441f312f05e5"",""replica"":""b6cfba12-d1ab-4faf-819e-52626ba9340c""}",2026-10-06T15:47:57.843011668Z
"INFO:     100.64.0.12:15744 - ""POST /webhooks/sendgrid HTTP/1.1"" 200 OK",info,"{""level"":""info""}","{""project"":""266422dc-3751-4146-8a47-1dfd7aeb7284"",""environment"":""950bdac5-fb40-4f70-8ccf-1facce88154b"",""service"":""d36dbcc3-cd55-4a7a-baa1-f1f93642c3cc"",""deployment"":""f80f4047-168d-4653-ac85-441f312f05e5"",""replica"":""b6cfba12-d1ab-4faf-819e-52626ba9340c""}",2026-10-06T15:47:57.843018900Z
"2026-10-06 15:47:59,515 | INFO | ✅ validationId=88a6f5d4-7b79-4f66-9b31-dfde94323a7b written to byw_tracking_algoritmo_AC for 0becebe4-89c1-f111-aaaf-002248df2f15",error,"{""level"":""error""}","{""project"":""266422dc-3751-4146-8a47-1dfd7aeb7284"",""environment"":""950bdac5-fb40-4f70-8ccf-1facce88154b"",""service"":""b741f367-8920-4dad-ba9f-21940f6bcfe7"",""deployment"":""8b9c732a-1566-4070-a289-1db03b7edf5d"",""replica"":""13815cf3-ad51-45bb-a7bf-ec1917ac87ee""}",2026-10-06T15:47:59.558057361Z
"2026-10-06 15:47:59,509 | WARNING | No row found for sg_message_id=alJwROh6SiW5UIQsy2p3zQ (event=open)",error,"{""level"":""error""}","{""project"":""266422dc-3751-4146-8a47-1dfd7aeb7284"",""environment"":""950bdac5-fb40-4f70-8ccf-1facce88154b"",""service"":""d36dbcc3-cd55-4a7a-baa1-f1f93642c3cc"",""deployment"":""f80f4047-168d-4653-ac85-441f312f05e5"",""replica"":""b6cfba12-d1ab-4faf-819e-52626ba9340c""}",2026-10-06T15:48:00.123906295Z
"INFO:     100.64.0.8:40430 - ""POST /webhooks/sendgrid HTTP/1.1"" 200 OK",info,"{""level"":""info""}","{""project"":""266422dc-3751-4146-8a47-1dfd7aeb7284"",""environment"":""950bdac5-fb40-4f70-8ccf-1facce88154b"",""service"":""d36dbcc3-cd55-4a7a-baa1-f1f93642c3cc"",""deployment"":""f80f4047-168d-4653-ac85-441f312f05e5"",""replica"":""b6cfba12-d1ab-4faf-819e-52626ba9340c""}",2026-10-06T15:48:00.123915869Z
"2026-10-06 15:47:51,192 | ERROR | ⚠️ Failed to update status sheet (non-fatal)",error,"{""level"":""error""}","{""project"":""266422dc-3751-4146-8a47-1dfd7aeb7284"",""environment"":""950bdac5-fb40-4f70-8ccf-1facce88154b"",""service"":""b741f367-8920-4dad-ba9f-21940f6bcfe7"",""deployment"":""8b9c732a-1566-4070-a289-1db03b7edf5d"",""replica"":""e9529e4a-c029-42c5-9d7b-44a956ef3bea""}",2026-10-06T15:48:00.791996705Z
Traceback (most recent call last):,error,"{""level"":""error""}","{""project"":""266422dc-3751-4146-8a47-1dfd7aeb7284"",""environment"":""950bdac5-fb40-4f70-8ccf-1facce88154b"",""service"":""b741f367-8920-4dad-ba9f-21940f6bcfe7"",""deployment"":""8b9c732a-1566-4070-a289-1db03b7edf5d"",""replica"":""e9529e4a-c029-42c5-9d7b-44a956ef3bea""}",2026-10-06T15:48:00.792007395Z
"  File ""/app/app/pipeline/sheets_updater.py"", line 186, in update_student_status",error,"{""level"":""error""}","{""project"":""266422dc-3751-4146-8a47-1dfd7aeb7284"",""environment"":""950bdac5-fb40-4f70-8ccf-1facce88154b"",""service"":""b741f367-8920-4dad-ba9f-21940f6bcfe7"",""deployment"":""8b9c732a-1566-4070-a289-1db03b7edf5d"",""replica"":""e9529e4a-c029-42c5-9d7b-44a956ef3bea""}",2026-10-06T15:48:00.792013075Z
"    _ensure_headers(service, spreadsheet_id)",error,"{""level"":""error""}","{""project"":""266422dc-3751-4146-8a47-1dfd7aeb7284"",""environment"":""950bdac5-fb40-4f70-8ccf-1facce88154b"",""service"":""b741f367-8920-4dad-ba9f-21940f6bcfe7"",""deployment"":""8b9c732a-1566-4070-a289-1db03b7edf5d"",""replica"":""e9529e4a-c029-42c5-9d7b-44a956ef3bea""}",2026-10-06T15:48:00.792019635Z
"  File ""/app/app/pipeline/sheets_updater.py"", line 85, in _ensure_headers",error,"{""level"":""error""}","{""project"":""266422dc-3751-4146-8a47-1dfd7aeb7284"",""environment"":""950bdac5-fb40-4f70-8ccf-1facce88154b"",""service"":""b741f367-8920-4dad-ba9f-21940f6bcfe7"",""deployment"":""8b9c732a-1566-4070-a289-1db03b7edf5d"",""replica"":""e9529e4a-c029-42c5-9d7b-44a956ef3bea""}",2026-10-06T15:48:00.792023595Z
    result = _with_backoff(lambda: (,error,"{""level"":""error""}","{""project"":""266422dc-3751-4146-8a47-1dfd7aeb7284"",""environment"":""950bdac5-fb40-4f70-8ccf-1facce88154b"",""service"":""b741f367-8920-4dad-ba9f-21940f6bcfe7"",""deployment"":""8b9c732a-1566-4070-a289-1db03b7edf5d"",""replica"":""e9529e4a-c029-42c5-9d7b-44a956ef3bea""}",2026-10-06T15:48:00.792028345Z
             ^^^^^^^^^^^^^^^^^^^^^^^,error,"{""level"":""error""}","{""project"":""266422dc-3751-4146-8a47-1dfd7aeb7284"",""environment"":""950bdac5-fb40-4f70-8ccf-1facce88154b"",""service"":""b741f367-8920-4dad-ba9f-21940f6bcfe7"",""deployment"":""8b9c732a-1566-4070-a289-1db03b7edf5d"",""replica"":""e9529e4a-c029-42c5-9d7b-44a956ef3bea""}",2026-10-06T15:48:00.792032195Z
"  File ""/app/app/pipeline/sheets_updater.py"", line 70, in _with_backoff",error,"{""level"":""error""}","{""project"":""266422dc-3751-4146-8a47-1dfd7aeb7284"",""environment"":""950bdac5-fb40-4f70-8ccf-1facce88154b"",""service"":""b741f367-8920-4dad-ba9f-21940f6bcfe7"",""deployment"":""8b9c732a-1566-4070-a289-1db03b7edf5d"",""replica"":""e9529e4a-c029-42c5-9d7b-44a956ef3bea""}",2026-10-06T15:48:00.792035285Z
    return fn(),error,"{""level"":""error""}","{""project"":""266422dc-3751-4146-8a47-1dfd7aeb7284"",""environment"":""950bdac5-fb40-4f70-8ccf-1facce88154b"",""service"":""b741f367-8920-4dad-ba9f-21940f6bcfe7"",""deployment"":""8b9c732a-1566-4070-a289-1db03b7edf5d"",""replica"":""e9529e4a-c029-42c5-9d7b-44a956ef3bea""}",2026-10-06T15:48:00.792044845Z
           ^^^^,error,"{""level"":""error""}","{""project"":""266422dc-3751-4146-8a47-1dfd7aeb7284"",""environment"":""950bdac5-fb40-4f70-8ccf-1facce88154b"",""service"":""b741f367-8920-4dad-ba9f-21940f6bcfe7"",""deployment"":""8b9c732a-1566-4070-a289-1db03b7edf5d"",""replica"":""e9529e4a-c029-42c5-9d7b-44a956ef3bea""}",2026-10-06T15:48:00.792049565Z
"  File ""/app/app/pipeline/sheets_updater.py"", line 89, in <lambda>",error,"{""level"":""error""}","{""project"":""266422dc-3751-4146-8a47-1dfd7aeb7284"",""environment"":""950bdac5-fb40-4f70-8ccf-1facce88154b"",""service"":""b741f367-8920-4dad-ba9f-21940f6bcfe7"",""deployment"":""8b9c732a-1566-4070-a289-1db03b7edf5d"",""replica"":""e9529e4a-c029-42c5-9d7b-44a956ef3bea""}",2026-10-06T15:48:00.792053624Z
    ).execute(),error,"{""level"":""error""}","{""project"":""266422dc-3751-4146-8a47-1dfd7aeb7284"",""environment"":""950bdac5-fb40-4f70-8ccf-1facce88154b"",""service"":""b741f367-8920-4dad-ba9f-21940f6bcfe7"",""deployment"":""8b9c732a-1566-4070-a289-1db03b7edf5d"",""replica"":""e9529e4a-c029-42c5-9d7b-44a956ef3bea""}",2026-10-06T15:48:00.792057284Z
      ^^^^^^^^^,error,"{""level"":""error""}","{""project"":""266422dc-3751-4146-8a47-1dfd7aeb7284"",""environment"":""950bdac5-fb40-4f70-8ccf-1facce88154b"",""service"":""b741f367-8920-4dad-ba9f-21940f6bcfe7"",""deployment"":""8b9c732a-1566-4070-a289-1db03b7edf5d"",""replica"":""e9529e4a-c029-42c5-9d7b-44a956ef3bea""}",2026-10-06T15:48:00.792061624Z
"  File ""/usr/local/lib/python3.11/site-packages/googleapiclient/_helpers.py"", line 130, in positional_wrapper",error,"{""level"":""error""}","{""project"":""266422dc-3751-4146-8a47-1dfd7aeb7284"",""environment"":""950bdac5-fb40-4f70-8ccf-1facce88154b"",""service"":""b741f367-8920-4dad-ba9f-21940f6bcfe7"",""deployment"":""8b9c732a-1566-4070-a289-1db03b7edf5d"",""replica"":""e9529e4a-c029-42c5-9d7b-44a956ef3bea""}",2026-10-06T15:48:00.792064994Z
"    return wrapped(*args, **kwargs)",error,"{""level"":""error""}","{""project"":""266422dc-3751-4146-8a47-1dfd7aeb7284"",""environment"":""950bdac5-fb40-4f70-8ccf-1facce88154b"",""service"":""b741f367-8920-4dad-ba9f-21940f6bcfe7"",""deployment"":""8b9c732a-1566-4070-a289-1db03b7edf5d"",""replica"":""e9529e4a-c029-42c5-9d7b-44a956ef3bea""}",2026-10-06T15:48:00.792069874Z
           ^^^^^^^^^^^^^^^^^^^^^^^^,error,"{""level"":""error""}","{""project"":""266422dc-3751-4146-8a47-1dfd7aeb7284"",""environment"":""950bdac5-fb40-4f70-8ccf-1facce88154b"",""service"":""b741f367-8920-4dad-ba9f-21940f6bcfe7"",""deployment"":""8b9c732a-1566-4070-a289-1db03b7edf5d"",""replica"":""e9529e4a-c029-42c5-9d7b-44a956ef3bea""}",2026-10-06T15:48:00.792073374Z
"  File ""/usr/local/lib/python3.11/site-packages/googleapiclient/http.py"", line 1003, in execute",error,"{""level"":""error""}","{""project"":""266422dc-3751-4146-8a47-1dfd7aeb7284"",""environment"":""950bdac5-fb40-4f70-8ccf-1facce88154b"",""service"":""b741f367-8920-4dad-ba9f-21940f6bcfe7"",""deployment"":""8b9c732a-1566-4070-a289-1db03b7edf5d"",""replica"":""e9529e4a-c029-42c5-9d7b-44a956ef3bea""}",2026-10-06T15:48:00.792288820Z
"    resp, content = _retry_request(",error,"{""level"":""error""}","{""project"":""266422dc-3751-4146-8a47-1dfd7aeb7284"",""environment"":""950bdac5-fb40-4f70-8ccf-1facce88154b"",""service"":""b741f367-8920-4dad-ba9f-21940f6bcfe7"",""deployment"":""8b9c732a-1566-4070-a289-1db03b7edf5d"",""replica"":""e9529e4a-c029-42c5-9d7b-44a956ef3bea""}",2026-10-06T15:48:00.792301240Z
                    ^^^^^^^^^^^^^^^,error,"{""level"":""error""}","{""project"":""266422dc-3751-4146-8a47-1dfd7aeb7284"",""environment"":""950bdac5-fb40-4f70-8ccf-1facce88154b"",""service"":""b741f367-8920-4dad-ba9f-21940f6bcfe7"",""deployment"":""8b9c732a-1566-4070-a289-1db03b7edf5d"",""replica"":""e9529e4a-c029-42c5-9d7b-44a956ef3bea""}",2026-10-06T15:48:00.792314250Z
"  File ""/usr/local/lib/python3.11/site-packages/googleapiclient/http.py"", line 222, in _retry_request",error,"{""level"":""error""}","{""project"":""266422dc-3751-4146-8a47-1dfd7aeb7284"",""environment"":""950bdac5-fb40-4f70-8ccf-1facce88154b"",""service"":""b741f367-8920-4dad-ba9f-21940f6bcfe7"",""deployment"":""8b9c732a-1566-4070-a289-1db03b7edf5d"",""replica"":""e9529e4a-c029-42c5-9d7b-44a956ef3bea""}",2026-10-06T15:48:00.792321960Z
    raise exception,error,"{""level"":""error""}","{""project"":""266422dc-3751-4146-8a47-1dfd7aeb7284"",""environment"":""950bdac5-fb40-4f70-8ccf-1facce88154b"",""service"":""b741f367-8920-4dad-ba9f-21940f6bcfe7"",""deployment"":""8b9c732a-1566-4070-a289-1db03b7edf5d"",""replica"":""e9529e4a-c029-42c5-9d7b-44a956ef3bea""}",2026-10-06T15:48:00.792327050Z
"  File ""/usr/local/lib/python3.11/site-packages/googleapiclient/http.py"", line 191, in _retry_request",error,"{""level"":""error""}","{""project"":""266422dc-3751-4146-8a47-1dfd7aeb7284"",""environment"":""950bdac5-fb40-4f70-8ccf-1facce88154b"",""service"":""b741f367-8920-4dad-ba9f-21940f6bcfe7"",""deployment"":""8b9c732a-1566-4070-a289-1db03b7edf5d"",""replica"":""e9529e4a-c029-42c5-9d7b-44a956ef3bea""}",2026-10-06T15:48:00.792331650Z
"    resp, content = http.request(uri, method, *args, **kwargs)",error,"{""level"":""error""}","{""project"":""266422dc-3751-4146-8a47-1dfd7aeb7284"",""environment"":""950bdac5-fb40-4f70-8ccf-1facce88154b"",""service"":""b741f367-8920-4dad-ba9f-21940f6bcfe7"",""deployment"":""8b9c732a-1566-4070-a289-1db03b7edf5d"",""replica"":""e9529e4a-c029-42c5-9d7b-44a956ef3bea""}",2026-10-06T15:48:00.793889872Z
                    ^^^^^^^^^^^^^^^^^^^^^^^^^^^^^^^^^^^^^^^^^^,error,"{""level"":""error""}","{""project"":""266422dc-3751-4146-8a47-1dfd7aeb7284"",""environment"":""950bdac5-fb40-4f70-8ccf-1facce88154b"",""service"":""b741f367-8920-4dad-ba9f-21940f6bcfe7"",""deployment"":""8b9c732a-1566-4070-a289-1db03b7edf5d"",""replica"":""e9529e4a-c029-42c5-9d7b-44a956ef3bea""}",2026-10-06T15:48:00.793895012Z
"  File ""/usr/local/lib/python3.11/site-packages/google_auth_httplib2.py"", line 214, in request",error,"{""level"":""error""}","{""project"":""266422dc-3751-4146-8a47-1dfd7aeb7284"",""environment"":""950bdac5-fb40-4f70-8ccf-1facce88154b"",""service"":""b741f367-8920-4dad-ba9f-21940f6bcfe7"",""deployment"":""8b9c732a-1566-4070-a289-1db03b7edf5d"",""replica"":""e9529e4a-c029-42c5-9d7b-44a956ef3bea""}",2026-10-06T15:48:00.793898122Z
"    response, content = self.http.request(",error,"{""level"":""error""}","{""project"":""266422dc-3751-4146-8a47-1dfd7aeb7284"",""environment"":""950bdac5-fb40-4f70-8ccf-1facce88154b"",""service"":""b741f367-8920-4dad-ba9f-21940f6bcfe7"",""deployment"":""8b9c732a-1566-4070-a289-1db03b7edf5d"",""replica"":""e9529e4a-c029-42c5-9d7b-44a956ef3bea""}",2026-10-06T15:48:00.793900942Z
                        ^^^^^^^^^^^^^^^^^^,error,"{""level"":""error""}","{""project"":""266422dc-3751-4146-8a47-1dfd7aeb7284"",""environment"":""950bdac5-fb40-4f70-8ccf-1facce88154b"",""service"":""b741f367-8920-4dad-ba9f-21940f6bcfe7"",""deployment"":""8b9c732a-1566-4070-a289-1db03b7edf5d"",""replica"":""e9529e4a-c029-42c5-9d7b-44a956ef3bea""}",2026-10-06T15:48:00.793903862Z
"  File ""/usr/local/lib/python3.11/site-packages/httplib2/__init__.py"", line 1755, in request",error,"{""level"":""error""}","{""project"":""266422dc-3751-4146-8a47-1dfd7aeb7284"",""environment"":""950bdac5-fb40-4f70-8ccf-1facce88154b"",""service"":""b741f367-8920-4dad-ba9f-21940f6bcfe7"",""deployment"":""8b9c732a-1566-4070-a289-1db03b7edf5d"",""replica"":""e9529e4a-c029-42c5-9d7b-44a956ef3bea""}",2026-10-06T15:48:00.793906522Z
"    (response, content) = self._request(",error,"{""level"":""error""}","{""project"":""266422dc-3751-4146-8a47-1dfd7aeb7284"",""environment"":""950bdac5-fb40-4f70-8ccf-1facce88154b"",""service"":""b741f367-8920-4dad-ba9f-21940f6bcfe7"",""deployment"":""8b9c732a-1566-4070-a289-1db03b7edf5d"",""replica"":""e9529e4a-c029-42c5-9d7b-44a956ef3bea""}",2026-10-06T15:48:00.793909491Z
                          ^^^^^^^^^^^^^^,error,"{""level"":""error""}","{""project"":""266422dc-3751-4146-8a47-1dfd7aeb7284"",""environment"":""950bdac5-fb40-4f70-8ccf-1facce88154b"",""service"":""b741f367-8920-4dad-ba9f-21940f6bcfe7"",""deployment"":""8b9c732a-1566-4070-a289-1db03b7edf5d"",""replica"":""e9529e4a-c029-42c5-9d7b-44a956ef3bea""}",2026-10-06T15:48:00.793912231Z
"  File ""/usr/local/lib/python3.11/site-packages/httplib2/__init__.py"", line 1475, in _request",error,"{""level"":""error""}","{""project"":""266422dc-3751-4146-8a47-1dfd7aeb7284"",""environment"":""950bdac5-fb40-4f70-8ccf-1facce88154b"",""service"":""b741f367-8920-4dad-ba9f-21940f6bcfe7"",""deployment"":""8b9c732a-1566-4070-a289-1db03b7edf5d"",""replica"":""e9529e4a-c029-42c5-9d7b-44a956ef3bea""}",2026-10-06T15:48:00.793916751Z
"    (response, content) = self._conn_request(conn, request_uri, method, body, headers)",error,"{""level"":""error""}","{""project"":""266422dc-3751-4146-8a47-1dfd7aeb7284"",""environment"":""950bdac5-fb40-4f70-8ccf-1facce88154b"",""service"":""b741f367-8920-4dad-ba9f-21940f6bcfe7"",""deployment"":""8b9c732a-1566-4070-a289-1db03b7edf5d"",""replica"":""e9529e4a-c029-42c5-9d7b-44a956ef3bea""}",2026-10-06T15:48:00.793919651Z
                          ^^^^^^^^^^^^^^^^^^^^^^^^^^^^^^^^^^^^^^^^^^^^^^^^^^^^^^^^^^^^,error,"{""level"":""error""}","{""project"":""266422dc-3751-4146-8a47-1dfd7aeb7284"",""environment"":""950bdac5-fb40-4f70-8ccf-1facce88154b"",""service"":""b741f367-8920-4dad-ba9f-21940f6bcfe7"",""deployment"":""8b9c732a-1566-4070-a289-1db03b7edf5d"",""replica"":""e9529e4a-c029-42c5-9d7b-44a956ef3bea""}",2026-10-06T15:48:00.793922471Z
"  File ""/usr/local/lib/python3.11/site-packages/httplib2/__init__.py"", line 1427, in _conn_request",error,"{""level"":""error""}","{""project"":""266422dc-3751-4146-8a47-1dfd7aeb7284"",""environment"":""950bdac5-fb40-4f70-8ccf-1facce88154b"",""service"":""b741f367-8920-4dad-ba9f-21940f6bcfe7"",""deployment"":""8b9c732a-1566-4070-a289-1db03b7edf5d"",""replica"":""e9529e4a-c029-42c5-9d7b-44a956ef3bea""}",2026-10-06T15:48:00.793924911Z
    response = conn.getresponse(),error,"{""level"":""error""}","{""project"":""266422dc-3751-4146-8a47-1dfd7aeb7284"",""environment"":""950bdac5-fb40-4f70-8ccf-1facce88154b"",""service"":""b741f367-8920-4dad-ba9f-21940f6bcfe7"",""deployment"":""8b9c732a-1566-4070-a289-1db03b7edf5d"",""replica"":""e9529e4a-c029-42c5-9d7b-44a956ef3bea""}",2026-10-06T15:48:00.793927911Z
               ^^^^^^^^^^^^^^^^^^,error,"{""level"":""error""}","{""project"":""266422dc-3751-4146-8a47-1dfd7aeb7284"",""environment"":""950bdac5-fb40-4f70-8ccf-1facce88154b"",""service"":""b741f367-8920-4dad-ba9f-21940f6bcfe7"",""deployment"":""8b9c732a-1566-4070-a289-1db03b7edf5d"",""replica"":""e9529e4a-c029-42c5-9d7b-44a956ef3bea""}",2026-10-06T15:48:00.793930941Z
"  File ""/usr/local/lib/python3.11/http/client.py"", line 1443, in getresponse",error,"{""level"":""error""}","{""project"":""266422dc-3751-4146-8a47-1dfd7aeb7284"",""environment"":""950bdac5-fb40-4f70-8ccf-1facce88154b"",""service"":""b741f367-8920-4dad-ba9f-21940f6bcfe7"",""deployment"":""8b9c732a-1566-4070-a289-1db03b7edf5d"",""replica"":""e9529e4a-c029-42c5-9d7b-44a956ef3bea""}",2026-10-06T15:48:00.793933651Z
    response.begin(),error,"{""level"":""error""}","{""project"":""266422dc-3751-4146-8a47-1dfd7aeb7284"",""environment"":""950bdac5-fb40-4f70-8ccf-1facce88154b"",""service"":""b741f367-8920-4dad-ba9f-21940f6bcfe7"",""deployment"":""8b9c732a-1566-4070-a289-1db03b7edf5d"",""replica"":""e9529e4a-c029-42c5-9d7b-44a956ef3bea""}",2026-10-06T15:48:00.793937181Z
"  File ""/usr/local/lib/python3.11/http/client.py"", line 337, in begin",error,"{""level"":""error""}","{""project"":""266422dc-3751-4146-8a47-1dfd7aeb7284"",""environment"":""950bdac5-fb40-4f70-8ccf-1facce88154b"",""service"":""b741f367-8920-4dad-ba9f-21940f6bcfe7"",""deployment"":""8b9c732a-1566-4070-a289-1db03b7edf5d"",""replica"":""e9529e4a-c029-42c5-9d7b-44a956ef3bea""}",2026-10-06T15:48:00.793939891Z
"    version, status, reason = self._read_status()",error,"{""level"":""error""}","{""project"":""266422dc-3751-4146-8a47-1dfd7aeb7284"",""environment"":""950bdac5-fb40-4f70-8ccf-1facce88154b"",""service"":""b741f367-8920-4dad-ba9f-21940f6bcfe7"",""deployment"":""8b9c732a-1566-4070-a289-1db03b7edf5d"",""replica"":""e9529e4a-c029-42c5-9d7b-44a956ef3bea""}",2026-10-06T15:48:00.793942421Z
                              ^^^^^^^^^^^^^^^^^^^,error,"{""level"":""error""}","{""project"":""266422dc-3751-4146-8a47-1dfd7aeb7284"",""environment"":""950bdac5-fb40-4f70-8ccf-1facce88154b"",""service"":""b741f367-8920-4dad-ba9f-21940f6bcfe7"",""deployment"":""8b9c732a-1566-4070-a289-1db03b7edf5d"",""replica"":""e9529e4a-c029-42c5-9d7b-44a956ef3bea""}",2026-10-06T15:48:00.793944951Z
"  File ""/usr/local/lib/python3.11/http/client.py"", line 298, in _read_status",error,"{""level"":""error""}","{""project"":""266422dc-3751-4146-8a47-1dfd7aeb7284"",""environment"":""950bdac5-fb40-4f70-8ccf-1facce88154b"",""service"":""b741f367-8920-4dad-ba9f-21940f6bcfe7"",""deployment"":""8b9c732a-1566-4070-a289-1db03b7edf5d"",""replica"":""e9529e4a-c029-42c5-9d7b-44a956ef3bea""}",2026-10-06T15:48:00.793947291Z
"    line = str(self.fp.readline(_MAXLINE + 1), ""iso-8859-1"")",error,"{""level"":""error""}","{""project"":""266422dc-3751-4146-8a47-1dfd7aeb7284"",""environment"":""950bdac5-fb40-4f70-8ccf-1facce88154b"",""service"":""b741f367-8920-4dad-ba9f-21940f6bcfe7"",""deployment"":""8b9c732a-1566-4070-a289-1db03b7edf5d"",""replica"":""e9529e4a-c029-42c5-9d7b-44a956ef3bea""}",2026-10-06T15:48:00.795651960Z
               ^^^^^^^^^^^^^^^^^^^^^^^^^^^^^^,error,"{""level"":""error""}","{""project"":""266422dc-3751-4146-8a47-1dfd7aeb7284"",""environment"":""950bdac5-fb40-4f70-8ccf-1facce88154b"",""service"":""b741f367-8920-4dad-ba9f-21940f6bcfe7"",""deployment"":""8b9c732a-1566-4070-a289-1db03b7edf5d"",""replica"":""e9529e4a-c029-42c5-9d7b-44a956ef3bea""}",2026-10-06T15:48:00.795658320Z
"  File ""/usr/local/lib/python3.11/socket.py"", line 718, in readinto",error,"{""level"":""error""}","{""project"":""266422dc-3751-4146-8a47-1dfd7aeb7284"",""environment"":""950bdac5-fb40-4f70-8ccf-1facce88154b"",""service"":""b741f367-8920-4dad-ba9f-21940f6bcfe7"",""deployment"":""8b9c732a-1566-4070-a289-1db03b7edf5d"",""replica"":""e9529e4a-c029-42c5-9d7b-44a956ef3bea""}",2026-10-06T15:48:00.795663990Z
    return self._sock.recv_into(b),error,"{""level"":""error""}","{""project"":""266422dc-3751-4146-8a47-1dfd7aeb7284"",""environment"":""950bdac5-fb40-4f70-8ccf-1facce88154b"",""service"":""b741f367-8920-4dad-ba9f-21940f6bcfe7"",""deployment"":""8b9c732a-1566-4070-a289-1db03b7edf5d"",""replica"":""e9529e4a-c029-42c5-9d7b-44a956ef3bea""}",2026-10-06T15:48:00.795668210Z
           ^^^^^^^^^^^^^^^^^^^^^^^,error,"{""level"":""error""}","{""project"":""266422dc-3751-4146-8a47-1dfd7aeb7284"",""environment"":""950bdac5-fb40-4f70-8ccf-1facce88154b"",""service"":""b741f367-8920-4dad-ba9f-21940f6bcfe7"",""deployment"":""8b9c732a-1566-4070-a289-1db03b7edf5d"",""replica"":""e9529e4a-c029-42c5-9d7b-44a956ef3bea""}",2026-10-06T15:48:00.795672850Z
"  File ""/usr/local/lib/python3.11/ssl.py"", line 1314, in recv_into",error,"{""level"":""error""}","{""project"":""266422dc-3751-4146-8a47-1dfd7aeb7284"",""environment"":""950bdac5-fb40-4f70-8ccf-1facce88154b"",""service"":""b741f367-8920-4dad-ba9f-21940f6bcfe7"",""deployment"":""8b9c732a-1566-4070-a289-1db03b7edf5d"",""replica"":""e9529e4a-c029-42c5-9d7b-44a956ef3bea""}",2026-10-06T15:48:00.795677190Z
"    return self.read(nbytes, buffer)",error,"{""level"":""error""}","{""project"":""266422dc-3751-4146-8a47-1dfd7aeb7284"",""environment"":""950bdac5-fb40-4f70-8ccf-1facce88154b"",""service"":""b741f367-8920-4dad-ba9f-21940f6bcfe7"",""deployment"":""8b9c732a-1566-4070-a289-1db03b7edf5d"",""replica"":""e9529e4a-c029-42c5-9d7b-44a956ef3bea""}",2026-10-06T15:48:00.795680520Z
           ^^^^^^^^^^^^^^^^^^^^^^^^^,error,"{""level"":""error""}","{""project"":""266422dc-3751-4146-8a47-1dfd7aeb7284"",""environment"":""950bdac5-fb40-4f70-8ccf-1facce88154b"",""service"":""b741f367-8920-4dad-ba9f-21940f6bcfe7"",""deployment"":""8b9c732a-1566-4070-a289-1db03b7edf5d"",""replica"":""e9529e4a-c029-42c5-9d7b-44a956ef3bea""}",2026-10-06T15:48:00.795684330Z
"  File ""/usr/local/lib/python3.11/ssl.py"", line 1166, in read",error,"{""level"":""error""}","{""project"":""266422dc-3751-4146-8a47-1dfd7aeb7284"",""environment"":""950bdac5-fb40-4f70-8ccf-1facce88154b"",""service"":""b741f367-8920-4dad-ba9f-21940f6bcfe7"",""deployment"":""8b9c732a-1566-4070-a289-1db03b7edf5d"",""replica"":""e9529e4a-c029-42c5-9d7b-44a956ef3bea""}",2026-10-06T15:48:00.795688600Z
"    return self._sslobj.read(len, buffer)",error,"{""level"":""error""}","{""project"":""266422dc-3751-4146-8a47-1dfd7aeb7284"",""environment"":""950bdac5-fb40-4f70-8ccf-1facce88154b"",""service"":""b741f367-8920-4dad-ba9f-21940f6bcfe7"",""deployment"":""8b9c732a-1566-4070-a289-1db03b7edf5d"",""replica"":""e9529e4a-c029-42c5-9d7b-44a956ef3bea""}",2026-10-06T15:48:00.795693110Z
           ^^^^^^^^^^^^^^^^^^^^^^^^^^^^^^,error,"{""level"":""error""}","{""project"":""266422dc-3751-4146-8a47-1dfd7aeb7284"",""environment"":""950bdac5-fb40-4f70-8ccf-1facce88154b"",""service"":""b741f367-8920-4dad-ba9f-21940f6bcfe7"",""deployment"":""8b9c732a-1566-4070-a289-1db03b7edf5d"",""replica"":""e9529e4a-c029-42c5-9d7b-44a956ef3bea""}",2026-10-06T15:48:00.795696440Z
TimeoutError: The read operation timed out,error,"{""level"":""error""}","{""project"":""266422dc-3751-4146-8a47-1dfd7aeb7284"",""environment"":""950bdac5-fb40-4f70-8ccf-1facce88154b"",""service"":""b741f367-8920-4dad-ba9f-21940f6bcfe7"",""deployment"":""8b9c732a-1566-4070-a289-1db03b7edf5d"",""replica"":""e9529e4a-c029-42c5-9d7b-44a956ef3bea""}",2026-10-06T15:48:00.795699220Z
"2026-10-06 15:47:51,194 | INFO | ✅ Job complete: email-efb920903b001e602a195be438965089",error,"{""level"":""error""}","{""project"":""266422dc-3751-4146-8a47-1dfd7aeb7284"",""environment"":""950bdac5-fb40-4f70-8ccf-1facce88154b"",""service"":""b741f367-8920-4dad-ba9f-21940f6bcfe7"",""deployment"":""8b9c732a-1566-4070-a289-1db03b7edf5d"",""replica"":""e9529e4a-c029-42c5-9d7b-44a956ef3bea""}",2026-10-06T15:48:00.795787468Z
"2026-10-06 15:47:51,211 | INFO | Successfully completed app.tasks.process_report_job({'Email': 'raimilmarieleugenia@gmail.com', 'Nombre y Apellido': 'EUGENIA RA...) job in 0:02:08.991712s on worker 72a8e313346042c9a0ef17192ba90202",error,"{""level"":""error""}","{""project"":""266422dc-3751-4146-8a47-1dfd7aeb7284"",""environment"":""950bdac5-fb40-4f70-8ccf-1facce88154b"",""service"":""b741f367-8920-4dad-ba9f-21940f6bcfe7"",""deployment"":""8b9c732a-1566-4070-a289-1db03b7edf5d"",""replica"":""e9529e4a-c029-42c5-9d7b-44a956ef3bea""}",2026-10-06T15:48:00.795790738Z
"2026-10-06 15:47:51,211 | INFO | Worker 72a8e313346042c9a0ef17192ba90202: reports: Job OK (email-efb920903b001e602a195be438965089)",error,"{""level"":""error""}","{""project"":""266422dc-3751-4146-8a47-1dfd7aeb7284"",""environment"":""950bdac5-fb40-4f70-8ccf-1facce88154b"",""service"":""b741f367-8920-4dad-ba9f-21940f6bcfe7"",""deployment"":""8b9c732a-1566-4070-a289-1db03b7edf5d"",""replica"":""e9529e4a-c029-42c5-9d7b-44a956ef3bea""}",2026-10-06T15:48:00.795794178Z
"2026-10-06 15:47:51,211 | INFO | Worker 72a8e313346042c9a0ef17192ba90202: job email-efb920903b001e602a195be438965089 result is kept for 500 seconds",error,"{""level"":""error""}","{""project"":""266422dc-3751-4146-8a47-1dfd7aeb7284"",""environment"":""950bdac5-fb40-4f70-8ccf-1facce88154b"",""service"":""b741f367-8920-4dad-ba9f-21940f6bcfe7"",""deployment"":""8b9c732a-1566-4070-a289-1db03b7edf5d"",""replica"":""e9529e4a-c029-42c5-9d7b-44a956ef3bea""}",2026-10-06T15:48:00.795796978Z
"2026-10-06 15:47:51,287 | INFO | Worker 72a8e313346042c9a0ef17192ba90202: reports: app.tasks.process_report_job({'student_id': 'efe7c5d8-85c1-f111-aaaf-7ced8da89080-553159', 'job_id': 'ut...) (utp-efe7c5d8-85c1-f111-aaaf-7ced8da89080-553159)",error,"{""level"":""error""}","{""project"":""266422dc-3751-4146-8a47-1dfd7aeb7284"",""environment"":""950bdac5-fb40-4f70-8ccf-1facce88154b"",""service"":""b741f367-8920-4dad-ba9f-21940f6bcfe7"",""deployment"":""8b9c732a-1566-4070-a289-1db03b7edf5d"",""replica"":""e9529e4a-c029-42c5-9d7b-44a956ef3bea""}",2026-10-06T15:48:00.795800068Z
"2026-10-06 15:47:51,987 | INFO | ⚙️  Worker starting job | job_id=utp-efe7c5d8-85c1-f111-aaaf-7ced8da89080-553159 student=JORGE ISAAC LEIVA REQUEJO",error,"{""level"":""error""}","{""project"":""266422dc-3751-4146-8a47-1dfd7aeb7284"",""environment"":""950bdac5-fb40-4f70-8ccf-1facce88154b"",""service"":""b741f367-8920-4dad-ba9f-21940f6bcfe7"",""deployment"":""8b9c732a-1566-4070-a289-1db03b7edf5d"",""replica"":""e9529e4a-c029-42c5-9d7b-44a956ef3bea""}",2026-10-06T15:48:00.799444853Z
"2026-10-06 15:47:51,994 | INFO | determining template...",error,"{""level"":""error""}","{""project"":""266422dc-3751-4146-8a47-1dfd7aeb7284"",""environment"":""950bdac5-fb40-4f70-8ccf-1facce88154b"",""service"":""b741f367-8920-4dad-ba9f-21940f6bcfe7"",""deployment"":""8b9c732a-1566-4070-a289-1db03b7edf5d"",""replica"":""e9529e4a-c029-42c5-9d7b-44a956ef3bea""}",2026-10-06T15:48:00.799454583Z
"2026-10-06 15:47:52,119 | INFO | determining template...",error,"{""level"":""error""}","{""project"":""266422dc-3751-4146-8a47-1dfd7aeb7284"",""environment"":""950bdac5-fb40-4f70-8ccf-1facce88154b"",""service"":""b741f367-8920-4dad-ba9f-21940f6bcfe7"",""deployment"":""8b9c732a-1566-4070-a289-1db03b7edf5d"",""replica"":""e9529e4a-c029-42c5-9d7b-44a956ef3bea""}",2026-10-06T15:48:00.799459892Z
"2026-10-06 15:47:52,120 | INFO | Generating PPTX from template_utp_alumnos.pptx",error,"{""level"":""error""}","{""project"":""266422dc-3751-4146-8a47-1dfd7aeb7284"",""environment"":""950bdac5-fb40-4f70-8ccf-1facce88154b"",""service"":""b741f367-8920-4dad-ba9f-21940f6bcfe7"",""deployment"":""8b9c732a-1566-4070-a289-1db03b7edf5d"",""replica"":""e9529e4a-c029-42c5-9d7b-44a956ef3bea""}",2026-10-06T15:48:00.799463912Z
"2026-10-06 15:47:52,201 | INFO | PPTX written → /app/tmp/jobs/utp-efe7c5d8-85c1-f111-aaaf-7ced8da89080-553159/report_estudiante.pptx",error,"{""level"":""error""}","{""project"":""266422dc-3751-4146-8a47-1dfd7aeb7284"",""environment"":""950bdac5-fb40-4f70-8ccf-1facce88154b"",""service"":""b741f367-8920-4dad-ba9f-21940f6bcfe7"",""deployment"":""8b9c732a-1566-4070-a289-1db03b7edf5d"",""replica"":""e9529e4a-c029-42c5-9d7b-44a956ef3bea""}",2026-10-06T15:48:00.799470312Z
"2026-10-06 15:47:52,201 | INFO | 🖨️  Sending to Gotenberg: report_estudiante.pptx",error,"{""level"":""error""}","{""project"":""266422dc-3751-4146-8a47-1dfd7aeb7284"",""environment"":""950bdac5-fb40-4f70-8ccf-1facce88154b"",""service"":""b741f367-8920-4dad-ba9f-21940f6bcfe7"",""deployment"":""8b9c732a-1566-4070-a289-1db03b7edf5d"",""replica"":""e9529e4a-c029-42c5-9d7b-44a956ef3bea""}",2026-10-06T15:48:00.799475522Z
"2026-10-06 15:47:57,488 | INFO | ✅ PDF received from Gotenberg: report_estudiante.pdf (1092820 bytes)",error,"{""level"":""error""}","{""project"":""266422dc-3751-4146-8a47-1dfd7aeb7284"",""environment"":""950bdac5-fb40-4f70-8ccf-1facce88154b"",""service"":""b741f367-8920-4dad-ba9f-21940f6bcfe7"",""deployment"":""8b9c732a-1566-4070-a289-1db03b7edf5d"",""replica"":""e9529e4a-c029-42c5-9d7b-44a956ef3bea""}",2026-10-06T15:48:00.799479322Z
"2026-10-06 15:47:57,488 | INFO | Generating PPTX from template_utp_padres.pptx",error,"{""level"":""error""}","{""project"":""266422dc-3751-4146-8a47-1dfd7aeb7284"",""environment"":""950bdac5-fb40-4f70-8ccf-1facce88154b"",""service"":""b741f367-8920-4dad-ba9f-21940f6bcfe7"",""deployment"":""8b9c732a-1566-4070-a289-1db03b7edf5d"",""replica"":""e9529e4a-c029-42c5-9d7b-44a956ef3bea""}",2026-10-06T15:48:00.799483512Z
"2026-10-06 15:47:57,574 | INFO | PPTX written → /app/tmp/jobs/utp-efe7c5d8-85c1-f111-aaaf-7ced8da89080-553159/report_padres.pptx",error,"{""level"":""error""}","{""project"":""266422dc-3751-4146-8a47-1dfd7aeb7284"",""environment"":""950bdac5-fb40-4f70-8ccf-1facce88154b"",""service"":""b741f367-8920-4dad-ba9f-21940f6bcfe7"",""deployment"":""8b9c732a-1566-4070-a289-1db03b7edf5d"",""replica"":""e9529e4a-c029-42c5-9d7b-44a956ef3bea""}",2026-10-06T15:48:00.799487532Z
"2026-10-06 15:47:57,574 | INFO | 🖨️  Sending to Gotenberg: report_padres.pptx",error,"{""level"":""error""}","{""project"":""266422dc-3751-4146-8a47-1dfd7aeb7284"",""environment"":""950bdac5-fb40-4f70-8ccf-1facce88154b"",""service"":""b741f367-8920-4dad-ba9f-21940f6bcfe7"",""deployment"":""8b9c732a-1566-4070-a289-1db03b7edf5d"",""replica"":""e9529e4a-c029-42c5-9d7b-44a956ef3bea""}",2026-10-06T15:48:00.799491862Z
"2026-10-06 15:48:01,761 | INFO | ✅ Links written to byw_tracking_algoritmo_AC for 0becebe4-89c1-f111-aaaf-002248df2f15",error,"{""level"":""error""}","{""project"":""266422dc-3751-4146-8a47-1dfd7aeb7284"",""environment"":""950bdac5-fb40-4f70-8ccf-1facce88154b"",""service"":""b741f367-8920-4dad-ba9f-21940f6bcfe7"",""deployment"":""8b9c732a-1566-4070-a289-1db03b7edf5d"",""replica"":""13815cf3-ad51-45bb-a7bf-ec1917ac87ee""}",2026-10-06T15:48:01.811860737Z
"2026-10-06 15:48:02,124 | INFO | ✅ webhook: sg_message_id=0WiKzipfSlKRz-lwJSfiSA Enviado → dropped",error,"{""level"":""error""}","{""project"":""266422dc-3751-4146-8a47-1dfd7aeb7284"",""environment"":""950bdac5-fb40-4f70-8ccf-1facce88154b"",""service"":""d36dbcc3-cd55-4a7a-baa1-f1f93642c3cc"",""deployment"":""f80f4047-168d-4653-ac85-441f312f05e5"",""replica"":""b6cfba12-d1ab-4faf-819e-52626ba9340c""}",2026-10-06T15:48:02.596733621Z
"INFO:     100.64.0.10:11298 - ""POST /webhooks/sendgrid HTTP/1.1"" 200 OK",info,"{""level"":""info""}","{""project"":""266422dc-3751-4146-8a47-1dfd7aeb7284"",""environment"":""950bdac5-fb40-4f70-8ccf-1facce88154b"",""service"":""d36dbcc3-cd55-4a7a-baa1-f1f93642c3cc"",""deployment"":""f80f4047-168d-4653-ac85-441f312f05e5"",""replica"":""b6cfba12-d1ab-4faf-819e-52626ba9340c""}",2026-10-06T15:48:02.596741794Z
request handled,info,"{""level"":""info"",""ts"":1791301683.1919858,""logger"":""api"",""log_type"":""access"",""correlation_id"":""8b44f951-099f-47ef-b7f7-0624e11c8b24"",""remote_ip"":""fd12:3f10:bfc4:1:9000:7a:c710:168c"",""host"":""gotenberg.railway.internal:3000"",""uri"":""/forms/libreoffice/convert"",""method"":""POST"",""path"":""/forms/libreoffice/convert"",""referer"":"""",""user_agent"":""python-requests/2.34.2"",""status"":200,""latency"":5605974759,""latency_human"":""5.605974759s"",""bytes_in"":2469720,""bytes_out"":1360173,""trace_id"":""55ea44308e1564179e66bce81c34bd92"",""span_id"":""9e4af8843b8709b3""}","{""project"":""266422dc-3751-4146-8a47-1dfd7aeb7284"",""environment"":""950bdac5-fb40-4f70-8ccf-1facce88154b"",""service"":""6e4b4a7a-c604-411d-9203-fea0668646c4"",""deployment"":""5f1d4817-489a-4c40-9f9e-20d6ff45a00b"",""replica"":""777e03bc-fafc-4de9-ab42-2819f8ac9e9f""}",2026-10-06T15:48:03.345626550Z
"2026-10-06 15:48:03,193 | INFO | ✅ PDF received from Gotenberg: report_padres.pdf (1360173 bytes)",error,"{""level"":""error""}","{""project"":""266422dc-3751-4146-8a47-1dfd7aeb7284"",""environment"":""950bdac5-fb40-4f70-8ccf-1facce88154b"",""service"":""b741f367-8920-4dad-ba9f-21940f6bcfe7"",""deployment"":""8b9c732a-1566-4070-a289-1db03b7edf5d"",""replica"":""e9529e4a-c029-42c5-9d7b-44a956ef3bea""}",2026-10-06T15:48:03.583090350Z
"2026-10-06 15:48:03,193 | INFO | 📄 PDFs done: ['estudiante', 'padres']",error,"{""level"":""error""}","{""project"":""266422dc-3751-4146-8a47-1dfd7aeb7284"",""environment"":""950bdac5-fb40-4f70-8ccf-1facce88154b"",""service"":""b741f367-8920-4dad-ba9f-21940f6bcfe7"",""deployment"":""8b9c732a-1566-4070-a289-1db03b7edf5d"",""replica"":""e9529e4a-c029-42c5-9d7b-44a956ef3bea""}",2026-10-06T15:48:03.583094520Z
"2026-10-06 15:48:03,193 | INFO | 📤 Upsert historic JSON: requejojogmail.com_efe7c5d8-85c1-f111-aaaf-7ced8da89080-553159_input.json",error,"{""level"":""error""}","{""project"":""266422dc-3751-4146-8a47-1dfd7aeb7284"",""environment"":""950bdac5-fb40-4f70-8ccf-1facce88154b"",""service"":""b741f367-8920-4dad-ba9f-21940f6bcfe7"",""deployment"":""8b9c732a-1566-4070-a289-1db03b7edf5d"",""replica"":""e9529e4a-c029-42c5-9d7b-44a956ef3bea""}",2026-10-06T15:48:03.583099150Z
"2026-10-06 15:48:03,232 | INFO | file_cache is only supported with oauth2client<4.0.0",error,"{""level"":""error""}","{""project"":""266422dc-3751-4146-8a47-1dfd7aeb7284"",""environment"":""950bdac5-fb40-4f70-8ccf-1facce88154b"",""service"":""b741f367-8920-4dad-ba9f-21940f6bcfe7"",""deployment"":""8b9c732a-1566-4070-a289-1db03b7edf5d"",""replica"":""e9529e4a-c029-42c5-9d7b-44a956ef3bea""}",2026-10-06T15:48:03.583102950Z
"2026-10-06 15:48:03,820 | INFO | ✨ No existing file found, creating fresh historic JSON",error,"{""level"":""error""}","{""project"":""266422dc-3751-4146-8a47-1dfd7aeb7284"",""environment"":""950bdac5-fb40-4f70-8ccf-1facce88154b"",""service"":""b741f367-8920-4dad-ba9f-21940f6bcfe7"",""deployment"":""8b9c732a-1566-4070-a289-1db03b7edf5d"",""replica"":""e9529e4a-c029-42c5-9d7b-44a956ef3bea""}",2026-10-06T15:48:03.826470291Z
"2026-10-06 15:48:03,936 | INFO | 📧 Sending UTP student email to dianamedinavegas@gmail.com for cedula=0becebe4-89c1-f111-aaaf-002248df2f15",error,"{""level"":""error""}","{""project"":""266422dc-3751-4146-8a47-1dfd7aeb7284"",""environment"":""950bdac5-fb40-4f70-8ccf-1facce88154b"",""service"":""b741f367-8920-4dad-ba9f-21940f6bcfe7"",""deployment"":""8b9c732a-1566-4070-a289-1db03b7edf5d"",""replica"":""13815cf3-ad51-45bb-a7bf-ec1917ac87ee""}",2026-10-06T15:48:03.954087324Z
"2026-10-06 15:48:04,170 | INFO | 😈 sg_message_id: yFQFYKozQiuZtdo9oj7xJw",error,"{""level"":""error""}","{""project"":""266422dc-3751-4146-8a47-1dfd7aeb7284"",""environment"":""950bdac5-fb40-4f70-8ccf-1facce88154b"",""service"":""b741f367-8920-4dad-ba9f-21940f6bcfe7"",""deployment"":""8b9c732a-1566-4070-a289-1db03b7edf5d"",""replica"":""13815cf3-ad51-45bb-a7bf-ec1917ac87ee""}",2026-10-06T15:48:04.173600882Z
"2026-10-06 15:48:04,170 | INFO | ✅ UTP student email sent to dianamedinavegas@gmail.com",error,"{""level"":""error""}","{""project"":""266422dc-3751-4146-8a47-1dfd7aeb7284"",""environment"":""950bdac5-fb40-4f70-8ccf-1facce88154b"",""service"":""b741f367-8920-4dad-ba9f-21940f6bcfe7"",""deployment"":""8b9c732a-1566-4070-a289-1db03b7edf5d"",""replica"":""13815cf3-ad51-45bb-a7bf-ec1917ac87ee""}",2026-10-06T15:48:04.173607202Z
"2026-10-06 15:48:04,688 | INFO | ✅ webhook: sg_message_id=Rmmo-U3iTq21mIOsQDFEcg Enviado → bounce",error,"{""level"":""error""}","{""project"":""266422dc-3751-4146-8a47-1dfd7aeb7284"",""environment"":""950bdac5-fb40-4f70-8ccf-1facce88154b"",""service"":""d36dbcc3-cd55-4a7a-baa1-f1f93642c3cc"",""deployment"":""f80f4047-168d-4653-ac85-441f312f05e5"",""replica"":""b6cfba12-d1ab-4faf-819e-52626ba9340c""}",2026-10-06T15:48:05.849319583Z
"2026-10-06 15:48:06,661 | INFO | ✅ Historic JSON upserted → https://drive.google.com/file/d/14-WP7PsCGhU_-Mnlca1LExilC9EcYHo8/view?usp=drivesdk",error,"{""level"":""error""}","{""project"":""266422dc-3751-4146-8a47-1dfd7aeb7284"",""environment"":""950bdac5-fb40-4f70-8ccf-1facce88154b"",""service"":""b741f367-8920-4dad-ba9f-21940f6bcfe7"",""deployment"":""8b9c732a-1566-4070-a289-1db03b7edf5d"",""replica"":""e9529e4a-c029-42c5-9d7b-44a956ef3bea""}",2026-10-06T15:48:06.671860316Z
"2026-10-06 15:48:06,661 | ERROR | the user email is efe7c5d8-85c1-f111-aaaf-7ced8da89080",error,"{""level"":""error""}","{""project"":""266422dc-3751-4146-8a47-1dfd7aeb7284"",""environment"":""950bdac5-fb40-4f70-8ccf-1facce88154b"",""service"":""b741f367-8920-4dad-ba9f-21940f6bcfe7"",""deployment"":""8b9c732a-1566-4070-a289-1db03b7edf5d"",""replica"":""e9529e4a-c029-42c5-9d7b-44a956ef3bea""}",2026-10-06T15:48:06.671864706Z
NoneType: None,error,"{""level"":""error""}","{""project"":""266422dc-3751-4146-8a47-1dfd7aeb7284"",""environment"":""950bdac5-fb40-4f70-8ccf-1facce88154b"",""service"":""b741f367-8920-4dad-ba9f-21940f6bcfe7"",""deployment"":""8b9c732a-1566-4070-a289-1db03b7edf5d"",""replica"":""e9529e4a-c029-42c5-9d7b-44a956ef3bea""}",2026-10-06T15:48:06.671869056Z
"2026-10-06 15:48:06,662 | INFO | 📤 SFTP upload: jorge_isaac_leiva_requejo_estudiante_efe7c5d8-85c1-f111-aaaf-7ced8da89080-553159.pdf → /home/u5-ekeoaos2hhsd/www/geroeducacion.com/public_html/pdf_storage/jorge_isaac_leiva_requejo_estudiante_efe7c5d8-85c1-f111-aaaf-7ced8da89080-553159.pdf",error,"{""level"":""error""}","{""project"":""266422dc-3751-4146-8a47-1dfd7aeb7284"",""environment"":""950bdac5-fb40-4f70-8ccf-1facce88154b"",""service"":""b741f367-8920-4dad-ba9f-21940f6bcfe7"",""deployment"":""8b9c732a-1566-4070-a289-1db03b7edf5d"",""replica"":""e9529e4a-c029-42c5-9d7b-44a956ef3bea""}",2026-10-06T15:48:06.671871746Z
"2026-10-06 15:48:06,663 | INFO | 📤 SFTP upload: jorge_isaac_leiva_requejo_padres_efe7c5d8-85c1-f111-aaaf-7ced8da89080-553159.pdf → /home/u5-ekeoaos2hhsd/www/geroeducacion.com/public_html/pdf_storage/jorge_isaac_leiva_requejo_padres_efe7c5d8-85c1-f111-aaaf-7ced8da89080-553159.pdf",error,"{""level"":""error""}","{""project"":""266422dc-3751-4146-8a47-1dfd7aeb7284"",""environment"":""950bdac5-fb40-4f70-8ccf-1facce88154b"",""service"":""b741f367-8920-4dad-ba9f-21940f6bcfe7"",""deployment"":""8b9c732a-1566-4070-a289-1db03b7edf5d"",""replica"":""e9529e4a-c029-42c5-9d7b-44a956ef3bea""}",2026-10-06T15:48:06.671875106Z
"2026-10-06 15:48:06,502 | INFO | ✅ sg_message_id=yFQFYKozQiuZtdo9oj7xJw written for 0becebe4-89c1-f111-aaaf-002248df2f15",error,"{""level"":""error""}","{""project"":""266422dc-3751-4146-8a47-1dfd7aeb7284"",""environment"":""950bdac5-fb40-4f70-8ccf-1facce88154b"",""service"":""b741f367-8920-4dad-ba9f-21940f6bcfe7"",""deployment"":""8b9c732a-1566-4070-a289-1db03b7edf5d"",""replica"":""13815cf3-ad51-45bb-a7bf-ec1917ac87ee""}",2026-10-06T15:48:06.677717138Z
"2026-10-06 15:48:06,526 | INFO | ✅ Historic updated for dianamedinavegas@gmail.com | new_links=['padres', 'estudiante']",error,"{""level"":""error""}","{""project"":""266422dc-3751-4146-8a47-1dfd7aeb7284"",""environment"":""950bdac5-fb40-4f70-8ccf-1facce88154b"",""service"":""b741f367-8920-4dad-ba9f-21940f6bcfe7"",""deployment"":""8b9c732a-1566-4070-a289-1db03b7edf5d"",""replica"":""13815cf3-ad51-45bb-a7bf-ec1917ac87ee""}",2026-10-06T15:48:06.677721828Z
"2026-10-06 15:48:06,556 | INFO | file_cache is only supported with oauth2client<4.0.0",error,"{""level"":""error""}","{""project"":""266422dc-3751-4146-8a47-1dfd7aeb7284"",""environment"":""950bdac5-fb40-4f70-8ccf-1facce88154b"",""service"":""b741f367-8920-4dad-ba9f-21940f6bcfe7"",""deployment"":""8b9c732a-1566-4070-a289-1db03b7edf5d"",""replica"":""13815cf3-ad51-45bb-a7bf-ec1917ac87ee""}",2026-10-06T15:48:06.677726518Z
"2026-10-06 15:48:07,070 | INFO | Connected (version 2.0, client OpenSSH)",error,"{""level"":""error""}","{""project"":""266422dc-3751-4146-8a47-1dfd7aeb7284"",""environment"":""950bdac5-fb40-4f70-8ccf-1facce88154b"",""service"":""b741f367-8920-4dad-ba9f-21940f6bcfe7"",""deployment"":""8b9c732a-1566-4070-a289-1db03b7edf5d"",""replica"":""e9529e4a-c029-42c5-9d7b-44a956ef3bea""}",2026-10-06T15:48:07.080875334Z
"2026-10-06 15:48:07,072 | INFO | Connected (version 2.0, client OpenSSH)",error,"{""level"":""error""}","{""project"":""266422dc-3751-4146-8a47-1dfd7aeb7284"",""environment"":""950bdac5-fb40-4f70-8ccf-1facce88154b"",""service"":""b741f367-8920-4dad-ba9f-21940f6bcfe7"",""deployment"":""8b9c732a-1566-4070-a289-1db03b7edf5d"",""replica"":""e9529e4a-c029-42c5-9d7b-44a956ef3bea""}",2026-10-06T15:48:07.080887074Z
"2026-10-06 15:48:01,834 | INFO | 📊 Appending new sheet row for 20ecebe4-89c1-f111-aaaf-002248df2f15-553165",error,"{""level"":""error""}","{""project"":""266422dc-3751-4146-8a47-1dfd7aeb7284"",""environment"":""950bdac5-fb40-4f70-8ccf-1facce88154b"",""service"":""b741f367-8920-4dad-ba9f-21940f6bcfe7"",""deployment"":""8b9c732a-1566-4070-a289-1db03b7edf5d"",""replica"":""a04c56f1-c4bf-408d-950c-a77921c239f0""}",2026-10-06T15:48:07.116298858Z
"2026-10-06 15:48:02,669 | INFO | ✅ Sheet updated: student=20ecebe4-89c1-f111-aaaf-002248df2f15-553165 status=ok",error,"{""level"":""error""}","{""project"":""266422dc-3751-4146-8a47-1dfd7aeb7284"",""environment"":""950bdac5-fb40-4f70-8ccf-1facce88154b"",""service"":""b741f367-8920-4dad-ba9f-21940f6bcfe7"",""deployment"":""8b9c732a-1566-4070-a289-1db03b7edf5d"",""replica"":""a04c56f1-c4bf-408d-950c-a77921c239f0""}",2026-10-06T15:48:07.116305275Z
"2026-10-06 15:48:02,669 | INFO | ✅ Job complete: utp-20ecebe4-89c1-f111-aaaf-002248df2f15-553165",error,"{""level"":""error""}","{""project"":""266422dc-3751-4146-8a47-1dfd7aeb7284"",""environment"":""950bdac5-fb40-4f70-8ccf-1facce88154b"",""service"":""b741f367-8920-4dad-ba9f-21940f6bcfe7"",""deployment"":""8b9c732a-1566-4070-a289-1db03b7edf5d"",""replica"":""a04c56f1-c4bf-408d-950c-a77921c239f0""}",2026-10-06T15:48:07.116311185Z
"2026-10-06 15:48:03,857 | INFO | determining template...",error,"{""level"":""error""}","{""project"":""266422dc-3751-4146-8a47-1dfd7aeb7284"",""environment"":""950bdac5-fb40-4f70-8ccf-1facce88154b"",""service"":""b741f367-8920-4dad-ba9f-21940f6bcfe7"",""deployment"":""8b9c732a-1566-4070-a289-1db03b7edf5d"",""replica"":""a04c56f1-c4bf-408d-950c-a77921c239f0""}",2026-10-06T15:48:07.116316199Z
"2026-10-06 15:48:02,683 | INFO | Successfully completed app.tasks.process_report_job({'student_id': '20ecebe4-89c1-f111-aaaf-002248df2f15-553165', 'job_id': 'ut...) job in 0:00:49.007929s on worker 25f50e9cabcc4edea1d4f2dd5a6e04ad",error,"{""level"":""error""}","{""project"":""266422dc-3751-4146-8a47-1dfd7aeb7284"",""environment"":""950bdac5-fb40-4f70-8ccf-1facce88154b"",""service"":""b741f367-8920-4dad-ba9f-21940f6bcfe7"",""deployment"":""8b9c732a-1566-4070-a289-1db03b7edf5d"",""replica"":""a04c56f1-c4bf-408d-950c-a77921c239f0""}",2026-10-06T15:48:07.116319234Z
"2026-10-06 15:48:04,073 | INFO | determining template...",error,"{""level"":""error""}","{""project"":""266422dc-3751-4146-8a47-1dfd7aeb7284"",""environment"":""950bdac5-fb40-4f70-8ccf-1facce88154b"",""service"":""b741f367-8920-4dad-ba9f-21940f6bcfe7"",""deployment"":""8b9c732a-1566-4070-a289-1db03b7edf5d"",""replica"":""a04c56f1-c4bf-408d-950c-a77921c239f0""}",2026-10-06T15:48:07.116324667Z
"2026-10-06 15:48:02,683 | INFO | Worker 25f50e9cabcc4edea1d4f2dd5a6e04ad: reports: Job OK (utp-20ecebe4-89c1-f111-aaaf-002248df2f15-553165)",error,"{""level"":""error""}","{""project"":""266422dc-3751-4146-8a47-1dfd7aeb7284"",""environment"":""950bdac5-fb40-4f70-8ccf-1facce88154b"",""service"":""b741f367-8920-4dad-ba9f-21940f6bcfe7"",""deployment"":""8b9c732a-1566-4070-a289-1db03b7edf5d"",""replica"":""a04c56f1-c4bf-408d-950c-a77921c239f0""}",2026-10-06T15:48:07.116328145Z
"2026-10-06 15:48:04,074 | INFO | Generating PPTX from template_utp_alumnos.pptx",error,"{""level"":""error""}","{""project"":""266422dc-3751-4146-8a47-1dfd7aeb7284"",""environment"":""950bdac5-fb40-4f70-8ccf-1facce88154b"",""service"":""b741f367-8920-4dad-ba9f-21940f6bcfe7"",""deployment"":""8b9c732a-1566-4070-a289-1db03b7edf5d"",""replica"":""a04c56f1-c4bf-408d-950c-a77921c239f0""}",2026-10-06T15:48:07.116332522Z
"2026-10-06 15:48:02,683 | INFO | Worker 25f50e9cabcc4edea1d4f2dd5a6e04ad: job utp-20ecebe4-89c1-f111-aaaf-002248df2f15-553165 result is kept for 500 seconds",error,"{""level"":""error""}","{""project"":""266422dc-3751-4146-8a47-1dfd7aeb7284"",""environment"":""950bdac5-fb40-4f70-8ccf-1facce88154b"",""service"":""b741f367-8920-4dad-ba9f-21940f6bcfe7"",""deployment"":""8b9c732a-1566-4070-a289-1db03b7edf5d"",""replica"":""a04c56f1-c4bf-408d-950c-a77921c239f0""}",2026-10-06T15:48:07.116336469Z
"2026-10-06 15:48:04,192 | INFO | PPTX written → /app/tmp/jobs/utp-6c7b8f81-8ac1-f111-aaaf-002248df2f15-553160/report_estudiante.pptx",error,"{""level"":""error""}","{""project"":""266422dc-3751-4146-8a47-1dfd7aeb7284"",""environment"":""950bdac5-fb40-4f70-8ccf-1facce88154b"",""service"":""b741f367-8920-4dad-ba9f-21940f6bcfe7"",""deployment"":""8b9c732a-1566-4070-a289-1db03b7edf5d"",""replica"":""a04c56f1-c4bf-408d-950c-a77921c239f0""}",2026-10-06T15:48:07.116340967Z
"2026-10-06 15:48:02,771 | INFO | Worker 25f50e9cabcc4edea1d4f2dd5a6e04ad: reports: app.tasks.process_report_job({'student_id': '6c7b8f81-8ac1-f111-aaaf-002248df2f15-553160', 'job_id': 'ut...) (utp-6c7b8f81-8ac1-f111-aaaf-002248df2f15-553160)",error,"{""level"":""error""}","{""project"":""266422dc-3751-4146-8a47-1dfd7aeb7284"",""environment"":""950bdac5-fb40-4f70-8ccf-1facce88154b"",""service"":""b741f367-8920-4dad-ba9f-21940f6bcfe7"",""deployment"":""8b9c732a-1566-4070-a289-1db03b7edf5d"",""replica"":""a04c56f1-c4bf-408d-950c-a77921c239f0""}",2026-10-06T15:48:07.116343834Z
"2026-10-06 15:48:03,843 | INFO | ⚙️  Worker starting job | job_id=utp-6c7b8f81-8ac1-f111-aaaf-002248df2f15-553160 student=RAUL DAVID GUERRERO ROJAN",error,"{""level"":""error""}","{""project"":""266422dc-3751-4146-8a47-1dfd7aeb7284"",""environment"":""950bdac5-fb40-4f70-8ccf-1facce88154b"",""service"":""b741f367-8920-4dad-ba9f-21940f6bcfe7"",""deployment"":""8b9c732a-1566-4070-a289-1db03b7edf5d"",""replica"":""a04c56f1-c4bf-408d-950c-a77921c239f0""}",2026-10-06T15:48:07.116355162Z
"2026-10-06 15:48:04,192 | INFO | 🖨️  Sending to Gotenberg: report_estudiante.pptx",error,"{""level"":""error""}","{""project"":""266422dc-3751-4146-8a47-1dfd7aeb7284"",""environment"":""950bdac5-fb40-4f70-8ccf-1facce88154b"",""service"":""b741f367-8920-4dad-ba9f-21940f6bcfe7"",""deployment"":""8b9c732a-1566-4070-a289-1db03b7edf5d"",""replica"":""a04c56f1-c4bf-408d-950c-a77921c239f0""}",2026-10-06T15:48:07.119975985Z
"INFO:     100.64.0.8:40444 - ""POST /webhooks/sendgrid HTTP/1.1"" 200 OK",info,"{""level"":""info""}","{""project"":""266422dc-3751-4146-8a47-1dfd7aeb7284"",""environment"":""950bdac5-fb40-4f70-8ccf-1facce88154b"",""service"":""d36dbcc3-cd55-4a7a-baa1-f1f93642c3cc"",""deployment"":""f80f4047-168d-4653-ac85-441f312f05e5"",""replica"":""b6cfba12-d1ab-4faf-819e-52626ba9340c""}",2026-10-06T15:48:07.418439186Z
1:M 06 Oct 2026 15:48:05.036 * 1 changes in 60 seconds. Saving...,info,"{""level"":""info""}","{""project"":""266422dc-3751-4146-8a47-1dfd7aeb7284"",""environment"":""950bdac5-fb40-4f70-8ccf-1facce88154b"",""service"":""fc37893f-d84c-4c28-ac01-3c47e7e76c86"",""deployment"":""7d98f653-3a87-4c66-9c95-3fc01b5923f8"",""replica"":""3bb3aec2-d87d-41f8-af8d-7cb340cf475c""}",2026-10-06T15:48:07.935795315Z
1:M 06 Oct 2026 15:48:05.036 * Background saving started by pid 26725,info,"{""level"":""info""}","{""project"":""266422dc-3751-4146-8a47-1dfd7aeb7284"",""environment"":""950bdac5-fb40-4f70-8ccf-1facce88154b"",""service"":""fc37893f-d84c-4c28-ac01-3c47e7e76c86"",""deployment"":""7d98f653-3a87-4c66-9c95-3fc01b5923f8"",""replica"":""3bb3aec2-d87d-41f8-af8d-7cb340cf475c""}",2026-10-06T15:48:07.935799929Z
26725:C 06 Oct 2026 15:48:05.044 * DB saved on disk,info,"{""level"":""info""}","{""project"":""266422dc-3751-4146-8a47-1dfd7aeb7284"",""environment"":""950bdac5-fb40-4f70-8ccf-1facce88154b"",""service"":""fc37893f-d84c-4c28-ac01-3c47e7e76c86"",""deployment"":""7d98f653-3a87-4c66-9c95-3fc01b5923f8"",""replica"":""3bb3aec2-d87d-41f8-af8d-7cb340cf475c""}",2026-10-06T15:48:07.935804700Z
"26725:C 06 Oct 2026 15:48:05.045 * Fork CoW for RDB: current 0 MB, peak 0 MB, average 0 MB",info,"{""level"":""info""}","{""project"":""266422dc-3751-4146-8a47-1dfd7aeb7284"",""environment"":""950bdac5-fb40-4f70-8ccf-1facce88154b"",""service"":""fc37893f-d84c-4c28-ac01-3c47e7e76c86"",""deployment"":""7d98f653-3a87-4c66-9c95-3fc01b5923f8"",""replica"":""3bb3aec2-d87d-41f8-af8d-7cb340cf475c""}",2026-10-06T15:48:07.935808920Z
1:M 06 Oct 2026 15:48:05.137 * Background saving terminated with success,info,"{""level"":""info""}","{""project"":""266422dc-3751-4146-8a47-1dfd7aeb7284"",""environment"":""950bdac5-fb40-4f70-8ccf-1facce88154b"",""service"":""fc37893f-d84c-4c28-ac01-3c47e7e76c86"",""deployment"":""7d98f653-3a87-4c66-9c95-3fc01b5923f8"",""replica"":""3bb3aec2-d87d-41f8-af8d-7cb340cf475c""}",2026-10-06T15:48:07.935813587Z
"2026-10-06 15:48:08,152 | INFO | Authentication (publickey) successful!",error,"{""level"":""error""}","{""project"":""266422dc-3751-4146-8a47-1dfd7aeb7284"",""environment"":""950bdac5-fb40-4f70-8ccf-1facce88154b"",""service"":""b741f367-8920-4dad-ba9f-21940f6bcfe7"",""deployment"":""8b9c732a-1566-4070-a289-1db03b7edf5d"",""replica"":""e9529e4a-c029-42c5-9d7b-44a956ef3bea""}",2026-10-06T15:48:08.568165306Z
"2026-10-06 15:48:08,421 | INFO | Authentication (publickey) successful!",error,"{""level"":""error""}","{""project"":""266422dc-3751-4146-8a47-1dfd7aeb7284"",""environment"":""950bdac5-fb40-4f70-8ccf-1facce88154b"",""service"":""b741f367-8920-4dad-ba9f-21940f6bcfe7"",""deployment"":""8b9c732a-1566-4070-a289-1db03b7edf5d"",""replica"":""e9529e4a-c029-42c5-9d7b-44a956ef3bea""}",2026-10-06T15:48:08.568173125Z
"2026-10-06 15:48:08,743 | INFO | [chan 0] Opened sftp connection (server version 3)",error,"{""level"":""error""}","{""project"":""266422dc-3751-4146-8a47-1dfd7aeb7284"",""environment"":""950bdac5-fb40-4f70-8ccf-1facce88154b"",""service"":""b741f367-8920-4dad-ba9f-21940f6bcfe7"",""deployment"":""8b9c732a-1566-4070-a289-1db03b7edf5d"",""replica"":""e9529e4a-c029-42c5-9d7b-44a956ef3bea""}",2026-10-06T15:48:08.747672374Z
"2026-10-06 15:48:09,020 | INFO | [chan 0] Opened sftp connection (server version 3)",error,"{""level"":""error""}","{""project"":""266422dc-3751-4146-8a47-1dfd7aeb7284"",""environment"":""950bdac5-fb40-4f70-8ccf-1facce88154b"",""service"":""b741f367-8920-4dad-ba9f-21940f6bcfe7"",""deployment"":""8b9c732a-1566-4070-a289-1db03b7edf5d"",""replica"":""e9529e4a-c029-42c5-9d7b-44a956ef3bea""}",2026-10-06T15:48:09.027637922Z
"2026-10-06 15:48:10,171 | INFO | ✅ PDF received from Gotenberg: report_estudiante.pdf (1093324 bytes)",error,"{""level"":""error""}","{""project"":""266422dc-3751-4146-8a47-1dfd7aeb7284"",""environment"":""950bdac5-fb40-4f70-8ccf-1facce88154b"",""service"":""b741f367-8920-4dad-ba9f-21940f6bcfe7"",""deployment"":""8b9c732a-1566-4070-a289-1db03b7edf5d"",""replica"":""a04c56f1-c4bf-408d-950c-a77921c239f0""}",2026-10-06T15:48:10.178945841Z
"2026-10-06 15:48:10,171 | INFO | Generating PPTX from template_utp_padres.pptx",error,"{""level"":""error""}","{""project"":""266422dc-3751-4146-8a47-1dfd7aeb7284"",""environment"":""950bdac5-fb40-4f70-8ccf-1facce88154b"",""service"":""b741f367-8920-4dad-ba9f-21940f6bcfe7"",""deployment"":""8b9c732a-1566-4070-a289-1db03b7edf5d"",""replica"":""a04c56f1-c4bf-408d-950c-a77921c239f0""}",2026-10-06T15:48:10.178954647Z
"2026-10-06 15:48:09,570 | INFO | ✅ webhook: sg_message_id=GXe3AUEETrKPJwWEQ_y9Jw delivered → delivered",error,"{""level"":""error""}","{""project"":""266422dc-3751-4146-8a47-1dfd7aeb7284"",""environment"":""950bdac5-fb40-4f70-8ccf-1facce88154b"",""service"":""d36dbcc3-cd55-4a7a-baa1-f1f93642c3cc"",""deployment"":""f80f4047-168d-4653-ac85-441f312f05e5"",""replica"":""b6cfba12-d1ab-4faf-819e-52626ba9340c""}",2026-10-06T15:48:10.356676202Z
"2026-10-06 15:48:10,751 | INFO | [chan 0] sftp session closed.",error,"{""level"":""error""}","{""project"":""266422dc-3751-4146-8a47-1dfd7aeb7284"",""environment"":""950bdac5-fb40-4f70-8ccf-1facce88154b"",""service"":""b741f367-8920-4dad-ba9f-21940f6bcfe7"",""deployment"":""8b9c732a-1566-4070-a289-1db03b7edf5d"",""replica"":""e9529e4a-c029-42c5-9d7b-44a956ef3bea""}",2026-10-06T15:48:10.760425727Z
"2026-10-06 15:48:10,752 | INFO | ✅ SiteGround file live at: https://geroeducacion.com/pdf_storage/jorge_isaac_leiva_requejo_padres_efe7c5d8-85c1-f111-aaaf-7ced8da89080-553159.pdf",error,"{""level"":""error""}","{""project"":""266422dc-3751-4146-8a47-1dfd7aeb7284"",""environment"":""950bdac5-fb40-4f70-8ccf-1facce88154b"",""service"":""b741f367-8920-4dad-ba9f-21940f6bcfe7"",""deployment"":""8b9c732a-1566-4070-a289-1db03b7edf5d"",""replica"":""e9529e4a-c029-42c5-9d7b-44a956ef3bea""}",2026-10-06T15:48:10.760432607Z
"2026-10-06 15:48:10,292 | INFO | PPTX written → /app/tmp/jobs/utp-6c7b8f81-8ac1-f111-aaaf-002248df2f15-553160/report_padres.pptx",error,"{""level"":""error""}","{""project"":""266422dc-3751-4146-8a47-1dfd7aeb7284"",""environment"":""950bdac5-fb40-4f70-8ccf-1facce88154b"",""service"":""b741f367-8920-4dad-ba9f-21940f6bcfe7"",""deployment"":""8b9c732a-1566-4070-a289-1db03b7edf5d"",""replica"":""a04c56f1-c4bf-408d-950c-a77921c239f0""}",2026-10-06T15:48:10.829930557Z
"2026-10-06 15:48:10,292 | INFO | 🖨️  Sending to Gotenberg: report_padres.pptx",error,"{""level"":""error""}","{""project"":""266422dc-3751-4146-8a47-1dfd7aeb7284"",""environment"":""950bdac5-fb40-4f70-8ccf-1facce88154b"",""service"":""b741f367-8920-4dad-ba9f-21940f6bcfe7"",""deployment"":""8b9c732a-1566-4070-a289-1db03b7edf5d"",""replica"":""a04c56f1-c4bf-408d-950c-a77921c239f0""}",2026-10-06T15:48:10.829953774Z
"2026-10-06 15:48:11,240 | INFO | [chan 0] sftp session closed.",error,"{""level"":""error""}","{""project"":""266422dc-3751-4146-8a47-1dfd7aeb7284"",""environment"":""950bdac5-fb40-4f70-8ccf-1facce88154b"",""service"":""b741f367-8920-4dad-ba9f-21940f6bcfe7"",""deployment"":""8b9c732a-1566-4070-a289-1db03b7edf5d"",""replica"":""e9529e4a-c029-42c5-9d7b-44a956ef3bea""}",2026-10-06T15:48:11.427277097Z
"2026-10-06 15:48:11,241 | INFO | ✅ SiteGround file live at: https://geroeducacion.com/pdf_storage/jorge_isaac_leiva_requejo_estudiante_efe7c5d8-85c1-f111-aaaf-7ced8da89080-553159.pdf",error,"{""level"":""error""}","{""project"":""266422dc-3751-4146-8a47-1dfd7aeb7284"",""environment"":""950bdac5-fb40-4f70-8ccf-1facce88154b"",""service"":""b741f367-8920-4dad-ba9f-21940f6bcfe7"",""deployment"":""8b9c732a-1566-4070-a289-1db03b7edf5d"",""replica"":""e9529e4a-c029-42c5-9d7b-44a956ef3bea""}",2026-10-06T15:48:11.427280827Z
"2026-10-06 15:48:11,241 | INFO | 📨 Posting UTP payload | endpoint=https://crm02.utp.edu.pe/VisualizateV2/api/v1/student-results | leadId=efe7c5d8-85c1-f111-aaaf-7ced8da89080 | career1=ADMINISTRACIÓN Y RECURSOS HUMANOS | career2= | resultsLink=https://geroeducacion.com/pdf_storage/jorge_isaac_leiva_requejo_estudiante_efe7c5d8-85c1-f111-aaaf-7ced8da89080-553159.pdf | resultsLinkParent=https://geroeducacion.com/pdf_storage/jorge_isaac_leiva_requejo_padres_efe7c5d8-85c1-f111-aaaf-7ced8da89080-553159.pdf",error,"{""level"":""error""}","{""project"":""266422dc-3751-4146-8a47-1dfd7aeb7284"",""environment"":""950bdac5-fb40-4f70-8ccf-1facce88154b"",""service"":""b741f367-8920-4dad-ba9f-21940f6bcfe7"",""deployment"":""8b9c732a-1566-4070-a289-1db03b7edf5d"",""replica"":""e9529e4a-c029-42c5-9d7b-44a956ef3bea""}",2026-10-06T15:48:11.427284577Z
"2026-10-06 15:48:02,095 | INFO | 📊 Appending new sheet row for 740ae3f9-86c1-f111-aaaf-7ced8da89080-553170",error,"{""level"":""error""}","{""project"":""266422dc-3751-4146-8a47-1dfd7aeb7284"",""environment"":""950bdac5-fb40-4f70-8ccf-1facce88154b"",""service"":""b741f367-8920-4dad-ba9f-21940f6bcfe7"",""deployment"":""8b9c732a-1566-4070-a289-1db03b7edf5d"",""replica"":""f86045b6-3f78-4936-9514-5e0ec312fe70""}",2026-10-06T15:48:11.815318948Z
"2026-10-06 15:48:02,778 | INFO | ✅ Sheet updated: student=740ae3f9-86c1-f111-aaaf-7ced8da89080-553170 status=ok",error,"{""level"":""error""}","{""project"":""266422dc-3751-4146-8a47-1dfd7aeb7284"",""environment"":""950bdac5-fb40-4f70-8ccf-1facce88154b"",""service"":""b741f367-8920-4dad-ba9f-21940f6bcfe7"",""deployment"":""8b9c732a-1566-4070-a289-1db03b7edf5d"",""replica"":""f86045b6-3f78-4936-9514-5e0ec312fe70""}",2026-10-06T15:48:11.815327553Z
"2026-10-06 15:48:02,778 | INFO | ✅ Job complete: utp-740ae3f9-86c1-f111-aaaf-7ced8da89080-553170",error,"{""level"":""error""}","{""project"":""266422dc-3751-4146-8a47-1dfd7aeb7284"",""environment"":""950bdac5-fb40-4f70-8ccf-1facce88154b"",""service"":""b741f367-8920-4dad-ba9f-21940f6bcfe7"",""deployment"":""8b9c732a-1566-4070-a289-1db03b7edf5d"",""replica"":""f86045b6-3f78-4936-9514-5e0ec312fe70""}",2026-10-06T15:48:11.815332809Z
"2026-10-06 15:48:02,798 | INFO | Successfully completed app.tasks.process_report_job({'student_id': '740ae3f9-86c1-f111-aaaf-7ced8da89080-553170', 'job_id': 'ut...) job in 0:00:52.998814s on worker b5e69e8a03c04f99b4db89e7f339f764",error,"{""level"":""error""}","{""project"":""266422dc-3751-4146-8a47-1dfd7aeb7284"",""environment"":""950bdac5-fb40-4f70-8ccf-1facce88154b"",""service"":""b741f367-8920-4dad-ba9f-21940f6bcfe7"",""deployment"":""8b9c732a-1566-4070-a289-1db03b7edf5d"",""replica"":""f86045b6-3f78-4936-9514-5e0ec312fe70""}",2026-10-06T15:48:11.815337834Z
"2026-10-06 15:48:02,798 | INFO | Worker b5e69e8a03c04f99b4db89e7f339f764: reports: Job OK (utp-740ae3f9-86c1-f111-aaaf-7ced8da89080-553170)",error,"{""level"":""error""}","{""project"":""266422dc-3751-4146-8a47-1dfd7aeb7284"",""environment"":""950bdac5-fb40-4f70-8ccf-1facce88154b"",""service"":""b741f367-8920-4dad-ba9f-21940f6bcfe7"",""deployment"":""8b9c732a-1566-4070-a289-1db03b7edf5d"",""replica"":""f86045b6-3f78-4936-9514-5e0ec312fe70""}",2026-10-06T15:48:11.815342793Z
"2026-10-06 15:48:02,798 | INFO | Worker b5e69e8a03c04f99b4db89e7f339f764: job utp-740ae3f9-86c1-f111-aaaf-7ced8da89080-553170 result is kept for 500 seconds",error,"{""level"":""error""}","{""project"":""266422dc-3751-4146-8a47-1dfd7aeb7284"",""environment"":""950bdac5-fb40-4f70-8ccf-1facce88154b"",""service"":""b741f367-8920-4dad-ba9f-21940f6bcfe7"",""deployment"":""8b9c732a-1566-4070-a289-1db03b7edf5d"",""replica"":""f86045b6-3f78-4936-9514-5e0ec312fe70""}",2026-10-06T15:48:11.815349498Z
"2026-10-06 15:48:02,871 | INFO | Worker b5e69e8a03c04f99b4db89e7f339f764: reports: app.tasks.process_report_job({'student_id': 'e0f83080-87c1-f111-aaaf-002248df2f15-553164', 'job_id': 'ut...) (utp-e0f83080-87c1-f111-aaaf-002248df2f15-553164)",error,"{""level"":""error""}","{""project"":""266422dc-3751-4146-8a47-1dfd7aeb7284"",""environment"":""950bdac5-fb40-4f70-8ccf-1facce88154b"",""service"":""b741f367-8920-4dad-ba9f-21940f6bcfe7"",""deployment"":""8b9c732a-1566-4070-a289-1db03b7edf5d"",""replica"":""f86045b6-3f78-4936-9514-5e0ec312fe70""}",2026-10-06T15:48:11.815353874Z
"2026-10-06 15:48:03,635 | INFO | ⚙️  Worker starting job | job_id=utp-e0f83080-87c1-f111-aaaf-002248df2f15-553164 student=FRANKLIN LEON APAZA",error,"{""level"":""error""}","{""project"":""266422dc-3751-4146-8a47-1dfd7aeb7284"",""environment"":""950bdac5-fb40-4f70-8ccf-1facce88154b"",""service"":""b741f367-8920-4dad-ba9f-21940f6bcfe7"",""deployment"":""8b9c732a-1566-4070-a289-1db03b7edf5d"",""replica"":""f86045b6-3f78-4936-9514-5e0ec312fe70""}",2026-10-06T15:48:11.815358387Z
"2026-10-06 15:48:03,644 | INFO | determining template...",error,"{""level"":""error""}","{""project"":""266422dc-3751-4146-8a47-1dfd7aeb7284"",""environment"":""950bdac5-fb40-4f70-8ccf-1facce88154b"",""service"":""b741f367-8920-4dad-ba9f-21940f6bcfe7"",""deployment"":""8b9c732a-1566-4070-a289-1db03b7edf5d"",""replica"":""f86045b6-3f78-4936-9514-5e0ec312fe70""}",2026-10-06T15:48:11.815362877Z
"2026-10-06 15:48:03,783 | INFO | determining template...",error,"{""level"":""error""}","{""project"":""266422dc-3751-4146-8a47-1dfd7aeb7284"",""environment"":""950bdac5-fb40-4f70-8ccf-1facce88154b"",""service"":""b741f367-8920-4dad-ba9f-21940f6bcfe7"",""deployment"":""8b9c732a-1566-4070-a289-1db03b7edf5d"",""replica"":""f86045b6-3f78-4936-9514-5e0ec312fe70""}",2026-10-06T15:48:11.815368016Z
"2026-10-06 15:48:03,783 | INFO | Generating PPTX from template_utp_alumnos.pptx",error,"{""level"":""error""}","{""project"":""266422dc-3751-4146-8a47-1dfd7aeb7284"",""environment"":""950bdac5-fb40-4f70-8ccf-1facce88154b"",""service"":""b741f367-8920-4dad-ba9f-21940f6bcfe7"",""deployment"":""8b9c732a-1566-4070-a289-1db03b7edf5d"",""replica"":""f86045b6-3f78-4936-9514-5e0ec312fe70""}",2026-10-06T15:48:11.815379214Z
"2026-10-06 15:48:03,866 | INFO | PPTX written → /app/tmp/jobs/utp-e0f83080-87c1-f111-aaaf-002248df2f15-553164/report_estudiante.pptx",error,"{""level"":""error""}","{""project"":""266422dc-3751-4146-8a47-1dfd7aeb7284"",""environment"":""950bdac5-fb40-4f70-8ccf-1facce88154b"",""service"":""b741f367-8920-4dad-ba9f-21940f6bcfe7"",""deployment"":""8b9c732a-1566-4070-a289-1db03b7edf5d"",""replica"":""f86045b6-3f78-4936-9514-5e0ec312fe70""}",2026-10-06T15:48:11.815384204Z
"2026-10-06 15:48:03,866 | INFO | 🖨️  Sending to Gotenberg: report_estudiante.pptx",error,"{""level"":""error""}","{""project"":""266422dc-3751-4146-8a47-1dfd7aeb7284"",""environment"":""950bdac5-fb40-4f70-8ccf-1facce88154b"",""service"":""b741f367-8920-4dad-ba9f-21940f6bcfe7"",""deployment"":""8b9c732a-1566-4070-a289-1db03b7edf5d"",""replica"":""f86045b6-3f78-4936-9514-5e0ec312fe70""}",2026-10-06T15:48:11.816490704Z
"2026-10-06 15:48:08,163 | INFO | ✅ PDF received from Gotenberg: report_estudiante.pdf (1101518 bytes)",error,"{""level"":""error""}","{""project"":""266422dc-3751-4146-8a47-1dfd7aeb7284"",""environment"":""950bdac5-fb40-4f70-8ccf-1facce88154b"",""service"":""b741f367-8920-4dad-ba9f-21940f6bcfe7"",""deployment"":""8b9c732a-1566-4070-a289-1db03b7edf5d"",""replica"":""f86045b6-3f78-4936-9514-5e0ec312fe70""}",2026-10-06T15:48:11.816497474Z
"2026-10-06 15:48:08,163 | INFO | Generating PPTX from template_utp_padres.pptx",error,"{""level"":""error""}","{""project"":""266422dc-3751-4146-8a47-1dfd7aeb7284"",""environment"":""950bdac5-fb40-4f70-8ccf-1facce88154b"",""service"":""b741f367-8920-4dad-ba9f-21940f6bcfe7"",""deployment"":""8b9c732a-1566-4070-a289-1db03b7edf5d"",""replica"":""f86045b6-3f78-4936-9514-5e0ec312fe70""}",2026-10-06T15:48:11.816502122Z
"2026-10-06 15:48:08,262 | INFO | PPTX written → /app/tmp/jobs/utp-e0f83080-87c1-f111-aaaf-002248df2f15-553164/report_padres.pptx",error,"{""level"":""error""}","{""project"":""266422dc-3751-4146-8a47-1dfd7aeb7284"",""environment"":""950bdac5-fb40-4f70-8ccf-1facce88154b"",""service"":""b741f367-8920-4dad-ba9f-21940f6bcfe7"",""deployment"":""8b9c732a-1566-4070-a289-1db03b7edf5d"",""replica"":""f86045b6-3f78-4936-9514-5e0ec312fe70""}",2026-10-06T15:48:11.816506433Z
"2026-10-06 15:48:08,262 | INFO | 🖨️  Sending to Gotenberg: report_padres.pptx",error,"{""level"":""error""}","{""project"":""266422dc-3751-4146-8a47-1dfd7aeb7284"",""environment"":""950bdac5-fb40-4f70-8ccf-1facce88154b"",""service"":""b741f367-8920-4dad-ba9f-21940f6bcfe7"",""deployment"":""8b9c732a-1566-4070-a289-1db03b7edf5d"",""replica"":""f86045b6-3f78-4936-9514-5e0ec312fe70""}",2026-10-06T15:48:11.816510662Z
"INFO:     100.64.0.4:41228 - ""POST /webhooks/sendgrid HTTP/1.1"" 200 OK",info,"{""level"":""info""}","{""project"":""266422dc-3751-4146-8a47-1dfd7aeb7284"",""environment"":""950bdac5-fb40-4f70-8ccf-1facce88154b"",""service"":""d36dbcc3-cd55-4a7a-baa1-f1f93642c3cc"",""deployment"":""f80f4047-168d-4653-ac85-441f312f05e5"",""replica"":""b6cfba12-d1ab-4faf-819e-52626ba9340c""}",2026-10-06T15:48:12.286795173Z
"2026-10-06 15:48:12,726 | INFO | ✅ PDF received from Gotenberg: report_padres.pdf (1368657 bytes)",error,"{""level"":""error""}","{""project"":""266422dc-3751-4146-8a47-1dfd7aeb7284"",""environment"":""950bdac5-fb40-4f70-8ccf-1facce88154b"",""service"":""b741f367-8920-4dad-ba9f-21940f6bcfe7"",""deployment"":""8b9c732a-1566-4070-a289-1db03b7edf5d"",""replica"":""f86045b6-3f78-4936-9514-5e0ec312fe70""}",2026-10-06T15:48:12.761076659Z
"2026-10-06 15:48:12,726 | INFO | 📄 PDFs done: ['estudiante', 'padres']",error,"{""level"":""error""}","{""project"":""266422dc-3751-4146-8a47-1dfd7aeb7284"",""environment"":""950bdac5-fb40-4f70-8ccf-1facce88154b"",""service"":""b741f367-8920-4dad-ba9f-21940f6bcfe7"",""deployment"":""8b9c732a-1566-4070-a289-1db03b7edf5d"",""replica"":""f86045b6-3f78-4936-9514-5e0ec312fe70""}",2026-10-06T15:48:12.761089694Z
"2026-10-06 15:48:12,726 | INFO | 📤 Upsert historic JSON: juanie3gmail.com_e0f83080-87c1-f111-aaaf-002248df2f15-553164_input.json",error,"{""level"":""error""}","{""project"":""266422dc-3751-4146-8a47-1dfd7aeb7284"",""environment"":""950bdac5-fb40-4f70-8ccf-1facce88154b"",""service"":""b741f367-8920-4dad-ba9f-21940f6bcfe7"",""deployment"":""8b9c732a-1566-4070-a289-1db03b7edf5d"",""replica"":""f86045b6-3f78-4936-9514-5e0ec312fe70""}",2026-10-06T15:48:12.761097027Z
"2026-10-06 15:48:12,757 | INFO | file_cache is only supported with oauth2client<4.0.0",error,"{""level"":""error""}","{""project"":""266422dc-3751-4146-8a47-1dfd7aeb7284"",""environment"":""950bdac5-fb40-4f70-8ccf-1facce88154b"",""service"":""b741f367-8920-4dad-ba9f-21940f6bcfe7"",""deployment"":""8b9c732a-1566-4070-a289-1db03b7edf5d"",""replica"":""f86045b6-3f78-4936-9514-5e0ec312fe70""}",2026-10-06T15:48:12.761103037Z
"2026-10-06 15:48:12,752 | INFO | ✅ UTP endpoint response: {'success': True, 'validationId': 'e956bda8-0712-4750-9d32-c4ece321a949', 'message': 'Result received successfully.'}",error,"{""level"":""error""}","{""project"":""266422dc-3751-4146-8a47-1dfd7aeb7284"",""environment"":""950bdac5-fb40-4f70-8ccf-1facce88154b"",""service"":""b741f367-8920-4dad-ba9f-21940f6bcfe7"",""deployment"":""8b9c732a-1566-4070-a289-1db03b7edf5d"",""replica"":""e9529e4a-c029-42c5-9d7b-44a956ef3bea""}",2026-10-06T15:48:12.782502782Z
"2026-10-06 15:48:12,752 | INFO | 🔖 validationId received: e956bda8-0712-4750-9d32-c4ece321a949",error,"{""level"":""error""}","{""project"":""266422dc-3751-4146-8a47-1dfd7aeb7284"",""environment"":""950bdac5-fb40-4f70-8ccf-1facce88154b"",""service"":""b741f367-8920-4dad-ba9f-21940f6bcfe7"",""deployment"":""8b9c732a-1566-4070-a289-1db03b7edf5d"",""replica"":""e9529e4a-c029-42c5-9d7b-44a956ef3bea""}",2026-10-06T15:48:12.782519122Z
"2026-10-06 15:48:13,296 | INFO | ✨ No existing file found, creating fresh historic JSON",error,"{""level"":""error""}","{""project"":""266422dc-3751-4146-8a47-1dfd7aeb7284"",""environment"":""950bdac5-fb40-4f70-8ccf-1facce88154b"",""service"":""b741f367-8920-4dad-ba9f-21940f6bcfe7"",""deployment"":""8b9c732a-1566-4070-a289-1db03b7edf5d"",""replica"":""f86045b6-3f78-4936-9514-5e0ec312fe70""}",2026-10-06T15:48:13.609599525Z
request handled,info,"{""level"":""info"",""ts"":1791301688.162286,""logger"":""api"",""log_type"":""access"",""correlation_id"":""15019517-ef74-487e-b2d3-e35493a38c56"",""remote_ip"":""fd12:3f10:bfc4:1:c000:ac:5610:283e"",""host"":""gotenberg.railway.internal:3000"",""uri"":""/forms/libreoffice/convert"",""method"":""POST"",""path"":""/forms/libreoffice/convert"",""referer"":"""",""user_agent"":""python-requests/2.34.2"",""status"":200,""latency"":4285530197,""latency_human"":""4.285530197s"",""bytes_in"":2202305,""bytes_out"":1101518,""trace_id"":""1e13b4b3b5dfc4e33b2373fe5779785f"",""span_id"":""ee007c8c8313bb61""}","{""project"":""266422dc-3751-4146-8a47-1dfd7aeb7284"",""environment"":""950bdac5-fb40-4f70-8ccf-1facce88154b"",""service"":""6e4b4a7a-c604-411d-9203-fea0668646c4"",""deployment"":""5f1d4817-489a-4c40-9f9e-20d6ff45a00b"",""replica"":""96c3c6b1-f6de-4338-9ad5-cd039df7f4f9""}",2026-10-06T15:48:14.323010456Z
request handled,info,"{""level"":""info"",""ts"":1791301692.7249517,""logger"":""api"",""log_type"":""access"",""correlation_id"":""7f547234-cf5d-48a7-b2b8-67b4f3b873b7"",""remote_ip"":""fd12:3f10:bfc4:1:c000:ac:5610:283e"",""host"":""gotenberg.railway.internal:3000"",""uri"":""/forms/libreoffice/convert"",""method"":""POST"",""path"":""/forms/libreoffice/convert"",""referer"":"""",""user_agent"":""python-requests/2.34.2"",""status"":200,""latency"":4452738772,""latency_human"":""4.452738772s"",""bytes_in"":2472417,""bytes_out"":1368657,""trace_id"":""3ea1bb2a5503abc137a5f5671c1f7cbd"",""span_id"":""4072e3ae6fb2cacd""}","{""project"":""266422dc-3751-4146-8a47-1dfd7aeb7284"",""environment"":""950bdac5-fb40-4f70-8ccf-1facce88154b"",""service"":""6e4b4a7a-c604-411d-9203-fea0668646c4"",""deployment"":""5f1d4817-489a-4c40-9f9e-20d6ff45a00b"",""replica"":""96c3c6b1-f6de-4338-9ad5-cd039df7f4f9""}",2026-10-06T15:48:14.323018940Z
"2026-10-06 15:48:13,523 | WARNING | No row found for sg_message_id=xH0TJhRyTWGVpPFvNFCMug (event=open)",error,"{""level"":""error""}","{""project"":""266422dc-3751-4146-8a47-1dfd7aeb7284"",""environment"":""950bdac5-fb40-4f70-8ccf-1facce88154b"",""service"":""d36dbcc3-cd55-4a7a-baa1-f1f93642c3cc"",""deployment"":""f80f4047-168d-4653-ac85-441f312f05e5"",""replica"":""b6cfba12-d1ab-4faf-819e-52626ba9340c""}",2026-10-06T15:48:14.663169300Z
"2026-10-06 15:48:14,890 | INFO | ✅ validationId=e956bda8-0712-4750-9d32-c4ece321a949 written to byw_tracking_algoritmo_AC for efe7c5d8-85c1-f111-aaaf-7ced8da89080",error,"{""level"":""error""}","{""project"":""266422dc-3751-4146-8a47-1dfd7aeb7284"",""environment"":""950bdac5-fb40-4f70-8ccf-1facce88154b"",""service"":""b741f367-8920-4dad-ba9f-21940f6bcfe7"",""deployment"":""8b9c732a-1566-4070-a289-1db03b7edf5d"",""replica"":""e9529e4a-c029-42c5-9d7b-44a956ef3bea""}",2026-10-06T15:48:14.897664179Z
"2026-10-06 15:48:15,579 | WARNING | No row found for sg_message_id=pmizwfJvTeij4ffdFmhtgg (event=open)",error,"{""level"":""error""}","{""project"":""266422dc-3751-4146-8a47-1dfd7aeb7284"",""environment"":""950bdac5-fb40-4f70-8ccf-1facce88154b"",""service"":""d36dbcc3-cd55-4a7a-baa1-f1f93642c3cc"",""deployment"":""f80f4047-168d-4653-ac85-441f312f05e5"",""replica"":""b6cfba12-d1ab-4faf-819e-52626ba9340c""}",2026-10-06T15:48:16.620365862Z
"2026-10-06 15:48:16,829 | INFO | ✅ Historic JSON upserted → https://drive.google.com/file/d/1gqdeseyX-47SdZKqAd4g-x_iDlnTz7rv/view?usp=drivesdk",error,"{""level"":""error""}","{""project"":""266422dc-3751-4146-8a47-1dfd7aeb7284"",""environment"":""950bdac5-fb40-4f70-8ccf-1facce88154b"",""service"":""b741f367-8920-4dad-ba9f-21940f6bcfe7"",""deployment"":""8b9c732a-1566-4070-a289-1db03b7edf5d"",""replica"":""f86045b6-3f78-4936-9514-5e0ec312fe70""}",2026-10-06T15:48:16.833212637Z
"2026-10-06 15:48:16,829 | ERROR | the user email is e0f83080-87c1-f111-aaaf-002248df2f15",error,"{""level"":""error""}","{""project"":""266422dc-3751-4146-8a47-1dfd7aeb7284"",""environment"":""950bdac5-fb40-4f70-8ccf-1facce88154b"",""service"":""b741f367-8920-4dad-ba9f-21940f6bcfe7"",""deployment"":""8b9c732a-1566-4070-a289-1db03b7edf5d"",""replica"":""f86045b6-3f78-4936-9514-5e0ec312fe70""}",2026-10-06T15:48:16.833220753Z
NoneType: None,error,"{""level"":""error""}","{""project"":""266422dc-3751-4146-8a47-1dfd7aeb7284"",""environment"":""950bdac5-fb40-4f70-8ccf-1facce88154b"",""service"":""b741f367-8920-4dad-ba9f-21940f6bcfe7"",""deployment"":""8b9c732a-1566-4070-a289-1db03b7edf5d"",""replica"":""f86045b6-3f78-4936-9514-5e0ec312fe70""}",2026-10-06T15:48:16.833225394Z
"2026-10-06 15:48:16,830 | INFO | 📤 SFTP upload: franklin_leon_apaza_estudiante_e0f83080-87c1-f111-aaaf-002248df2f15-553164.pdf → /home/u5-ekeoaos2hhsd/www/geroeducacion.com/public_html/pdf_storage/franklin_leon_apaza_estudiante_e0f83080-87c1-f111-aaaf-002248df2f15-553164.pdf",error,"{""level"":""error""}","{""project"":""266422dc-3751-4146-8a47-1dfd7aeb7284"",""environment"":""950bdac5-fb40-4f70-8ccf-1facce88154b"",""service"":""b741f367-8920-4dad-ba9f-21940f6bcfe7"",""deployment"":""8b9c732a-1566-4070-a289-1db03b7edf5d"",""replica"":""f86045b6-3f78-4936-9514-5e0ec312fe70""}",2026-10-06T15:48:16.833229991Z
"2026-10-06 15:48:16,831 | INFO | 📤 SFTP upload: franklin_leon_apaza_padres_e0f83080-87c1-f111-aaaf-002248df2f15-553164.pdf → /home/u5-ekeoaos2hhsd/www/geroeducacion.com/public_html/pdf_storage/franklin_leon_apaza_padres_e0f83080-87c1-f111-aaaf-002248df2f15-553164.pdf",error,"{""level"":""error""}","{""project"":""266422dc-3751-4146-8a47-1dfd7aeb7284"",""environment"":""950bdac5-fb40-4f70-8ccf-1facce88154b"",""service"":""b741f367-8920-4dad-ba9f-21940f6bcfe7"",""deployment"":""8b9c732a-1566-4070-a289-1db03b7edf5d"",""replica"":""f86045b6-3f78-4936-9514-5e0ec312fe70""}",2026-10-06T15:48:16.834660214Z
"2026-10-06 15:48:16,912 | INFO | ✅ PDF received from Gotenberg: report_padres.pdf (1360479 bytes)",error,"{""level"":""error""}","{""project"":""266422dc-3751-4146-8a47-1dfd7aeb7284"",""environment"":""950bdac5-fb40-4f70-8ccf-1facce88154b"",""service"":""b741f367-8920-4dad-ba9f-21940f6bcfe7"",""deployment"":""8b9c732a-1566-4070-a289-1db03b7edf5d"",""replica"":""a04c56f1-c4bf-408d-950c-a77921c239f0""}",2026-10-06T15:48:16.980225032Z
"2026-10-06 15:48:16,912 | INFO | 📄 PDFs done: ['estudiante', 'padres']",error,"{""level"":""error""}","{""project"":""266422dc-3751-4146-8a47-1dfd7aeb7284"",""environment"":""950bdac5-fb40-4f70-8ccf-1facce88154b"",""service"":""b741f367-8920-4dad-ba9f-21940f6bcfe7"",""deployment"":""8b9c732a-1566-4070-a289-1db03b7edf5d"",""replica"":""a04c56f1-c4bf-408d-950c-a77921c239f0""}",2026-10-06T15:48:16.980246942Z
"2026-10-06 15:48:16,913 | INFO | 📤 Upsert historic JSON: rauldavidguerrero15gmail.com_6c7b8f81-8ac1-f111-aaaf-002248df2f15-553160_input.json",error,"{""level"":""error""}","{""project"":""266422dc-3751-4146-8a47-1dfd7aeb7284"",""environment"":""950bdac5-fb40-4f70-8ccf-1facce88154b"",""service"":""b741f367-8920-4dad-ba9f-21940f6bcfe7"",""deployment"":""8b9c732a-1566-4070-a289-1db03b7edf5d"",""replica"":""a04c56f1-c4bf-408d-950c-a77921c239f0""}",2026-10-06T15:48:16.980259961Z
"2026-10-06 15:48:16,960 | INFO | file_cache is only supported with oauth2client<4.0.0",error,"{""level"":""error""}","{""project"":""266422dc-3751-4146-8a47-1dfd7aeb7284"",""environment"":""950bdac5-fb40-4f70-8ccf-1facce88154b"",""service"":""b741f367-8920-4dad-ba9f-21940f6bcfe7"",""deployment"":""8b9c732a-1566-4070-a289-1db03b7edf5d"",""replica"":""a04c56f1-c4bf-408d-950c-a77921c239f0""}",2026-10-06T15:48:16.980269218Z
"2026-10-06 15:48:17,200 | INFO | ✅ Links written to byw_tracking_algoritmo_AC for efe7c5d8-85c1-f111-aaaf-7ced8da89080",error,"{""level"":""error""}","{""project"":""266422dc-3751-4146-8a47-1dfd7aeb7284"",""environment"":""950bdac5-fb40-4f70-8ccf-1facce88154b"",""service"":""b741f367-8920-4dad-ba9f-21940f6bcfe7"",""deployment"":""8b9c732a-1566-4070-a289-1db03b7edf5d"",""replica"":""e9529e4a-c029-42c5-9d7b-44a956ef3bea""}",2026-10-06T15:48:17.206520482Z
"2026-10-06 15:48:17,227 | INFO | Connected (version 2.0, client OpenSSH)",error,"{""level"":""error""}","{""project"":""266422dc-3751-4146-8a47-1dfd7aeb7284"",""environment"":""950bdac5-fb40-4f70-8ccf-1facce88154b"",""service"":""b741f367-8920-4dad-ba9f-21940f6bcfe7"",""deployment"":""8b9c732a-1566-4070-a289-1db03b7edf5d"",""replica"":""f86045b6-3f78-4936-9514-5e0ec312fe70""}",2026-10-06T15:48:17.232425848Z
"2026-10-06 15:48:17,228 | INFO | Connected (version 2.0, client OpenSSH)",error,"{""level"":""error""}","{""project"":""266422dc-3751-4146-8a47-1dfd7aeb7284"",""environment"":""950bdac5-fb40-4f70-8ccf-1facce88154b"",""service"":""b741f367-8920-4dad-ba9f-21940f6bcfe7"",""deployment"":""8b9c732a-1566-4070-a289-1db03b7edf5d"",""replica"":""f86045b6-3f78-4936-9514-5e0ec312fe70""}",2026-10-06T15:48:17.232432644Z
"2026-10-06 15:48:17,593 | WARNING | No row found for sg_message_id=1dPi9Mx3RqOqt8edbtsrBA (event=open)",error,"{""level"":""error""}","{""project"":""266422dc-3751-4146-8a47-1dfd7aeb7284"",""environment"":""950bdac5-fb40-4f70-8ccf-1facce88154b"",""service"":""d36dbcc3-cd55-4a7a-baa1-f1f93642c3cc"",""deployment"":""f80f4047-168d-4653-ac85-441f312f05e5"",""replica"":""b6cfba12-d1ab-4faf-819e-52626ba9340c""}",2026-10-06T15:48:17.881154045Z
"2026-10-06 15:48:17,449 | INFO | ✨ No existing file found, creating fresh historic JSON",error,"{""level"":""error""}","{""project"":""266422dc-3751-4146-8a47-1dfd7aeb7284"",""environment"":""950bdac5-fb40-4f70-8ccf-1facce88154b"",""service"":""b741f367-8920-4dad-ba9f-21940f6bcfe7"",""deployment"":""8b9c732a-1566-4070-a289-1db03b7edf5d"",""replica"":""a04c56f1-c4bf-408d-950c-a77921c239f0""}",2026-10-06T15:48:17.993535341Z
"2026-10-06 15:48:18,284 | INFO | Authentication (publickey) successful!",error,"{""level"":""error""}","{""project"":""266422dc-3751-4146-8a47-1dfd7aeb7284"",""environment"":""950bdac5-fb40-4f70-8ccf-1facce88154b"",""service"":""b741f367-8920-4dad-ba9f-21940f6bcfe7"",""deployment"":""8b9c732a-1566-4070-a289-1db03b7edf5d"",""replica"":""f86045b6-3f78-4936-9514-5e0ec312fe70""}",2026-10-06T15:48:18.301074315Z
"2026-10-06 15:48:18,286 | INFO | Authentication (publickey) successful!",error,"{""level"":""error""}","{""project"":""266422dc-3751-4146-8a47-1dfd7aeb7284"",""environment"":""950bdac5-fb40-4f70-8ccf-1facce88154b"",""service"":""b741f367-8920-4dad-ba9f-21940f6bcfe7"",""deployment"":""8b9c732a-1566-4070-a289-1db03b7edf5d"",""replica"":""f86045b6-3f78-4936-9514-5e0ec312fe70""}",2026-10-06T15:48:18.301083536Z
"2026-10-06 15:48:18,861 | INFO | [chan 0] Opened sftp connection (server version 3)",error,"{""level"":""error""}","{""project"":""266422dc-3751-4146-8a47-1dfd7aeb7284"",""environment"":""950bdac5-fb40-4f70-8ccf-1facce88154b"",""service"":""b741f367-8920-4dad-ba9f-21940f6bcfe7"",""deployment"":""8b9c732a-1566-4070-a289-1db03b7edf5d"",""replica"":""f86045b6-3f78-4936-9514-5e0ec312fe70""}",2026-10-06T15:48:18.864820082Z
"2026-10-06 15:48:18,866 | INFO | [chan 0] Opened sftp connection (server version 3)",error,"{""level"":""error""}","{""project"":""266422dc-3751-4146-8a47-1dfd7aeb7284"",""environment"":""950bdac5-fb40-4f70-8ccf-1facce88154b"",""service"":""b741f367-8920-4dad-ba9f-21940f6bcfe7"",""deployment"":""8b9c732a-1566-4070-a289-1db03b7edf5d"",""replica"":""f86045b6-3f78-4936-9514-5e0ec312fe70""}",2026-10-06T15:48:18.871037615Z
"2026-10-06 15:48:19,232 | INFO | 📧 Sending UTP student email to requejojo@gmail.com for cedula=efe7c5d8-85c1-f111-aaaf-7ced8da89080",error,"{""level"":""error""}","{""project"":""266422dc-3751-4146-8a47-1dfd7aeb7284"",""environment"":""950bdac5-fb40-4f70-8ccf-1facce88154b"",""service"":""b741f367-8920-4dad-ba9f-21940f6bcfe7"",""deployment"":""8b9c732a-1566-4070-a289-1db03b7edf5d"",""replica"":""e9529e4a-c029-42c5-9d7b-44a956ef3bea""}",2026-10-06T15:48:19.585786409Z
"2026-10-06 15:48:19,441 | INFO | 😈 sg_message_id: H3TuCyluSQarSy6_SQbh6A",error,"{""level"":""error""}","{""project"":""266422dc-3751-4146-8a47-1dfd7aeb7284"",""environment"":""950bdac5-fb40-4f70-8ccf-1facce88154b"",""service"":""b741f367-8920-4dad-ba9f-21940f6bcfe7"",""deployment"":""8b9c732a-1566-4070-a289-1db03b7edf5d"",""replica"":""e9529e4a-c029-42c5-9d7b-44a956ef3bea""}",2026-10-06T15:48:19.585792799Z
"2026-10-06 15:48:19,441 | INFO | ✅ UTP student email sent to requejojo@gmail.com",error,"{""level"":""error""}","{""project"":""266422dc-3751-4146-8a47-1dfd7aeb7284"",""environment"":""950bdac5-fb40-4f70-8ccf-1facce88154b"",""service"":""b741f367-8920-4dad-ba9f-21940f6bcfe7"",""deployment"":""8b9c732a-1566-4070-a289-1db03b7edf5d"",""replica"":""e9529e4a-c029-42c5-9d7b-44a956ef3bea""}",2026-10-06T15:48:19.585798599Z
"2026-10-06 15:48:20,146 | INFO | ✅ Historic JSON upserted → https://drive.google.com/file/d/17nfyQjzGV7SOVcDfokxN1LY-Zdjv0q-W/view?usp=drivesdk",error,"{""level"":""error""}","{""project"":""266422dc-3751-4146-8a47-1dfd7aeb7284"",""environment"":""950bdac5-fb40-4f70-8ccf-1facce88154b"",""service"":""b741f367-8920-4dad-ba9f-21940f6bcfe7"",""deployment"":""8b9c732a-1566-4070-a289-1db03b7edf5d"",""replica"":""a04c56f1-c4bf-408d-950c-a77921c239f0""}",2026-10-06T15:48:20.156101533Z
"2026-10-06 15:48:20,146 | ERROR | the user email is 6c7b8f81-8ac1-f111-aaaf-002248df2f15",error,"{""level"":""error""}","{""project"":""266422dc-3751-4146-8a47-1dfd7aeb7284"",""environment"":""950bdac5-fb40-4f70-8ccf-1facce88154b"",""service"":""b741f367-8920-4dad-ba9f-21940f6bcfe7"",""deployment"":""8b9c732a-1566-4070-a289-1db03b7edf5d"",""replica"":""a04c56f1-c4bf-408d-950c-a77921c239f0""}",2026-10-06T15:48:20.156118561Z
NoneType: None,error,"{""level"":""error""}","{""project"":""266422dc-3751-4146-8a47-1dfd7aeb7284"",""environment"":""950bdac5-fb40-4f70-8ccf-1facce88154b"",""service"":""b741f367-8920-4dad-ba9f-21940f6bcfe7"",""deployment"":""8b9c732a-1566-4070-a289-1db03b7edf5d"",""replica"":""a04c56f1-c4bf-408d-950c-a77921c239f0""}",2026-10-06T15:48:20.156127792Z
"2026-10-06 15:48:20,147 | INFO | 📤 SFTP upload: raul_david_guerrero_rojan_estudiante_6c7b8f81-8ac1-f111-aaaf-002248df2f15-553160.pdf → /home/u5-ekeoaos2hhsd/www/geroeducacion.com/public_html/pdf_storage/raul_david_guerrero_rojan_estudiante_6c7b8f81-8ac1-f111-aaaf-002248df2f15-553160.pdf",error,"{""level"":""error""}","{""project"":""266422dc-3751-4146-8a47-1dfd7aeb7284"",""environment"":""950bdac5-fb40-4f70-8ccf-1facce88154b"",""service"":""b741f367-8920-4dad-ba9f-21940f6bcfe7"",""deployment"":""8b9c732a-1566-4070-a289-1db03b7edf5d"",""replica"":""a04c56f1-c4bf-408d-950c-a77921c239f0""}",2026-10-06T15:48:20.156133923Z
"2026-10-06 15:48:20,148 | INFO | 📤 SFTP upload: raul_david_guerrero_rojan_padres_6c7b8f81-8ac1-f111-aaaf-002248df2f15-553160.pdf → /home/u5-ekeoaos2hhsd/www/geroeducacion.com/public_html/pdf_storage/raul_david_guerrero_rojan_padres_6c7b8f81-8ac1-f111-aaaf-002248df2f15-553160.pdf",error,"{""level"":""error""}","{""project"":""266422dc-3751-4146-8a47-1dfd7aeb7284"",""environment"":""950bdac5-fb40-4f70-8ccf-1facce88154b"",""service"":""b741f367-8920-4dad-ba9f-21940f6bcfe7"",""deployment"":""8b9c732a-1566-4070-a289-1db03b7edf5d"",""replica"":""a04c56f1-c4bf-408d-950c-a77921c239f0""}",2026-10-06T15:48:20.156141186Z
"2026-10-06 15:48:20,806 | INFO | [chan 0] sftp session closed.",error,"{""level"":""error""}","{""project"":""266422dc-3751-4146-8a47-1dfd7aeb7284"",""environment"":""950bdac5-fb40-4f70-8ccf-1facce88154b"",""service"":""b741f367-8920-4dad-ba9f-21940f6bcfe7"",""deployment"":""8b9c732a-1566-4070-a289-1db03b7edf5d"",""replica"":""f86045b6-3f78-4936-9514-5e0ec312fe70""}",2026-10-06T15:48:20.832146432Z
"2026-10-06 15:48:20,806 | INFO | ✅ SiteGround file live at: https://geroeducacion.com/pdf_storage/franklin_leon_apaza_estudiante_e0f83080-87c1-f111-aaaf-002248df2f15-553164.pdf",error,"{""level"":""error""}","{""project"":""266422dc-3751-4146-8a47-1dfd7aeb7284"",""environment"":""950bdac5-fb40-4f70-8ccf-1facce88154b"",""service"":""b741f367-8920-4dad-ba9f-21940f6bcfe7"",""deployment"":""8b9c732a-1566-4070-a289-1db03b7edf5d"",""replica"":""f86045b6-3f78-4936-9514-5e0ec312fe70""}",2026-10-06T15:48:20.832152074Z
request handled,info,"{""level"":""info"",""ts"":1791301690.1735628,""logger"":""api"",""log_type"":""access"",""correlation_id"":""8e04119a-93d9-4d4a-aa60-a9f2c37be1ff"",""remote_ip"":""fd12:3f10:bfc4:1:9000:5:ae5a:6f89"",""host"":""gotenberg.railway.internal:3000"",""uri"":""/forms/libreoffice/convert"",""method"":""POST"",""path"":""/forms/libreoffice/convert"",""referer"":"""",""user_agent"":""python-requests/2.34.2"",""status"":200,""latency"":5963808335,""latency_human"":""5.963808335s"",""bytes_in"":2202013,""bytes_out"":1093324,""trace_id"":""b504df115c66d970945160b35262720b"",""span_id"":""bfd74ca5f5f9b9c5""}","{""project"":""266422dc-3751-4146-8a47-1dfd7aeb7284"",""environment"":""950bdac5-fb40-4f70-8ccf-1facce88154b"",""service"":""6e4b4a7a-c604-411d-9203-fea0668646c4"",""deployment"":""5f1d4817-489a-4c40-9f9e-20d6ff45a00b"",""replica"":""d93729db-8300-42ce-b846-1924ce1b508d""}",2026-10-06T15:48:20.850138819Z
request handled,info,"{""level"":""info"",""ts"":1791301696.9144018,""logger"":""api"",""log_type"":""access"",""correlation_id"":""f9b704eb-b0e7-45ad-a23a-4cc6d913f1f2"",""remote_ip"":""fd12:3f10:bfc4:1:9000:5:ae5a:6f89"",""host"":""gotenberg.railway.internal:3000"",""uri"":""/forms/libreoffice/convert"",""method"":""POST"",""path"":""/forms/libreoffice/convert"",""referer"":"""",""user_agent"":""python-requests/2.34.2"",""status"":200,""latency"":6608605149,""latency_human"":""6.608605149s"",""bytes_in"":2472073,""bytes_out"":1360479,""trace_id"":""5a458834a76b45c573a325f7a1d50b7d"",""span_id"":""cb61dd5ee1edb214""}","{""project"":""266422dc-3751-4146-8a47-1dfd7aeb7284"",""environment"":""950bdac5-fb40-4f70-8ccf-1facce88154b"",""service"":""6e4b4a7a-c604-411d-9203-fea0668646c4"",""deployment"":""5f1d4817-489a-4c40-9f9e-20d6ff45a00b"",""replica"":""d93729db-8300-42ce-b846-1924ce1b508d""}",2026-10-06T15:48:20.850145021Z
"2026-10-06 15:48:20,539 | INFO | Connected (version 2.0, client OpenSSH)",error,"{""level"":""error""}","{""project"":""266422dc-3751-4146-8a47-1dfd7aeb7284"",""environment"":""950bdac5-fb40-4f70-8ccf-1facce88154b"",""service"":""b741f367-8920-4dad-ba9f-21940f6bcfe7"",""deployment"":""8b9c732a-1566-4070-a289-1db03b7edf5d"",""replica"":""a04c56f1-c4bf-408d-950c-a77921c239f0""}",2026-10-06T15:48:20.883808051Z
"2026-10-06 15:48:20,541 | INFO | Connected (version 2.0, client OpenSSH)",error,"{""level"":""error""}","{""project"":""266422dc-3751-4146-8a47-1dfd7aeb7284"",""environment"":""950bdac5-fb40-4f70-8ccf-1facce88154b"",""service"":""b741f367-8920-4dad-ba9f-21940f6bcfe7"",""deployment"":""8b9c732a-1566-4070-a289-1db03b7edf5d"",""replica"":""a04c56f1-c4bf-408d-950c-a77921c239f0""}",2026-10-06T15:48:20.883819698Z
"2026-10-06 15:48:21,020 | INFO | [chan 0] sftp session closed.",error,"{""level"":""error""}","{""project"":""266422dc-3751-4146-8a47-1dfd7aeb7284"",""environment"":""950bdac5-fb40-4f70-8ccf-1facce88154b"",""service"":""b741f367-8920-4dad-ba9f-21940f6bcfe7"",""deployment"":""8b9c732a-1566-4070-a289-1db03b7edf5d"",""replica"":""f86045b6-3f78-4936-9514-5e0ec312fe70""}",2026-10-06T15:48:21.071866171Z
"2026-10-06 15:48:21,021 | INFO | ✅ SiteGround file live at: https://geroeducacion.com/pdf_storage/franklin_leon_apaza_padres_e0f83080-87c1-f111-aaaf-002248df2f15-553164.pdf",error,"{""level"":""error""}","{""project"":""266422dc-3751-4146-8a47-1dfd7aeb7284"",""environment"":""950bdac5-fb40-4f70-8ccf-1facce88154b"",""service"":""b741f367-8920-4dad-ba9f-21940f6bcfe7"",""deployment"":""8b9c732a-1566-4070-a289-1db03b7edf5d"",""replica"":""f86045b6-3f78-4936-9514-5e0ec312fe70""}",2026-10-06T15:48:21.071880233Z
"2026-10-06 15:48:21,021 | INFO | 📨 Posting UTP payload | endpoint=https://crm02.utp.edu.pe/VisualizateV2/api/v1/student-results | leadId=e0f83080-87c1-f111-aaaf-002248df2f15 | career1=ADMINISTRACIÓN DE NEGOCIOS INTERNACIONALES | career2= | resultsLink=https://geroeducacion.com/pdf_storage/franklin_leon_apaza_estudiante_e0f83080-87c1-f111-aaaf-002248df2f15-553164.pdf | resultsLinkParent=https://geroeducacion.com/pdf_storage/franklin_leon_apaza_padres_e0f83080-87c1-f111-aaaf-002248df2f15-553164.pdf",error,"{""level"":""error""}","{""project"":""266422dc-3751-4146-8a47-1dfd7aeb7284"",""environment"":""950bdac5-fb40-4f70-8ccf-1facce88154b"",""service"":""b741f367-8920-4dad-ba9f-21940f6bcfe7"",""deployment"":""8b9c732a-1566-4070-a289-1db03b7edf5d"",""replica"":""f86045b6-3f78-4936-9514-5e0ec312fe70""}",2026-10-06T15:48:21.071886896Z
"2026-10-06 15:48:20,331 | INFO | ✅ webhook: sg_message_id=dG7IY8NEQyGx-NSlG_RAgw processed → delivered",error,"{""level"":""error""}","{""project"":""266422dc-3751-4146-8a47-1dfd7aeb7284"",""environment"":""950bdac5-fb40-4f70-8ccf-1facce88154b"",""service"":""d36dbcc3-cd55-4a7a-baa1-f1f93642c3cc"",""deployment"":""f80f4047-168d-4653-ac85-441f312f05e5"",""replica"":""b6cfba12-d1ab-4faf-819e-52626ba9340c""}",2026-10-06T15:48:21.295915668Z
"INFO:     100.64.0.11:62890 - ""POST /webhooks/sendgrid HTTP/1.1"" 200 OK",info,"{""level"":""info""}","{""project"":""266422dc-3751-4146-8a47-1dfd7aeb7284"",""environment"":""950bdac5-fb40-4f70-8ccf-1facce88154b"",""service"":""d36dbcc3-cd55-4a7a-baa1-f1f93642c3cc"",""deployment"":""f80f4047-168d-4653-ac85-441f312f05e5"",""replica"":""b6cfba12-d1ab-4faf-819e-52626ba9340c""}",2026-10-06T15:48:21.295922021Z
"2026-10-06 15:48:21,807 | INFO | ✅ sg_message_id=H3TuCyluSQarSy6_SQbh6A written for efe7c5d8-85c1-f111-aaaf-7ced8da89080",error,"{""level"":""error""}","{""project"":""266422dc-3751-4146-8a47-1dfd7aeb7284"",""environment"":""950bdac5-fb40-4f70-8ccf-1facce88154b"",""service"":""b741f367-8920-4dad-ba9f-21940f6bcfe7"",""deployment"":""8b9c732a-1566-4070-a289-1db03b7edf5d"",""replica"":""e9529e4a-c029-42c5-9d7b-44a956ef3bea""}",2026-10-06T15:48:21.812519866Z
"2026-10-06 15:48:21,852 | INFO | ✅ Historic updated for requejojo@gmail.com | new_links=['padres', 'estudiante']",error,"{""level"":""error""}","{""project"":""266422dc-3751-4146-8a47-1dfd7aeb7284"",""environment"":""950bdac5-fb40-4f70-8ccf-1facce88154b"",""service"":""b741f367-8920-4dad-ba9f-21940f6bcfe7"",""deployment"":""8b9c732a-1566-4070-a289-1db03b7edf5d"",""replica"":""e9529e4a-c029-42c5-9d7b-44a956ef3bea""}",2026-10-06T15:48:21.855733766Z
"2026-10-06 15:48:21,893 | INFO | file_cache is only supported with oauth2client<4.0.0",error,"{""level"":""error""}","{""project"":""266422dc-3751-4146-8a47-1dfd7aeb7284"",""environment"":""950bdac5-fb40-4f70-8ccf-1facce88154b"",""service"":""b741f367-8920-4dad-ba9f-21940f6bcfe7"",""deployment"":""8b9c732a-1566-4070-a289-1db03b7edf5d"",""replica"":""e9529e4a-c029-42c5-9d7b-44a956ef3bea""}",2026-10-06T15:48:21.897128168Z
"2026-10-06 15:48:21,587 | INFO | Authentication (publickey) successful!",error,"{""level"":""error""}","{""project"":""266422dc-3751-4146-8a47-1dfd7aeb7284"",""environment"":""950bdac5-fb40-4f70-8ccf-1facce88154b"",""service"":""b741f367-8920-4dad-ba9f-21940f6bcfe7"",""deployment"":""8b9c732a-1566-4070-a289-1db03b7edf5d"",""replica"":""a04c56f1-c4bf-408d-950c-a77921c239f0""}",2026-10-06T15:48:22.048715336Z
"2026-10-06 15:48:21,600 | INFO | Authentication (publickey) successful!",error,"{""level"":""error""}","{""project"":""266422dc-3751-4146-8a47-1dfd7aeb7284"",""environment"":""950bdac5-fb40-4f70-8ccf-1facce88154b"",""service"":""b741f367-8920-4dad-ba9f-21940f6bcfe7"",""deployment"":""8b9c732a-1566-4070-a289-1db03b7edf5d"",""replica"":""a04c56f1-c4bf-408d-950c-a77921c239f0""}",2026-10-06T15:48:22.048724361Z
"2026-10-06 15:48:22,160 | INFO | [chan 0] Opened sftp connection (server version 3)",error,"{""level"":""error""}","{""project"":""266422dc-3751-4146-8a47-1dfd7aeb7284"",""environment"":""950bdac5-fb40-4f70-8ccf-1facce88154b"",""service"":""b741f367-8920-4dad-ba9f-21940f6bcfe7"",""deployment"":""8b9c732a-1566-4070-a289-1db03b7edf5d"",""replica"":""a04c56f1-c4bf-408d-950c-a77921c239f0""}",2026-10-06T15:48:22.164439539Z
"2026-10-06 15:48:22,178 | INFO | [chan 0] Opened sftp connection (server version 3)",error,"{""level"":""error""}","{""project"":""266422dc-3751-4146-8a47-1dfd7aeb7284"",""environment"":""950bdac5-fb40-4f70-8ccf-1facce88154b"",""service"":""b741f367-8920-4dad-ba9f-21940f6bcfe7"",""deployment"":""8b9c732a-1566-4070-a289-1db03b7edf5d"",""replica"":""a04c56f1-c4bf-408d-950c-a77921c239f0""}",2026-10-06T15:48:22.183207159Z
"2026-10-06 15:48:22,340 | INFO | ✅ UTP endpoint response: {'success': True, 'validationId': '56dd22ae-9dfe-4751-9d51-36ad4d1f4895', 'message': 'Result received successfully.'}",error,"{""level"":""error""}","{""project"":""266422dc-3751-4146-8a47-1dfd7aeb7284"",""environment"":""950bdac5-fb40-4f70-8ccf-1facce88154b"",""service"":""b741f367-8920-4dad-ba9f-21940f6bcfe7"",""deployment"":""8b9c732a-1566-4070-a289-1db03b7edf5d"",""replica"":""f86045b6-3f78-4936-9514-5e0ec312fe70""}",2026-10-06T15:48:22.371474794Z
"2026-10-06 15:48:22,340 | INFO | 🔖 validationId received: 56dd22ae-9dfe-4751-9d51-36ad4d1f4895",error,"{""level"":""error""}","{""project"":""266422dc-3751-4146-8a47-1dfd7aeb7284"",""environment"":""950bdac5-fb40-4f70-8ccf-1facce88154b"",""service"":""b741f367-8920-4dad-ba9f-21940f6bcfe7"",""deployment"":""8b9c732a-1566-4070-a289-1db03b7edf5d"",""replica"":""f86045b6-3f78-4936-9514-5e0ec312fe70""}",2026-10-06T15:48:22.371486188Z
"INFO:     100.64.0.7:49442 - ""POST /webhooks/sendgrid HTTP/1.1"" 200 OK",info,"{""level"":""info""}","{""project"":""266422dc-3751-4146-8a47-1dfd7aeb7284"",""environment"":""950bdac5-fb40-4f70-8ccf-1facce88154b"",""service"":""d36dbcc3-cd55-4a7a-baa1-f1f93642c3cc"",""deployment"":""f80f4047-168d-4653-ac85-441f312f05e5"",""replica"":""b6cfba12-d1ab-4faf-819e-52626ba9340c""}",2026-10-06T15:48:22.922275434Z
"2026-10-06 15:48:24,087 | INFO | [chan 0] sftp session closed.",error,"{""level"":""error""}","{""project"":""266422dc-3751-4146-8a47-1dfd7aeb7284"",""environment"":""950bdac5-fb40-4f70-8ccf-1facce88154b"",""service"":""b741f367-8920-4dad-ba9f-21940f6bcfe7"",""deployment"":""8b9c732a-1566-4070-a289-1db03b7edf5d"",""replica"":""a04c56f1-c4bf-408d-950c-a77921c239f0""}",2026-10-06T15:48:24.378483161Z
"2026-10-06 15:48:24,087 | INFO | ✅ SiteGround file live at: https://geroeducacion.com/pdf_storage/raul_david_guerrero_rojan_estudiante_6c7b8f81-8ac1-f111-aaaf-002248df2f15-553160.pdf",error,"{""level"":""error""}","{""project"":""266422dc-3751-4146-8a47-1dfd7aeb7284"",""environment"":""950bdac5-fb40-4f70-8ccf-1facce88154b"",""service"":""b741f367-8920-4dad-ba9f-21940f6bcfe7"",""deployment"":""8b9c732a-1566-4070-a289-1db03b7edf5d"",""replica"":""a04c56f1-c4bf-408d-950c-a77921c239f0""}",2026-10-06T15:48:24.378490785Z
"2026-10-06 15:48:24,154 | INFO | [chan 0] sftp session closed.",error,"{""level"":""error""}","{""project"":""266422dc-3751-4146-8a47-1dfd7aeb7284"",""environment"":""950bdac5-fb40-4f70-8ccf-1facce88154b"",""service"":""b741f367-8920-4dad-ba9f-21940f6bcfe7"",""deployment"":""8b9c732a-1566-4070-a289-1db03b7edf5d"",""replica"":""a04c56f1-c4bf-408d-950c-a77921c239f0""}",2026-10-06T15:48:24.378496485Z
"2026-10-06 15:48:24,155 | INFO | ✅ SiteGround file live at: https://geroeducacion.com/pdf_storage/raul_david_guerrero_rojan_padres_6c7b8f81-8ac1-f111-aaaf-002248df2f15-553160.pdf",error,"{""level"":""error""}","{""project"":""266422dc-3751-4146-8a47-1dfd7aeb7284"",""environment"":""950bdac5-fb40-4f70-8ccf-1facce88154b"",""service"":""b741f367-8920-4dad-ba9f-21940f6bcfe7"",""deployment"":""8b9c732a-1566-4070-a289-1db03b7edf5d"",""replica"":""a04c56f1-c4bf-408d-950c-a77921c239f0""}",2026-10-06T15:48:24.378501651Z
"2026-10-06 15:48:24,156 | INFO | 📨 Posting UTP payload | endpoint=https://crm02.utp.edu.pe/VisualizateV2/api/v1/student-results | leadId=6c7b8f81-8ac1-f111-aaaf-002248df2f15 | career1=DERECHO | career2= | resultsLink=https://geroeducacion.com/pdf_storage/raul_david_guerrero_rojan_estudiante_6c7b8f81-8ac1-f111-aaaf-002248df2f15-553160.pdf | resultsLinkParent=https://geroeducacion.com/pdf_storage/raul_david_guerrero_rojan_padres_6c7b8f81-8ac1-f111-aaaf-002248df2f15-553160.pdf",error,"{""level"":""error""}","{""project"":""266422dc-3751-4146-8a47-1dfd7aeb7284"",""environment"":""950bdac5-fb40-4f70-8ccf-1facce88154b"",""service"":""b741f367-8920-4dad-ba9f-21940f6bcfe7"",""deployment"":""8b9c732a-1566-4070-a289-1db03b7edf5d"",""replica"":""a04c56f1-c4bf-408d-950c-a77921c239f0""}",2026-10-06T15:48:24.378507614Z
"2026-10-06 15:48:24,527 | INFO | ✅ validationId=56dd22ae-9dfe-4751-9d51-36ad4d1f4895 written to byw_tracking_algoritmo_AC for e0f83080-87c1-f111-aaaf-002248df2f15",error,"{""level"":""error""}","{""project"":""266422dc-3751-4146-8a47-1dfd7aeb7284"",""environment"":""950bdac5-fb40-4f70-8ccf-1facce88154b"",""service"":""b741f367-8920-4dad-ba9f-21940f6bcfe7"",""deployment"":""8b9c732a-1566-4070-a289-1db03b7edf5d"",""replica"":""f86045b6-3f78-4936-9514-5e0ec312fe70""}",2026-10-06T15:48:24.680590886Z
"2026-10-06 15:48:24,412 | WARNING | No row found for sg_message_id=2CjsjMawQjapbz7ME3vsWA (event=click)",error,"{""level"":""error""}","{""project"":""266422dc-3751-4146-8a47-1dfd7aeb7284"",""environment"":""950bdac5-fb40-4f70-8ccf-1facce88154b"",""service"":""d36dbcc3-cd55-4a7a-baa1-f1f93642c3cc"",""deployment"":""f80f4047-168d-4653-ac85-441f312f05e5"",""replica"":""b6cfba12-d1ab-4faf-819e-52626ba9340c""}",2026-10-06T15:48:26.138826209Z
"INFO:     100.64.0.4:41240 - ""POST /webhooks/sendgrid HTTP/1.1"" 200 OK",info,"{""level"":""info""}","{""project"":""266422dc-3751-4146-8a47-1dfd7aeb7284"",""environment"":""950bdac5-fb40-4f70-8ccf-1facce88154b"",""service"":""d36dbcc3-cd55-4a7a-baa1-f1f93642c3cc"",""deployment"":""f80f4047-168d-4653-ac85-441f312f05e5"",""replica"":""b6cfba12-d1ab-4faf-819e-52626ba9340c""}",2026-10-06T15:48:26.138834115Z
"2026-10-06 15:48:25,636 | INFO | ✅ UTP endpoint response: {'success': True, 'validationId': '358cafe9-a085-44cf-b0f3-1d28ff5d26fc', 'message': 'Result received successfully.'}",error,"{""level"":""error""}","{""project"":""266422dc-3751-4146-8a47-1dfd7aeb7284"",""environment"":""950bdac5-fb40-4f70-8ccf-1facce88154b"",""service"":""b741f367-8920-4dad-ba9f-21940f6bcfe7"",""deployment"":""8b9c732a-1566-4070-a289-1db03b7edf5d"",""replica"":""a04c56f1-c4bf-408d-950c-a77921c239f0""}",2026-10-06T15:48:26.150617807Z
"2026-10-06 15:48:25,636 | INFO | 🔖 validationId received: 358cafe9-a085-44cf-b0f3-1d28ff5d26fc",error,"{""level"":""error""}","{""project"":""266422dc-3751-4146-8a47-1dfd7aeb7284"",""environment"":""950bdac5-fb40-4f70-8ccf-1facce88154b"",""service"":""b741f367-8920-4dad-ba9f-21940f6bcfe7"",""deployment"":""8b9c732a-1566-4070-a289-1db03b7edf5d"",""replica"":""a04c56f1-c4bf-408d-950c-a77921c239f0""}",2026-10-06T15:48:26.150625641Z
"2026-10-06 15:48:26,770 | INFO | ✅ Links written to byw_tracking_algoritmo_AC for e0f83080-87c1-f111-aaaf-002248df2f15",error,"{""level"":""error""}","{""project"":""266422dc-3751-4146-8a47-1dfd7aeb7284"",""environment"":""950bdac5-fb40-4f70-8ccf-1facce88154b"",""service"":""b741f367-8920-4dad-ba9f-21940f6bcfe7"",""deployment"":""8b9c732a-1566-4070-a289-1db03b7edf5d"",""replica"":""f86045b6-3f78-4936-9514-5e0ec312fe70""}",2026-10-06T15:48:26.782227014Z
"2026-10-06 15:48:26,526 | WARNING | No row found for sg_message_id=AzDJeG7hQuixLO1GfyyfKw (event=delivered)",error,"{""level"":""error""}","{""project"":""266422dc-3751-4146-8a47-1dfd7aeb7284"",""environment"":""950bdac5-fb40-4f70-8ccf-1facce88154b"",""service"":""d36dbcc3-cd55-4a7a-baa1-f1f93642c3cc"",""deployment"":""f80f4047-168d-4653-ac85-441f312f05e5"",""replica"":""b6cfba12-d1ab-4faf-819e-52626ba9340c""}",2026-10-06T15:48:27.262944524Z
"2026-10-06 15:48:27,663 | INFO | ✅ validationId=358cafe9-a085-44cf-b0f3-1d28ff5d26fc written to byw_tracking_algoritmo_AC for 6c7b8f81-8ac1-f111-aaaf-002248df2f15",error,"{""level"":""error""}","{""project"":""266422dc-3751-4146-8a47-1dfd7aeb7284"",""environment"":""950bdac5-fb40-4f70-8ccf-1facce88154b"",""service"":""b741f367-8920-4dad-ba9f-21940f6bcfe7"",""deployment"":""8b9c732a-1566-4070-a289-1db03b7edf5d"",""replica"":""a04c56f1-c4bf-408d-950c-a77921c239f0""}",2026-10-06T15:48:28.154418466Z
"2026-10-06 15:48:28,887 | INFO | 📧 Sending UTP student email to juanie3@gmail.com for cedula=e0f83080-87c1-f111-aaaf-002248df2f15",error,"{""level"":""error""}","{""project"":""266422dc-3751-4146-8a47-1dfd7aeb7284"",""environment"":""950bdac5-fb40-4f70-8ccf-1facce88154b"",""service"":""b741f367-8920-4dad-ba9f-21940f6bcfe7"",""deployment"":""8b9c732a-1566-4070-a289-1db03b7edf5d"",""replica"":""f86045b6-3f78-4936-9514-5e0ec312fe70""}",2026-10-06T15:48:28.894264998Z
"2026-10-06 15:48:28,913 | INFO | 😈 sg_message_id: MJ31rbNoSmy0x3-9oBkTNA",error,"{""level"":""error""}","{""project"":""266422dc-3751-4146-8a47-1dfd7aeb7284"",""environment"":""950bdac5-fb40-4f70-8ccf-1facce88154b"",""service"":""b741f367-8920-4dad-ba9f-21940f6bcfe7"",""deployment"":""8b9c732a-1566-4070-a289-1db03b7edf5d"",""replica"":""f86045b6-3f78-4936-9514-5e0ec312fe70""}",2026-10-06T15:48:28.918520594Z
"2026-10-06 15:48:28,913 | INFO | ✅ UTP student email sent to juanie3@gmail.com",error,"{""level"":""error""}","{""project"":""266422dc-3751-4146-8a47-1dfd7aeb7284"",""environment"":""950bdac5-fb40-4f70-8ccf-1facce88154b"",""service"":""b741f367-8920-4dad-ba9f-21940f6bcfe7"",""deployment"":""8b9c732a-1566-4070-a289-1db03b7edf5d"",""replica"":""f86045b6-3f78-4936-9514-5e0ec312fe70""}",2026-10-06T15:48:28.918528605Z
"2026-10-06 15:48:28,508 | WARNING | No row found for sg_message_id=qSfY5EgVS7CRkpBoZLXkug (event=delivered)",error,"{""level"":""error""}","{""project"":""266422dc-3751-4146-8a47-1dfd7aeb7284"",""environment"":""950bdac5-fb40-4f70-8ccf-1facce88154b"",""service"":""d36dbcc3-cd55-4a7a-baa1-f1f93642c3cc"",""deployment"":""f80f4047-168d-4653-ac85-441f312f05e5"",""replica"":""b6cfba12-d1ab-4faf-819e-52626ba9340c""}",2026-10-06T15:48:29.084473595Z
"2026-10-06 15:48:29,944 | INFO | ✅ Links written to byw_tracking_algoritmo_AC for 6c7b8f81-8ac1-f111-aaaf-002248df2f15",error,"{""level"":""error""}","{""project"":""266422dc-3751-4146-8a47-1dfd7aeb7284"",""environment"":""950bdac5-fb40-4f70-8ccf-1facce88154b"",""service"":""b741f367-8920-4dad-ba9f-21940f6bcfe7"",""deployment"":""8b9c732a-1566-4070-a289-1db03b7edf5d"",""replica"":""a04c56f1-c4bf-408d-950c-a77921c239f0""}",2026-10-06T15:48:30.178050376Z
"2026-10-06 15:48:30,612 | WARNING | No row found for sg_message_id=0hAnIjSYQlCkzixXIbmRyg (event=delivered)",error,"{""level"":""error""}","{""project"":""266422dc-3751-4146-8a47-1dfd7aeb7284"",""environment"":""950bdac5-fb40-4f70-8ccf-1facce88154b"",""service"":""d36dbcc3-cd55-4a7a-baa1-f1f93642c3cc"",""deployment"":""f80f4047-168d-4653-ac85-441f312f05e5"",""replica"":""b6cfba12-d1ab-4faf-819e-52626ba9340c""}",2026-10-06T15:48:31.086176704Z
"2026-10-06 15:48:31,261 | INFO | ✅ sg_message_id=MJ31rbNoSmy0x3-9oBkTNA written for e0f83080-87c1-f111-aaaf-002248df2f15",error,"{""level"":""error""}","{""project"":""266422dc-3751-4146-8a47-1dfd7aeb7284"",""environment"":""950bdac5-fb40-4f70-8ccf-1facce88154b"",""service"":""b741f367-8920-4dad-ba9f-21940f6bcfe7"",""deployment"":""8b9c732a-1566-4070-a289-1db03b7edf5d"",""replica"":""f86045b6-3f78-4936-9514-5e0ec312fe70""}",2026-10-06T15:48:31.263634202Z
"2026-10-06 15:48:31,291 | INFO | ✅ Historic updated for juanie3@gmail.com | new_links=['estudiante', 'padres']",error,"{""level"":""error""}","{""project"":""266422dc-3751-4146-8a47-1dfd7aeb7284"",""environment"":""950bdac5-fb40-4f70-8ccf-1facce88154b"",""service"":""b741f367-8920-4dad-ba9f-21940f6bcfe7"",""deployment"":""8b9c732a-1566-4070-a289-1db03b7edf5d"",""replica"":""f86045b6-3f78-4936-9514-5e0ec312fe70""}",2026-10-06T15:48:31.305240756Z
"2026-10-06 15:48:31,327 | INFO | file_cache is only supported with oauth2client<4.0.0",error,"{""level"":""error""}","{""project"":""266422dc-3751-4146-8a47-1dfd7aeb7284"",""environment"":""950bdac5-fb40-4f70-8ccf-1facce88154b"",""service"":""b741f367-8920-4dad-ba9f-21940f6bcfe7"",""deployment"":""8b9c732a-1566-4070-a289-1db03b7edf5d"",""replica"":""f86045b6-3f78-4936-9514-5e0ec312fe70""}",2026-10-06T15:48:31.332945157Z
"2026-10-06 15:48:31,998 | INFO | 📧 Sending UTP student email to rauldavidguerrero15@gmail.com for cedula=6c7b8f81-8ac1-f111-aaaf-002248df2f15",error,"{""level"":""error""}","{""project"":""266422dc-3751-4146-8a47-1dfd7aeb7284"",""environment"":""950bdac5-fb40-4f70-8ccf-1facce88154b"",""service"":""b741f367-8920-4dad-ba9f-21940f6bcfe7"",""deployment"":""8b9c732a-1566-4070-a289-1db03b7edf5d"",""replica"":""a04c56f1-c4bf-408d-950c-a77921c239f0""}",2026-10-06T15:48:32.043032715Z
"2026-10-06 15:48:32,237 | INFO | 😈 sg_message_id: VKHGnGTOS-6IEcXwmYFR-Q",error,"{""level"":""error""}","{""project"":""266422dc-3751-4146-8a47-1dfd7aeb7284"",""environment"":""950bdac5-fb40-4f70-8ccf-1facce88154b"",""service"":""b741f367-8920-4dad-ba9f-21940f6bcfe7"",""deployment"":""8b9c732a-1566-4070-a289-1db03b7edf5d"",""replica"":""a04c56f1-c4bf-408d-950c-a77921c239f0""}",2026-10-06T15:48:32.245069303Z
"2026-10-06 15:48:32,238 | INFO | ✅ UTP student email sent to rauldavidguerrero15@gmail.com",error,"{""level"":""error""}","{""project"":""266422dc-3751-4146-8a47-1dfd7aeb7284"",""environment"":""950bdac5-fb40-4f70-8ccf-1facce88154b"",""service"":""b741f367-8920-4dad-ba9f-21940f6bcfe7"",""deployment"":""8b9c732a-1566-4070-a289-1db03b7edf5d"",""replica"":""a04c56f1-c4bf-408d-950c-a77921c239f0""}",2026-10-06T15:48:32.245078727Z
"2026-10-06 15:48:32,702 | WARNING | No row found for sg_message_id=AzDJeG7hQuixLO1GfyyfKw (event=processed)",error,"{""level"":""error""}","{""project"":""266422dc-3751-4146-8a47-1dfd7aeb7284"",""environment"":""950bdac5-fb40-4f70-8ccf-1facce88154b"",""service"":""d36dbcc3-cd55-4a7a-baa1-f1f93642c3cc"",""deployment"":""f80f4047-168d-4653-ac85-441f312f05e5"",""replica"":""b6cfba12-d1ab-4faf-819e-52626ba9340c""}",2026-10-06T15:48:33.100118159Z
"INFO:     100.64.0.4:41242 - ""POST /webhooks/sendgrid HTTP/1.1"" 200 OK",info,"{""level"":""info""}","{""project"":""266422dc-3751-4146-8a47-1dfd7aeb7284"",""environment"":""950bdac5-fb40-4f70-8ccf-1facce88154b"",""service"":""d36dbcc3-cd55-4a7a-baa1-f1f93642c3cc"",""deployment"":""f80f4047-168d-4653-ac85-441f312f05e5"",""replica"":""b6cfba12-d1ab-4faf-819e-52626ba9340c""}",2026-10-06T15:48:33.100125386Z
"2026-10-06 15:48:34,647 | INFO | ✅ Historic updated for rauldavidguerrero15@gmail.com | new_links=['estudiante', 'padres']",error,"{""level"":""error""}","{""project"":""266422dc-3751-4146-8a47-1dfd7aeb7284"",""environment"":""950bdac5-fb40-4f70-8ccf-1facce88154b"",""service"":""b741f367-8920-4dad-ba9f-21940f6bcfe7"",""deployment"":""8b9c732a-1566-4070-a289-1db03b7edf5d"",""replica"":""a04c56f1-c4bf-408d-950c-a77921c239f0""}",2026-10-06T15:48:35.542132895Z
"2026-10-06 15:48:34,710 | INFO | file_cache is only supported with oauth2client<4.0.0",error,"{""level"":""error""}","{""project"":""266422dc-3751-4146-8a47-1dfd7aeb7284"",""environment"":""950bdac5-fb40-4f70-8ccf-1facce88154b"",""service"":""b741f367-8920-4dad-ba9f-21940f6bcfe7"",""deployment"":""8b9c732a-1566-4070-a289-1db03b7edf5d"",""replica"":""a04c56f1-c4bf-408d-950c-a77921c239f0""}",2026-10-06T15:48:35.542145053Z
"2026-10-06 15:48:34,576 | INFO | ✅ sg_message_id=VKHGnGTOS-6IEcXwmYFR-Q written for 6c7b8f81-8ac1-f111-aaaf-002248df2f15",error,"{""level"":""error""}","{""project"":""266422dc-3751-4146-8a47-1dfd7aeb7284"",""environment"":""950bdac5-fb40-4f70-8ccf-1facce88154b"",""service"":""b741f367-8920-4dad-ba9f-21940f6bcfe7"",""deployment"":""8b9c732a-1566-4070-a289-1db03b7edf5d"",""replica"":""a04c56f1-c4bf-408d-950c-a77921c239f0""}",2026-10-06T15:48:35.542298865Z
"INFO:     100.64.0.7:49454 - ""POST /webhooks/sendgrid HTTP/1.1"" 200 OK",info,"{""level"":""info""}","{""project"":""266422dc-3751-4146-8a47-1dfd7aeb7284"",""environment"":""950bdac5-fb40-4f70-8ccf-1facce88154b"",""service"":""d36dbcc3-cd55-4a7a-baa1-f1f93642c3cc"",""deployment"":""f80f4047-168d-4653-ac85-441f312f05e5"",""replica"":""b6cfba12-d1ab-4faf-819e-52626ba9340c""}",2026-10-06T15:48:37.871100166Z
"2026-10-06 15:48:38,909 | WARNING | No row found for sg_message_id=YYsbRhjsTTSfWsDZ_xP-6A (event=delivered)",error,"{""level"":""error""}","{""project"":""266422dc-3751-4146-8a47-1dfd7aeb7284"",""environment"":""950bdac5-fb40-4f70-8ccf-1facce88154b"",""service"":""d36dbcc3-cd55-4a7a-baa1-f1f93642c3cc"",""deployment"":""f80f4047-168d-4653-ac85-441f312f05e5"",""replica"":""b6cfba12-d1ab-4faf-819e-52626ba9340c""}",2026-10-06T15:48:39.714018139Z
"2026-10-06 15:48:40,970 | WARNING | No row found for sg_message_id=5zOEgZ_pSOmQctVFx88fxQ (event=delivered)",error,"{""level"":""error""}","{""project"":""266422dc-3751-4146-8a47-1dfd7aeb7284"",""environment"":""950bdac5-fb40-4f70-8ccf-1facce88154b"",""service"":""d36dbcc3-cd55-4a7a-baa1-f1f93642c3cc"",""deployment"":""f80f4047-168d-4653-ac85-441f312f05e5"",""replica"":""b6cfba12-d1ab-4faf-819e-52626ba9340c""}",2026-10-06T15:48:41.101779602Z
"2026-10-06 15:48:42,961 | WARNING | No row found for sg_message_id=AwYOBPbAQhKLiJGg3ZEAbQ (event=delivered)",error,"{""level"":""error""}","{""project"":""266422dc-3751-4146-8a47-1dfd7aeb7284"",""environment"":""950bdac5-fb40-4f70-8ccf-1facce88154b"",""service"":""d36dbcc3-cd55-4a7a-baa1-f1f93642c3cc"",""deployment"":""f80f4047-168d-4653-ac85-441f312f05e5"",""replica"":""b6cfba12-d1ab-4faf-819e-52626ba9340c""}",2026-10-06T15:48:44.955762537Z
"2026-10-06 15:48:44,935 | WARNING | No row found for sg_message_id=YYsbRhjsTTSfWsDZ_xP-6A (event=processed)",error,"{""level"":""error""}","{""project"":""266422dc-3751-4146-8a47-1dfd7aeb7284"",""environment"":""950bdac5-fb40-4f70-8ccf-1facce88154b"",""service"":""d36dbcc3-cd55-4a7a-baa1-f1f93642c3cc"",""deployment"":""f80f4047-168d-4653-ac85-441f312f05e5"",""replica"":""b6cfba12-d1ab-4faf-819e-52626ba9340c""}",2026-10-06T15:48:44.955772384Z
"2026-10-06 15:48:46,934 | WARNING | No row found for sg_message_id=AwYOBPbAQhKLiJGg3ZEAbQ (event=processed)",error,"{""level"":""error""}","{""project"":""266422dc-3751-4146-8a47-1dfd7aeb7284"",""environment"":""950bdac5-fb40-4f70-8ccf-1facce88154b"",""service"":""d36dbcc3-cd55-4a7a-baa1-f1f93642c3cc"",""deployment"":""f80f4047-168d-4653-ac85-441f312f05e5"",""replica"":""b6cfba12-d1ab-4faf-819e-52626ba9340c""}",2026-10-06T15:48:47.312297905Z
"INFO:     100.64.0.8:16490 - ""POST /webhooks/sendgrid HTTP/1.1"" 200 OK",info,"{""level"":""info""}","{""project"":""266422dc-3751-4146-8a47-1dfd7aeb7284"",""environment"":""950bdac5-fb40-4f70-8ccf-1facce88154b"",""service"":""d36dbcc3-cd55-4a7a-baa1-f1f93642c3cc"",""deployment"":""f80f4047-168d-4653-ac85-441f312f05e5"",""replica"":""b6cfba12-d1ab-4faf-819e-52626ba9340c""}",2026-10-06T15:48:47.312305186Z
"2026-10-06 15:48:49,412 | INFO | ✅ webhook: sg_message_id=_NA7UT2aRYez1-V1dkaMRA Enviado → delivered",error,"{""level"":""error""}","{""project"":""266422dc-3751-4146-8a47-1dfd7aeb7284"",""environment"":""950bdac5-fb40-4f70-8ccf-1facce88154b"",""service"":""d36dbcc3-cd55-4a7a-baa1-f1f93642c3cc"",""deployment"":""f80f4047-168d-4653-ac85-441f312f05e5"",""replica"":""b6cfba12-d1ab-4faf-819e-52626ba9340c""}",2026-10-06T15:48:50.482956078Z
"INFO:     100.64.0.4:41256 - ""POST /webhooks/sendgrid HTTP/1.1"" 200 OK",info,"{""level"":""info""}","{""project"":""266422dc-3751-4146-8a47-1dfd7aeb7284"",""environment"":""950bdac5-fb40-4f70-8ccf-1facce88154b"",""service"":""d36dbcc3-cd55-4a7a-baa1-f1f93642c3cc"",""deployment"":""f80f4047-168d-4653-ac85-441f312f05e5"",""replica"":""b6cfba12-d1ab-4faf-819e-52626ba9340c""}",2026-10-06T15:48:52.761449454Z
"2026-10-06 15:48:54,516 | INFO | ✅ webhook: sg_message_id=vpHrhgv_SvKibBx6sxFZTw open → open",error,"{""level"":""error""}","{""project"":""266422dc-3751-4146-8a47-1dfd7aeb7284"",""environment"":""950bdac5-fb40-4f70-8ccf-1facce88154b"",""service"":""d36dbcc3-cd55-4a7a-baa1-f1f93642c3cc"",""deployment"":""f80f4047-168d-4653-ac85-441f312f05e5"",""replica"":""b6cfba12-d1ab-4faf-819e-52626ba9340c""}",2026-10-06T15:48:55.302753915Z
"INFO:     100.64.0.9:23200 - ""POST /webhooks/sendgrid HTTP/1.1"" 200 OK",info,"{""level"":""info""}","{""project"":""266422dc-3751-4146-8a47-1dfd7aeb7284"",""environment"":""950bdac5-fb40-4f70-8ccf-1facce88154b"",""service"":""d36dbcc3-cd55-4a7a-baa1-f1f93642c3cc"",""deployment"":""f80f4047-168d-4653-ac85-441f312f05e5"",""replica"":""b6cfba12-d1ab-4faf-819e-52626ba9340c""}",2026-10-06T15:48:55.302762199Z
"INFO:     100.64.0.1:42736 - ""POST /webhooks/sendgrid HTTP/1.1"" 200 OK",info,"{""level"":""info""}","{""project"":""266422dc-3751-4146-8a47-1dfd7aeb7284"",""environment"":""950bdac5-fb40-4f70-8ccf-1facce88154b"",""service"":""d36dbcc3-cd55-4a7a-baa1-f1f93642c3cc"",""deployment"":""f80f4047-168d-4653-ac85-441f312f05e5"",""replica"":""b6cfba12-d1ab-4faf-819e-52626ba9340c""}",2026-10-06T15:48:57.811172655Z
"2026-10-06 15:48:59,047 | INFO | ✅ webhook: sg_message_id=_OX4JGXJS_qeHb36P_Fc_Q delivered → delivered",error,"{""level"":""error""}","{""project"":""266422dc-3751-4146-8a47-1dfd7aeb7284"",""environment"":""950bdac5-fb40-4f70-8ccf-1facce88154b"",""service"":""d36dbcc3-cd55-4a7a-baa1-f1f93642c3cc"",""deployment"":""f80f4047-168d-4653-ac85-441f312f05e5"",""replica"":""b6cfba12-d1ab-4faf-819e-52626ba9340c""}",2026-10-06T15:48:59.996157160Z
"INFO:     100.64.0.12:56372 - ""POST /webhooks/sendgrid HTTP/1.1"" 200 OK",info,"{""level"":""info""}","{""project"":""266422dc-3751-4146-8a47-1dfd7aeb7284"",""environment"":""950bdac5-fb40-4f70-8ccf-1facce88154b"",""service"":""d36dbcc3-cd55-4a7a-baa1-f1f93642c3cc"",""deployment"":""f80f4047-168d-4653-ac85-441f312f05e5"",""replica"":""b6cfba12-d1ab-4faf-819e-52626ba9340c""}",2026-10-06T15:49:01.557823386Z
"INFO:     100.64.0.5:55496 - ""POST /webhooks/sendgrid HTTP/1.1"" 200 OK",info,"{""level"":""info""}","{""project"":""266422dc-3751-4146-8a47-1dfd7aeb7284"",""environment"":""950bdac5-fb40-4f70-8ccf-1facce88154b"",""service"":""d36dbcc3-cd55-4a7a-baa1-f1f93642c3cc"",""deployment"":""f80f4047-168d-4653-ac85-441f312f05e5"",""replica"":""b6cfba12-d1ab-4faf-819e-52626ba9340c""}",2026-10-06T15:49:03.594283435Z
"2026-10-06 15:49:05,565 | INFO | ✅ webhook: sg_message_id=PdFYLRQZTb-HcPO8G73WEQ delivered → delivered",error,"{""level"":""error""}","{""project"":""266422dc-3751-4146-8a47-1dfd7aeb7284"",""environment"":""950bdac5-fb40-4f70-8ccf-1facce88154b"",""service"":""d36dbcc3-cd55-4a7a-baa1-f1f93642c3cc"",""deployment"":""f80f4047-168d-4653-ac85-441f312f05e5"",""replica"":""b6cfba12-d1ab-4faf-819e-52626ba9340c""}",2026-10-06T15:49:07.236241925Z
"INFO:     100.64.0.7:17324 - ""POST /webhooks/sendgrid HTTP/1.1"" 200 OK",info,"{""level"":""info""}","{""project"":""266422dc-3751-4146-8a47-1dfd7aeb7284"",""environment"":""950bdac5-fb40-4f70-8ccf-1facce88154b"",""service"":""d36dbcc3-cd55-4a7a-baa1-f1f93642c3cc"",""deployment"":""f80f4047-168d-4653-ac85-441f312f05e5"",""replica"":""b6cfba12-d1ab-4faf-819e-52626ba9340c""}",2026-10-06T15:49:07.236250178Z
1:M 06 Oct 2026 15:49:06.080 * 1 changes in 60 seconds. Saving...,info,"{""level"":""info""}","{""project"":""266422dc-3751-4146-8a47-1dfd7aeb7284"",""environment"":""950bdac5-fb40-4f70-8ccf-1facce88154b"",""service"":""fc37893f-d84c-4c28-ac01-3c47e7e76c86"",""deployment"":""7d98f653-3a87-4c66-9c95-3fc01b5923f8"",""replica"":""3bb3aec2-d87d-41f8-af8d-7cb340cf475c""}",2026-10-06T15:49:08.475036790Z
1:M 06 Oct 2026 15:49:06.080 * Background saving started by pid 26726,info,"{""level"":""info""}","{""project"":""266422dc-3751-4146-8a47-1dfd7aeb7284"",""environment"":""950bdac5-fb40-4f70-8ccf-1facce88154b"",""service"":""fc37893f-d84c-4c28-ac01-3c47e7e76c86"",""deployment"":""7d98f653-3a87-4c66-9c95-3fc01b5923f8"",""replica"":""3bb3aec2-d87d-41f8-af8d-7cb340cf475c""}",2026-10-06T15:49:08.475041993Z
26726:C 06 Oct 2026 15:49:06.089 * DB saved on disk,info,"{""level"":""info""}","{""project"":""266422dc-3751-4146-8a47-1dfd7aeb7284"",""environment"":""950bdac5-fb40-4f70-8ccf-1facce88154b"",""service"":""fc37893f-d84c-4c28-ac01-3c47e7e76c86"",""deployment"":""7d98f653-3a87-4c66-9c95-3fc01b5923f8"",""replica"":""3bb3aec2-d87d-41f8-af8d-7cb340cf475c""}",2026-10-06T15:49:08.475046301Z
"26726:C 06 Oct 2026 15:49:06.089 * Fork CoW for RDB: current 0 MB, peak 0 MB, average 0 MB",info,"{""level"":""info""}","{""project"":""266422dc-3751-4146-8a47-1dfd7aeb7284"",""environment"":""950bdac5-fb40-4f70-8ccf-1facce88154b"",""service"":""fc37893f-d84c-4c28-ac01-3c47e7e76c86"",""deployment"":""7d98f653-3a87-4c66-9c95-3fc01b5923f8"",""replica"":""3bb3aec2-d87d-41f8-af8d-7cb340cf475c""}",2026-10-06T15:49:08.475051148Z
1:M 06 Oct 2026 15:49:06.181 * Background saving terminated with success,info,"{""level"":""info""}","{""project"":""266422dc-3751-4146-8a47-1dfd7aeb7284"",""environment"":""950bdac5-fb40-4f70-8ccf-1facce88154b"",""service"":""fc37893f-d84c-4c28-ac01-3c47e7e76c86"",""deployment"":""7d98f653-3a87-4c66-9c95-3fc01b5923f8"",""replica"":""3bb3aec2-d87d-41f8-af8d-7cb340cf475c""}",2026-10-06T15:49:08.475055174Z
"2026-10-06 15:49:07,529 | WARNING | No row found for sg_message_id=pQpRJfARTrS47HJKRDlA_Q (event=open)",error,"{""level"":""error""}","{""project"":""266422dc-3751-4146-8a47-1dfd7aeb7284"",""environment"":""950bdac5-fb40-4f70-8ccf-1facce88154b"",""service"":""d36dbcc3-cd55-4a7a-baa1-f1f93642c3cc"",""deployment"":""f80f4047-168d-4653-ac85-441f312f05e5"",""replica"":""b6cfba12-d1ab-4faf-819e-52626ba9340c""}",2026-10-06T15:49:09.311214363Z
"INFO:     100.64.0.4:35380 - ""POST /webhooks/sendgrid HTTP/1.1"" 200 OK",info,"{""level"":""info""}","{""project"":""266422dc-3751-4146-8a47-1dfd7aeb7284"",""environment"":""950bdac5-fb40-4f70-8ccf-1facce88154b"",""service"":""d36dbcc3-cd55-4a7a-baa1-f1f93642c3cc"",""deployment"":""f80f4047-168d-4653-ac85-441f312f05e5"",""replica"":""b6cfba12-d1ab-4faf-819e-52626ba9340c""}",2026-10-06T15:49:11.414967223Z
"2026-10-06 15:49:12,244 | INFO | ✅ webhook: sg_message_id=sJFGbTzcT5i9veI6vEfchw delivered → delivered",error,"{""level"":""error""}","{""project"":""266422dc-3751-4146-8a47-1dfd7aeb7284"",""environment"":""950bdac5-fb40-4f70-8ccf-1facce88154b"",""service"":""d36dbcc3-cd55-4a7a-baa1-f1f93642c3cc"",""deployment"":""f80f4047-168d-4653-ac85-441f312f05e5"",""replica"":""b6cfba12-d1ab-4faf-819e-52626ba9340c""}",2026-10-06T15:49:12.926034150Z
request handled,info,"{""level"":""info"",""ts"":1791301753.1813142,""logger"":""api"",""log_type"":""access"",""correlation_id"":""ac8138f2-7f0f-4bdd-8120-0c35b361445d"",""remote_ip"":""fd12:3f10:bfc4:1:9000:6b:a51f:f43"",""host"":""gotenberg.railway.internal:3000"",""uri"":""/forms/libreoffice/convert"",""method"":""POST"",""path"":""/forms/libreoffice/convert"",""referer"":"""",""user_agent"":""python-requests/2.34.2"",""status"":200,""latency"":5574203939,""latency_human"":""5.574203939s"",""bytes_in"":2204047,""bytes_out"":1093979,""trace_id"":""a777c61fc59d6404cb0a445e66f10f7f"",""span_id"":""b09523bd174af533""}","{""project"":""266422dc-3751-4146-8a47-1dfd7aeb7284"",""environment"":""950bdac5-fb40-4f70-8ccf-1facce88154b"",""service"":""6e4b4a7a-c604-411d-9203-fea0668646c4"",""deployment"":""5f1d4817-489a-4c40-9f9e-20d6ff45a00b"",""replica"":""777e03bc-fafc-4de9-ab42-2819f8ac9e9f""}",2026-10-06T15:49:14.236718148Z
"INFO:     100.64.0.9:23210 - ""POST /webhooks/sendgrid HTTP/1.1"" 200 OK",info,"{""level"":""info""}","{""project"":""266422dc-3751-4146-8a47-1dfd7aeb7284"",""environment"":""950bdac5-fb40-4f70-8ccf-1facce88154b"",""service"":""d36dbcc3-cd55-4a7a-baa1-f1f93642c3cc"",""deployment"":""f80f4047-168d-4653-ac85-441f312f05e5"",""replica"":""b6cfba12-d1ab-4faf-819e-52626ba9340c""}",2026-10-06T15:49:14.292501178Z
"2026-10-06 15:49:06,740 | ERROR | ⚠️ Failed to update status sheet (non-fatal)",error,"{""level"":""error""}","{""project"":""266422dc-3751-4146-8a47-1dfd7aeb7284"",""environment"":""950bdac5-fb40-4f70-8ccf-1facce88154b"",""service"":""b741f367-8920-4dad-ba9f-21940f6bcfe7"",""deployment"":""8b9c732a-1566-4070-a289-1db03b7edf5d"",""replica"":""13815cf3-ad51-45bb-a7bf-ec1917ac87ee""}",2026-10-06T15:49:16.484404453Z
"  File ""/usr/local/lib/python3.11/site-packages/googleapiclient/http.py"", line 222, in _retry_request",error,"{""level"":""error""}","{""project"":""266422dc-3751-4146-8a47-1dfd7aeb7284"",""environment"":""950bdac5-fb40-4f70-8ccf-1facce88154b"",""service"":""b741f367-8920-4dad-ba9f-21940f6bcfe7"",""deployment"":""8b9c732a-1566-4070-a289-1db03b7edf5d"",""replica"":""13815cf3-ad51-45bb-a7bf-ec1917ac87ee""}",2026-10-06T15:49:16.484405083Z
Traceback (most recent call last):,error,"{""level"":""error""}","{""project"":""266422dc-3751-4146-8a47-1dfd7aeb7284"",""environment"":""950bdac5-fb40-4f70-8ccf-1facce88154b"",""service"":""b741f367-8920-4dad-ba9f-21940f6bcfe7"",""deployment"":""8b9c732a-1566-4070-a289-1db03b7edf5d"",""replica"":""13815cf3-ad51-45bb-a7bf-ec1917ac87ee""}",2026-10-06T15:49:16.484415603Z
    raise exception,error,"{""level"":""error""}","{""project"":""266422dc-3751-4146-8a47-1dfd7aeb7284"",""environment"":""950bdac5-fb40-4f70-8ccf-1facce88154b"",""service"":""b741f367-8920-4dad-ba9f-21940f6bcfe7"",""deployment"":""8b9c732a-1566-4070-a289-1db03b7edf5d"",""replica"":""13815cf3-ad51-45bb-a7bf-ec1917ac87ee""}",2026-10-06T15:49:16.484421743Z
"  File ""/app/app/pipeline/sheets_updater.py"", line 186, in update_student_status",error,"{""level"":""error""}","{""project"":""266422dc-3751-4146-8a47-1dfd7aeb7284"",""environment"":""950bdac5-fb40-4f70-8ccf-1facce88154b"",""service"":""b741f367-8920-4dad-ba9f-21940f6bcfe7"",""deployment"":""8b9c732a-1566-4070-a289-1db03b7edf5d"",""replica"":""13815cf3-ad51-45bb-a7bf-ec1917ac87ee""}",2026-10-06T15:49:16.484424973Z
"    _ensure_headers(service, spreadsheet_id)",error,"{""level"":""error""}","{""project"":""266422dc-3751-4146-8a47-1dfd7aeb7284"",""environment"":""950bdac5-fb40-4f70-8ccf-1facce88154b"",""service"":""b741f367-8920-4dad-ba9f-21940f6bcfe7"",""deployment"":""8b9c732a-1566-4070-a289-1db03b7edf5d"",""replica"":""13815cf3-ad51-45bb-a7bf-ec1917ac87ee""}",2026-10-06T15:49:16.484444362Z
"  File ""/app/app/pipeline/sheets_updater.py"", line 85, in _ensure_headers",error,"{""level"":""error""}","{""project"":""266422dc-3751-4146-8a47-1dfd7aeb7284"",""environment"":""950bdac5-fb40-4f70-8ccf-1facce88154b"",""service"":""b741f367-8920-4dad-ba9f-21940f6bcfe7"",""deployment"":""8b9c732a-1566-4070-a289-1db03b7edf5d"",""replica"":""13815cf3-ad51-45bb-a7bf-ec1917ac87ee""}",2026-10-06T15:49:16.484448012Z
    result = _with_backoff(lambda: (,error,"{""level"":""error""}","{""project"":""266422dc-3751-4146-8a47-1dfd7aeb7284"",""environment"":""950bdac5-fb40-4f70-8ccf-1facce88154b"",""service"":""b741f367-8920-4dad-ba9f-21940f6bcfe7"",""deployment"":""8b9c732a-1566-4070-a289-1db03b7edf5d"",""replica"":""13815cf3-ad51-45bb-a7bf-ec1917ac87ee""}",2026-10-06T15:49:16.484452772Z
             ^^^^^^^^^^^^^^^^^^^^^^^,error,"{""level"":""error""}","{""project"":""266422dc-3751-4146-8a47-1dfd7aeb7284"",""environment"":""950bdac5-fb40-4f70-8ccf-1facce88154b"",""service"":""b741f367-8920-4dad-ba9f-21940f6bcfe7"",""deployment"":""8b9c732a-1566-4070-a289-1db03b7edf5d"",""replica"":""13815cf3-ad51-45bb-a7bf-ec1917ac87ee""}",2026-10-06T15:49:16.484455992Z
"  File ""/app/app/pipeline/sheets_updater.py"", line 70, in _with_backoff",error,"{""level"":""error""}","{""project"":""266422dc-3751-4146-8a47-1dfd7aeb7284"",""environment"":""950bdac5-fb40-4f70-8ccf-1facce88154b"",""service"":""b741f367-8920-4dad-ba9f-21940f6bcfe7"",""deployment"":""8b9c732a-1566-4070-a289-1db03b7edf5d"",""replica"":""13815cf3-ad51-45bb-a7bf-ec1917ac87ee""}",2026-10-06T15:49:16.484459302Z
    return fn(),error,"{""level"":""error""}","{""project"":""266422dc-3751-4146-8a47-1dfd7aeb7284"",""environment"":""950bdac5-fb40-4f70-8ccf-1facce88154b"",""service"":""b741f367-8920-4dad-ba9f-21940f6bcfe7"",""deployment"":""8b9c732a-1566-4070-a289-1db03b7edf5d"",""replica"":""13815cf3-ad51-45bb-a7bf-ec1917ac87ee""}",2026-10-06T15:49:16.484462652Z
           ^^^^,error,"{""level"":""error""}","{""project"":""266422dc-3751-4146-8a47-1dfd7aeb7284"",""environment"":""950bdac5-fb40-4f70-8ccf-1facce88154b"",""service"":""b741f367-8920-4dad-ba9f-21940f6bcfe7"",""deployment"":""8b9c732a-1566-4070-a289-1db03b7edf5d"",""replica"":""13815cf3-ad51-45bb-a7bf-ec1917ac87ee""}",2026-10-06T15:49:16.484465922Z
"  File ""/app/app/pipeline/sheets_updater.py"", line 89, in <lambda>",error,"{""level"":""error""}","{""project"":""266422dc-3751-4146-8a47-1dfd7aeb7284"",""environment"":""950bdac5-fb40-4f70-8ccf-1facce88154b"",""service"":""b741f367-8920-4dad-ba9f-21940f6bcfe7"",""deployment"":""8b9c732a-1566-4070-a289-1db03b7edf5d"",""replica"":""13815cf3-ad51-45bb-a7bf-ec1917ac87ee""}",2026-10-06T15:49:16.484469592Z
    ).execute(),error,"{""level"":""error""}","{""project"":""266422dc-3751-4146-8a47-1dfd7aeb7284"",""environment"":""950bdac5-fb40-4f70-8ccf-1facce88154b"",""service"":""b741f367-8920-4dad-ba9f-21940f6bcfe7"",""deployment"":""8b9c732a-1566-4070-a289-1db03b7edf5d"",""replica"":""13815cf3-ad51-45bb-a7bf-ec1917ac87ee""}",2026-10-06T15:49:16.484472942Z
      ^^^^^^^^^,error,"{""level"":""error""}","{""project"":""266422dc-3751-4146-8a47-1dfd7aeb7284"",""environment"":""950bdac5-fb40-4f70-8ccf-1facce88154b"",""service"":""b741f367-8920-4dad-ba9f-21940f6bcfe7"",""deployment"":""8b9c732a-1566-4070-a289-1db03b7edf5d"",""replica"":""13815cf3-ad51-45bb-a7bf-ec1917ac87ee""}",2026-10-06T15:49:16.484477182Z
"  File ""/usr/local/lib/python3.11/site-packages/googleapiclient/_helpers.py"", line 130, in positional_wrapper",error,"{""level"":""error""}","{""project"":""266422dc-3751-4146-8a47-1dfd7aeb7284"",""environment"":""950bdac5-fb40-4f70-8ccf-1facce88154b"",""service"":""b741f367-8920-4dad-ba9f-21940f6bcfe7"",""deployment"":""8b9c732a-1566-4070-a289-1db03b7edf5d"",""replica"":""13815cf3-ad51-45bb-a7bf-ec1917ac87ee""}",2026-10-06T15:49:16.484480742Z
"    return wrapped(*args, **kwargs)",error,"{""level"":""error""}","{""project"":""266422dc-3751-4146-8a47-1dfd7aeb7284"",""environment"":""950bdac5-fb40-4f70-8ccf-1facce88154b"",""service"":""b741f367-8920-4dad-ba9f-21940f6bcfe7"",""deployment"":""8b9c732a-1566-4070-a289-1db03b7edf5d"",""replica"":""13815cf3-ad51-45bb-a7bf-ec1917ac87ee""}",2026-10-06T15:49:16.484485962Z
"  File ""/usr/local/lib/python3.11/site-packages/googleapiclient/http.py"", line 191, in _retry_request",error,"{""level"":""error""}","{""project"":""266422dc-3751-4146-8a47-1dfd7aeb7284"",""environment"":""950bdac5-fb40-4f70-8ccf-1facce88154b"",""service"":""b741f367-8920-4dad-ba9f-21940f6bcfe7"",""deployment"":""8b9c732a-1566-4070-a289-1db03b7edf5d"",""replica"":""13815cf3-ad51-45bb-a7bf-ec1917ac87ee""}",2026-10-06T15:49:16.484489102Z
           ^^^^^^^^^^^^^^^^^^^^^^^^,error,"{""level"":""error""}","{""project"":""266422dc-3751-4146-8a47-1dfd7aeb7284"",""environment"":""950bdac5-fb40-4f70-8ccf-1facce88154b"",""service"":""b741f367-8920-4dad-ba9f-21940f6bcfe7"",""deployment"":""8b9c732a-1566-4070-a289-1db03b7edf5d"",""replica"":""13815cf3-ad51-45bb-a7bf-ec1917ac87ee""}",2026-10-06T15:49:16.484492342Z
"  File ""/usr/local/lib/python3.11/site-packages/googleapiclient/http.py"", line 1003, in execute",error,"{""level"":""error""}","{""project"":""266422dc-3751-4146-8a47-1dfd7aeb7284"",""environment"":""950bdac5-fb40-4f70-8ccf-1facce88154b"",""service"":""b741f367-8920-4dad-ba9f-21940f6bcfe7"",""deployment"":""8b9c732a-1566-4070-a289-1db03b7edf5d"",""replica"":""13815cf3-ad51-45bb-a7bf-ec1917ac87ee""}",2026-10-06T15:49:16.484495642Z
"    resp, content = _retry_request(",error,"{""level"":""error""}","{""project"":""266422dc-3751-4146-8a47-1dfd7aeb7284"",""environment"":""950bdac5-fb40-4f70-8ccf-1facce88154b"",""service"":""b741f367-8920-4dad-ba9f-21940f6bcfe7"",""deployment"":""8b9c732a-1566-4070-a289-1db03b7edf5d"",""replica"":""13815cf3-ad51-45bb-a7bf-ec1917ac87ee""}",2026-10-06T15:49:16.484498701Z
                    ^^^^^^^^^^^^^^^,error,"{""level"":""error""}","{""project"":""266422dc-3751-4146-8a47-1dfd7aeb7284"",""environment"":""950bdac5-fb40-4f70-8ccf-1facce88154b"",""service"":""b741f367-8920-4dad-ba9f-21940f6bcfe7"",""deployment"":""8b9c732a-1566-4070-a289-1db03b7edf5d"",""replica"":""13815cf3-ad51-45bb-a7bf-ec1917ac87ee""}",2026-10-06T15:49:16.484501951Z
"    resp, content = http.request(uri, method, *args, **kwargs)",error,"{""level"":""error""}","{""project"":""266422dc-3751-4146-8a47-1dfd7aeb7284"",""environment"":""950bdac5-fb40-4f70-8ccf-1facce88154b"",""service"":""b741f367-8920-4dad-ba9f-21940f6bcfe7"",""deployment"":""8b9c732a-1566-4070-a289-1db03b7edf5d"",""replica"":""13815cf3-ad51-45bb-a7bf-ec1917ac87ee""}",2026-10-06T15:49:16.486447467Z
                    ^^^^^^^^^^^^^^^^^^^^^^^^^^^^^^^^^^^^^^^^^^,error,"{""level"":""error""}","{""project"":""266422dc-3751-4146-8a47-1dfd7aeb7284"",""environment"":""950bdac5-fb40-4f70-8ccf-1facce88154b"",""service"":""b741f367-8920-4dad-ba9f-21940f6bcfe7"",""deployment"":""8b9c732a-1566-4070-a289-1db03b7edf5d"",""replica"":""13815cf3-ad51-45bb-a7bf-ec1917ac87ee""}",2026-10-06T15:49:16.486456607Z
"  File ""/usr/local/lib/python3.11/site-packages/google_auth_httplib2.py"", line 214, in request",error,"{""level"":""error""}","{""project"":""266422dc-3751-4146-8a47-1dfd7aeb7284"",""environment"":""950bdac5-fb40-4f70-8ccf-1facce88154b"",""service"":""b741f367-8920-4dad-ba9f-21940f6bcfe7"",""deployment"":""8b9c732a-1566-4070-a289-1db03b7edf5d"",""replica"":""13815cf3-ad51-45bb-a7bf-ec1917ac87ee""}",2026-10-06T15:49:16.486461237Z
"    response, content = self.http.request(",error,"{""level"":""error""}","{""project"":""266422dc-3751-4146-8a47-1dfd7aeb7284"",""environment"":""950bdac5-fb40-4f70-8ccf-1facce88154b"",""service"":""b741f367-8920-4dad-ba9f-21940f6bcfe7"",""deployment"":""8b9c732a-1566-4070-a289-1db03b7edf5d"",""replica"":""13815cf3-ad51-45bb-a7bf-ec1917ac87ee""}",2026-10-06T15:49:16.486465007Z
                        ^^^^^^^^^^^^^^^^^^,error,"{""level"":""error""}","{""project"":""266422dc-3751-4146-8a47-1dfd7aeb7284"",""environment"":""950bdac5-fb40-4f70-8ccf-1facce88154b"",""service"":""b741f367-8920-4dad-ba9f-21940f6bcfe7"",""deployment"":""8b9c732a-1566-4070-a289-1db03b7edf5d"",""replica"":""13815cf3-ad51-45bb-a7bf-ec1917ac87ee""}",2026-10-06T15:49:16.486468957Z
"  File ""/usr/local/lib/python3.11/site-packages/httplib2/__init__.py"", line 1755, in request",error,"{""level"":""error""}","{""project"":""266422dc-3751-4146-8a47-1dfd7aeb7284"",""environment"":""950bdac5-fb40-4f70-8ccf-1facce88154b"",""service"":""b741f367-8920-4dad-ba9f-21940f6bcfe7"",""deployment"":""8b9c732a-1566-4070-a289-1db03b7edf5d"",""replica"":""13815cf3-ad51-45bb-a7bf-ec1917ac87ee""}",2026-10-06T15:49:16.486473536Z
"    (response, content) = self._request(",error,"{""level"":""error""}","{""project"":""266422dc-3751-4146-8a47-1dfd7aeb7284"",""environment"":""950bdac5-fb40-4f70-8ccf-1facce88154b"",""service"":""b741f367-8920-4dad-ba9f-21940f6bcfe7"",""deployment"":""8b9c732a-1566-4070-a289-1db03b7edf5d"",""replica"":""13815cf3-ad51-45bb-a7bf-ec1917ac87ee""}",2026-10-06T15:49:16.486477156Z
                          ^^^^^^^^^^^^^^,error,"{""level"":""error""}","{""project"":""266422dc-3751-4146-8a47-1dfd7aeb7284"",""environment"":""950bdac5-fb40-4f70-8ccf-1facce88154b"",""service"":""b741f367-8920-4dad-ba9f-21940f6bcfe7"",""deployment"":""8b9c732a-1566-4070-a289-1db03b7edf5d"",""replica"":""13815cf3-ad51-45bb-a7bf-ec1917ac87ee""}",2026-10-06T15:49:16.486480766Z
"  File ""/usr/local/lib/python3.11/site-packages/httplib2/__init__.py"", line 1475, in _request",error,"{""level"":""error""}","{""project"":""266422dc-3751-4146-8a47-1dfd7aeb7284"",""environment"":""950bdac5-fb40-4f70-8ccf-1facce88154b"",""service"":""b741f367-8920-4dad-ba9f-21940f6bcfe7"",""deployment"":""8b9c732a-1566-4070-a289-1db03b7edf5d"",""replica"":""13815cf3-ad51-45bb-a7bf-ec1917ac87ee""}",2026-10-06T15:49:16.486484616Z
"    (response, content) = self._conn_request(conn, request_uri, method, body, headers)",error,"{""level"":""error""}","{""project"":""266422dc-3751-4146-8a47-1dfd7aeb7284"",""environment"":""950bdac5-fb40-4f70-8ccf-1facce88154b"",""service"":""b741f367-8920-4dad-ba9f-21940f6bcfe7"",""deployment"":""8b9c732a-1566-4070-a289-1db03b7edf5d"",""replica"":""13815cf3-ad51-45bb-a7bf-ec1917ac87ee""}",2026-10-06T15:49:16.486488756Z
                          ^^^^^^^^^^^^^^^^^^^^^^^^^^^^^^^^^^^^^^^^^^^^^^^^^^^^^^^^^^^^,error,"{""level"":""error""}","{""project"":""266422dc-3751-4146-8a47-1dfd7aeb7284"",""environment"":""950bdac5-fb40-4f70-8ccf-1facce88154b"",""service"":""b741f367-8920-4dad-ba9f-21940f6bcfe7"",""deployment"":""8b9c732a-1566-4070-a289-1db03b7edf5d"",""replica"":""13815cf3-ad51-45bb-a7bf-ec1917ac87ee""}",2026-10-06T15:49:16.486492436Z
"  File ""/usr/local/lib/python3.11/site-packages/httplib2/__init__.py"", line 1427, in _conn_request",error,"{""level"":""error""}","{""project"":""266422dc-3751-4146-8a47-1dfd7aeb7284"",""environment"":""950bdac5-fb40-4f70-8ccf-1facce88154b"",""service"":""b741f367-8920-4dad-ba9f-21940f6bcfe7"",""deployment"":""8b9c732a-1566-4070-a289-1db03b7edf5d"",""replica"":""13815cf3-ad51-45bb-a7bf-ec1917ac87ee""}",2026-10-06T15:49:16.486496456Z
    response = conn.getresponse(),error,"{""level"":""error""}","{""project"":""266422dc-3751-4146-8a47-1dfd7aeb7284"",""environment"":""950bdac5-fb40-4f70-8ccf-1facce88154b"",""service"":""b741f367-8920-4dad-ba9f-21940f6bcfe7"",""deployment"":""8b9c732a-1566-4070-a289-1db03b7edf5d"",""replica"":""13815cf3-ad51-45bb-a7bf-ec1917ac87ee""}",2026-10-06T15:49:16.486500126Z
               ^^^^^^^^^^^^^^^^^^,error,"{""level"":""error""}","{""project"":""266422dc-3751-4146-8a47-1dfd7aeb7284"",""environment"":""950bdac5-fb40-4f70-8ccf-1facce88154b"",""service"":""b741f367-8920-4dad-ba9f-21940f6bcfe7"",""deployment"":""8b9c732a-1566-4070-a289-1db03b7edf5d"",""replica"":""13815cf3-ad51-45bb-a7bf-ec1917ac87ee""}",2026-10-06T15:49:16.486503946Z
"  File ""/usr/local/lib/python3.11/http/client.py"", line 1443, in getresponse",error,"{""level"":""error""}","{""project"":""266422dc-3751-4146-8a47-1dfd7aeb7284"",""environment"":""950bdac5-fb40-4f70-8ccf-1facce88154b"",""service"":""b741f367-8920-4dad-ba9f-21940f6bcfe7"",""deployment"":""8b9c732a-1566-4070-a289-1db03b7edf5d"",""replica"":""13815cf3-ad51-45bb-a7bf-ec1917ac87ee""}",2026-10-06T15:49:16.486507716Z
    response.begin(),error,"{""level"":""error""}","{""project"":""266422dc-3751-4146-8a47-1dfd7aeb7284"",""environment"":""950bdac5-fb40-4f70-8ccf-1facce88154b"",""service"":""b741f367-8920-4dad-ba9f-21940f6bcfe7"",""deployment"":""8b9c732a-1566-4070-a289-1db03b7edf5d"",""replica"":""13815cf3-ad51-45bb-a7bf-ec1917ac87ee""}",2026-10-06T15:49:16.486511036Z
"  File ""/usr/local/lib/python3.11/http/client.py"", line 337, in begin",error,"{""level"":""error""}","{""project"":""266422dc-3751-4146-8a47-1dfd7aeb7284"",""environment"":""950bdac5-fb40-4f70-8ccf-1facce88154b"",""service"":""b741f367-8920-4dad-ba9f-21940f6bcfe7"",""deployment"":""8b9c732a-1566-4070-a289-1db03b7edf5d"",""replica"":""13815cf3-ad51-45bb-a7bf-ec1917ac87ee""}",2026-10-06T15:49:16.486514466Z
"    version, status, reason = self._read_status()",error,"{""level"":""error""}","{""project"":""266422dc-3751-4146-8a47-1dfd7aeb7284"",""environment"":""950bdac5-fb40-4f70-8ccf-1facce88154b"",""service"":""b741f367-8920-4dad-ba9f-21940f6bcfe7"",""deployment"":""8b9c732a-1566-4070-a289-1db03b7edf5d"",""replica"":""13815cf3-ad51-45bb-a7bf-ec1917ac87ee""}",2026-10-06T15:49:16.486518576Z
                              ^^^^^^^^^^^^^^^^^^^,error,"{""level"":""error""}","{""project"":""266422dc-3751-4146-8a47-1dfd7aeb7284"",""environment"":""950bdac5-fb40-4f70-8ccf-1facce88154b"",""service"":""b741f367-8920-4dad-ba9f-21940f6bcfe7"",""deployment"":""8b9c732a-1566-4070-a289-1db03b7edf5d"",""replica"":""13815cf3-ad51-45bb-a7bf-ec1917ac87ee""}",2026-10-06T15:49:16.486521956Z
"  File ""/usr/local/lib/python3.11/http/client.py"", line 298, in _read_status",error,"{""level"":""error""}","{""project"":""266422dc-3751-4146-8a47-1dfd7aeb7284"",""environment"":""950bdac5-fb40-4f70-8ccf-1facce88154b"",""service"":""b741f367-8920-4dad-ba9f-21940f6bcfe7"",""deployment"":""8b9c732a-1566-4070-a289-1db03b7edf5d"",""replica"":""13815cf3-ad51-45bb-a7bf-ec1917ac87ee""}",2026-10-06T15:49:16.486525066Z
TimeoutError: The read operation timed out,error,"{""level"":""error""}","{""project"":""266422dc-3751-4146-8a47-1dfd7aeb7284"",""environment"":""950bdac5-fb40-4f70-8ccf-1facce88154b"",""service"":""b741f367-8920-4dad-ba9f-21940f6bcfe7"",""deployment"":""8b9c732a-1566-4070-a289-1db03b7edf5d"",""replica"":""13815cf3-ad51-45bb-a7bf-ec1917ac87ee""}",2026-10-06T15:49:16.488008490Z
"2026-10-06 15:49:06,742 | INFO | ✅ Job complete: utp-0becebe4-89c1-f111-aaaf-002248df2f15-553158",error,"{""level"":""error""}","{""project"":""266422dc-3751-4146-8a47-1dfd7aeb7284"",""environment"":""950bdac5-fb40-4f70-8ccf-1facce88154b"",""service"":""b741f367-8920-4dad-ba9f-21940f6bcfe7"",""deployment"":""8b9c732a-1566-4070-a289-1db03b7edf5d"",""replica"":""13815cf3-ad51-45bb-a7bf-ec1917ac87ee""}",2026-10-06T15:49:16.488013770Z
"2026-10-06 15:49:06,755 | INFO | Successfully completed app.tasks.process_report_job({'student_id': '0becebe4-89c1-f111-aaaf-002248df2f15-553158', 'job_id': 'ut...) job in 0:01:30.532390s on worker 85f08a592e2042d5b56fe5ff86ed0e83",error,"{""level"":""error""}","{""project"":""266422dc-3751-4146-8a47-1dfd7aeb7284"",""environment"":""950bdac5-fb40-4f70-8ccf-1facce88154b"",""service"":""b741f367-8920-4dad-ba9f-21940f6bcfe7"",""deployment"":""8b9c732a-1566-4070-a289-1db03b7edf5d"",""replica"":""13815cf3-ad51-45bb-a7bf-ec1917ac87ee""}",2026-10-06T15:49:16.488017950Z
"2026-10-06 15:49:06,755 | INFO | Worker 85f08a592e2042d5b56fe5ff86ed0e83: reports: Job OK (utp-0becebe4-89c1-f111-aaaf-002248df2f15-553158)",error,"{""level"":""error""}","{""project"":""266422dc-3751-4146-8a47-1dfd7aeb7284"",""environment"":""950bdac5-fb40-4f70-8ccf-1facce88154b"",""service"":""b741f367-8920-4dad-ba9f-21940f6bcfe7"",""deployment"":""8b9c732a-1566-4070-a289-1db03b7edf5d"",""replica"":""13815cf3-ad51-45bb-a7bf-ec1917ac87ee""}",2026-10-06T15:49:16.488021800Z
"2026-10-06 15:49:06,755 | INFO | Worker 85f08a592e2042d5b56fe5ff86ed0e83: job utp-0becebe4-89c1-f111-aaaf-002248df2f15-553158 result is kept for 500 seconds",error,"{""level"":""error""}","{""project"":""266422dc-3751-4146-8a47-1dfd7aeb7284"",""environment"":""950bdac5-fb40-4f70-8ccf-1facce88154b"",""service"":""b741f367-8920-4dad-ba9f-21940f6bcfe7"",""deployment"":""8b9c732a-1566-4070-a289-1db03b7edf5d"",""replica"":""13815cf3-ad51-45bb-a7bf-ec1917ac87ee""}",2026-10-06T15:49:16.488025820Z
"2026-10-06 15:49:06,848 | INFO | Worker 85f08a592e2042d5b56fe5ff86ed0e83: reports: app.tasks.process_report_job({'student_id': '4539eb1b-88c1-f111-aaaf-002248df2f15-553162', 'job_id': 'ut...) (utp-4539eb1b-88c1-f111-aaaf-002248df2f15-553162)",error,"{""level"":""error""}","{""project"":""266422dc-3751-4146-8a47-1dfd7aeb7284"",""environment"":""950bdac5-fb40-4f70-8ccf-1facce88154b"",""service"":""b741f367-8920-4dad-ba9f-21940f6bcfe7"",""deployment"":""8b9c732a-1566-4070-a289-1db03b7edf5d"",""replica"":""13815cf3-ad51-45bb-a7bf-ec1917ac87ee""}",2026-10-06T15:49:16.488031170Z
"    line = str(self.fp.readline(_MAXLINE + 1), ""iso-8859-1"")",error,"{""level"":""error""}","{""project"":""266422dc-3751-4146-8a47-1dfd7aeb7284"",""environment"":""950bdac5-fb40-4f70-8ccf-1facce88154b"",""service"":""b741f367-8920-4dad-ba9f-21940f6bcfe7"",""deployment"":""8b9c732a-1566-4070-a289-1db03b7edf5d"",""replica"":""13815cf3-ad51-45bb-a7bf-ec1917ac87ee""}",2026-10-06T15:49:16.488034870Z
               ^^^^^^^^^^^^^^^^^^^^^^^^^^^^^^,error,"{""level"":""error""}","{""project"":""266422dc-3751-4146-8a47-1dfd7aeb7284"",""environment"":""950bdac5-fb40-4f70-8ccf-1facce88154b"",""service"":""b741f367-8920-4dad-ba9f-21940f6bcfe7"",""deployment"":""8b9c732a-1566-4070-a289-1db03b7edf5d"",""replica"":""13815cf3-ad51-45bb-a7bf-ec1917ac87ee""}",2026-10-06T15:49:16.488042040Z
"  File ""/usr/local/lib/python3.11/socket.py"", line 718, in readinto",error,"{""level"":""error""}","{""project"":""266422dc-3751-4146-8a47-1dfd7aeb7284"",""environment"":""950bdac5-fb40-4f70-8ccf-1facce88154b"",""service"":""b741f367-8920-4dad-ba9f-21940f6bcfe7"",""deployment"":""8b9c732a-1566-4070-a289-1db03b7edf5d"",""replica"":""13815cf3-ad51-45bb-a7bf-ec1917ac87ee""}",2026-10-06T15:49:16.488045530Z
    return self._sock.recv_into(b),error,"{""level"":""error""}","{""project"":""266422dc-3751-4146-8a47-1dfd7aeb7284"",""environment"":""950bdac5-fb40-4f70-8ccf-1facce88154b"",""service"":""b741f367-8920-4dad-ba9f-21940f6bcfe7"",""deployment"":""8b9c732a-1566-4070-a289-1db03b7edf5d"",""replica"":""13815cf3-ad51-45bb-a7bf-ec1917ac87ee""}",2026-10-06T15:49:16.488049010Z
           ^^^^^^^^^^^^^^^^^^^^^^^,error,"{""level"":""error""}","{""project"":""266422dc-3751-4146-8a47-1dfd7aeb7284"",""environment"":""950bdac5-fb40-4f70-8ccf-1facce88154b"",""service"":""b741f367-8920-4dad-ba9f-21940f6bcfe7"",""deployment"":""8b9c732a-1566-4070-a289-1db03b7edf5d"",""replica"":""13815cf3-ad51-45bb-a7bf-ec1917ac87ee""}",2026-10-06T15:49:16.488053080Z
"  File ""/usr/local/lib/python3.11/ssl.py"", line 1314, in recv_into",error,"{""level"":""error""}","{""project"":""266422dc-3751-4146-8a47-1dfd7aeb7284"",""environment"":""950bdac5-fb40-4f70-8ccf-1facce88154b"",""service"":""b741f367-8920-4dad-ba9f-21940f6bcfe7"",""deployment"":""8b9c732a-1566-4070-a289-1db03b7edf5d"",""replica"":""13815cf3-ad51-45bb-a7bf-ec1917ac87ee""}",2026-10-06T15:49:16.488056450Z
"    return self.read(nbytes, buffer)",error,"{""level"":""error""}","{""project"":""266422dc-3751-4146-8a47-1dfd7aeb7284"",""environment"":""950bdac5-fb40-4f70-8ccf-1facce88154b"",""service"":""b741f367-8920-4dad-ba9f-21940f6bcfe7"",""deployment"":""8b9c732a-1566-4070-a289-1db03b7edf5d"",""replica"":""13815cf3-ad51-45bb-a7bf-ec1917ac87ee""}",2026-10-06T15:49:16.488059450Z
           ^^^^^^^^^^^^^^^^^^^^^^^^^,error,"{""level"":""error""}","{""project"":""266422dc-3751-4146-8a47-1dfd7aeb7284"",""environment"":""950bdac5-fb40-4f70-8ccf-1facce88154b"",""service"":""b741f367-8920-4dad-ba9f-21940f6bcfe7"",""deployment"":""8b9c732a-1566-4070-a289-1db03b7edf5d"",""replica"":""13815cf3-ad51-45bb-a7bf-ec1917ac87ee""}",2026-10-06T15:49:16.488063089Z
"  File ""/usr/local/lib/python3.11/ssl.py"", line 1166, in read",error,"{""level"":""error""}","{""project"":""266422dc-3751-4146-8a47-1dfd7aeb7284"",""environment"":""950bdac5-fb40-4f70-8ccf-1facce88154b"",""service"":""b741f367-8920-4dad-ba9f-21940f6bcfe7"",""deployment"":""8b9c732a-1566-4070-a289-1db03b7edf5d"",""replica"":""13815cf3-ad51-45bb-a7bf-ec1917ac87ee""}",2026-10-06T15:49:16.488066409Z
"    return self._sslobj.read(len, buffer)",error,"{""level"":""error""}","{""project"":""266422dc-3751-4146-8a47-1dfd7aeb7284"",""environment"":""950bdac5-fb40-4f70-8ccf-1facce88154b"",""service"":""b741f367-8920-4dad-ba9f-21940f6bcfe7"",""deployment"":""8b9c732a-1566-4070-a289-1db03b7edf5d"",""replica"":""13815cf3-ad51-45bb-a7bf-ec1917ac87ee""}",2026-10-06T15:49:16.488069389Z
           ^^^^^^^^^^^^^^^^^^^^^^^^^^^^^^,error,"{""level"":""error""}","{""project"":""266422dc-3751-4146-8a47-1dfd7aeb7284"",""environment"":""950bdac5-fb40-4f70-8ccf-1facce88154b"",""service"":""b741f367-8920-4dad-ba9f-21940f6bcfe7"",""deployment"":""8b9c732a-1566-4070-a289-1db03b7edf5d"",""replica"":""13815cf3-ad51-45bb-a7bf-ec1917ac87ee""}",2026-10-06T15:49:16.488072679Z
"2026-10-06 15:49:07,415 | INFO | ⚙️  Worker starting job | job_id=utp-4539eb1b-88c1-f111-aaaf-002248df2f15-553162 student=GRYEL PALADINES PANDURO",error,"{""level"":""error""}","{""project"":""266422dc-3751-4146-8a47-1dfd7aeb7284"",""environment"":""950bdac5-fb40-4f70-8ccf-1facce88154b"",""service"":""b741f367-8920-4dad-ba9f-21940f6bcfe7"",""deployment"":""8b9c732a-1566-4070-a289-1db03b7edf5d"",""replica"":""13815cf3-ad51-45bb-a7bf-ec1917ac87ee""}",2026-10-06T15:49:16.489671381Z
"2026-10-06 15:49:07,422 | INFO | determining template...",error,"{""level"":""error""}","{""project"":""266422dc-3751-4146-8a47-1dfd7aeb7284"",""environment"":""950bdac5-fb40-4f70-8ccf-1facce88154b"",""service"":""b741f367-8920-4dad-ba9f-21940f6bcfe7"",""deployment"":""8b9c732a-1566-4070-a289-1db03b7edf5d"",""replica"":""13815cf3-ad51-45bb-a7bf-ec1917ac87ee""}",2026-10-06T15:49:16.489678961Z
"2026-10-06 15:49:07,530 | INFO | determining template...",error,"{""level"":""error""}","{""project"":""266422dc-3751-4146-8a47-1dfd7aeb7284"",""environment"":""950bdac5-fb40-4f70-8ccf-1facce88154b"",""service"":""b741f367-8920-4dad-ba9f-21940f6bcfe7"",""deployment"":""8b9c732a-1566-4070-a289-1db03b7edf5d"",""replica"":""13815cf3-ad51-45bb-a7bf-ec1917ac87ee""}",2026-10-06T15:49:16.489684181Z
"2026-10-06 15:49:07,530 | INFO | Generating PPTX from template_utp_alumnos.pptx",error,"{""level"":""error""}","{""project"":""266422dc-3751-4146-8a47-1dfd7aeb7284"",""environment"":""950bdac5-fb40-4f70-8ccf-1facce88154b"",""service"":""b741f367-8920-4dad-ba9f-21940f6bcfe7"",""deployment"":""8b9c732a-1566-4070-a289-1db03b7edf5d"",""replica"":""13815cf3-ad51-45bb-a7bf-ec1917ac87ee""}",2026-10-06T15:49:16.489688871Z
"2026-10-06 15:49:07,598 | INFO | PPTX written → /app/tmp/jobs/utp-4539eb1b-88c1-f111-aaaf-002248df2f15-553162/report_estudiante.pptx",error,"{""level"":""error""}","{""project"":""266422dc-3751-4146-8a47-1dfd7aeb7284"",""environment"":""950bdac5-fb40-4f70-8ccf-1facce88154b"",""service"":""b741f367-8920-4dad-ba9f-21940f6bcfe7"",""deployment"":""8b9c732a-1566-4070-a289-1db03b7edf5d"",""replica"":""13815cf3-ad51-45bb-a7bf-ec1917ac87ee""}",2026-10-06T15:49:16.489692901Z
"2026-10-06 15:49:07,599 | INFO | 🖨️  Sending to Gotenberg: report_estudiante.pptx",error,"{""level"":""error""}","{""project"":""266422dc-3751-4146-8a47-1dfd7aeb7284"",""environment"":""950bdac5-fb40-4f70-8ccf-1facce88154b"",""service"":""b741f367-8920-4dad-ba9f-21940f6bcfe7"",""deployment"":""8b9c732a-1566-4070-a289-1db03b7edf5d"",""replica"":""13815cf3-ad51-45bb-a7bf-ec1917ac87ee""}",2026-10-06T15:49:16.489696921Z
"2026-10-06 15:49:13,181 | INFO | ✅ PDF received from Gotenberg: report_estudiante.pdf (1093979 bytes)",error,"{""level"":""error""}","{""project"":""266422dc-3751-4146-8a47-1dfd7aeb7284"",""environment"":""950bdac5-fb40-4f70-8ccf-1facce88154b"",""service"":""b741f367-8920-4dad-ba9f-21940f6bcfe7"",""deployment"":""8b9c732a-1566-4070-a289-1db03b7edf5d"",""replica"":""13815cf3-ad51-45bb-a7bf-ec1917ac87ee""}",2026-10-06T15:49:16.489701041Z
"2026-10-06 15:49:13,182 | INFO | Generating PPTX from template_utp_padres.pptx",error,"{""level"":""error""}","{""project"":""266422dc-3751-4146-8a47-1dfd7aeb7284"",""environment"":""950bdac5-fb40-4f70-8ccf-1facce88154b"",""service"":""b741f367-8920-4dad-ba9f-21940f6bcfe7"",""deployment"":""8b9c732a-1566-4070-a289-1db03b7edf5d"",""replica"":""13815cf3-ad51-45bb-a7bf-ec1917ac87ee""}",2026-10-06T15:49:16.489706141Z
"2026-10-06 15:49:13,255 | INFO | PPTX written → /app/tmp/jobs/utp-4539eb1b-88c1-f111-aaaf-002248df2f15-553162/report_padres.pptx",error,"{""level"":""error""}","{""project"":""266422dc-3751-4146-8a47-1dfd7aeb7284"",""environment"":""950bdac5-fb40-4f70-8ccf-1facce88154b"",""service"":""b741f367-8920-4dad-ba9f-21940f6bcfe7"",""deployment"":""8b9c732a-1566-4070-a289-1db03b7edf5d"",""replica"":""13815cf3-ad51-45bb-a7bf-ec1917ac87ee""}",2026-10-06T15:49:16.489710061Z
"2026-10-06 15:49:13,255 | INFO | 🖨️  Sending to Gotenberg: report_padres.pptx",error,"{""level"":""error""}","{""project"":""266422dc-3751-4146-8a47-1dfd7aeb7284"",""environment"":""950bdac5-fb40-4f70-8ccf-1facce88154b"",""service"":""b741f367-8920-4dad-ba9f-21940f6bcfe7"",""deployment"":""8b9c732a-1566-4070-a289-1db03b7edf5d"",""replica"":""13815cf3-ad51-45bb-a7bf-ec1917ac87ee""}",2026-10-06T15:49:16.489714111Z
"2026-10-06 15:49:16,796 | INFO | ✅ webhook: sg_message_id=_uA4piaCTHOBZdaM9X_qxg delivered → delivered",error,"{""level"":""error""}","{""project"":""266422dc-3751-4146-8a47-1dfd7aeb7284"",""environment"":""950bdac5-fb40-4f70-8ccf-1facce88154b"",""service"":""d36dbcc3-cd55-4a7a-baa1-f1f93642c3cc"",""deployment"":""f80f4047-168d-4653-ac85-441f312f05e5"",""replica"":""b6cfba12-d1ab-4faf-819e-52626ba9340c""}",2026-10-06T15:49:17.999962899Z
"2026-10-06 15:49:18,957 | INFO | ✅ PDF received from Gotenberg: report_padres.pdf (1361226 bytes)",error,"{""level"":""error""}","{""project"":""266422dc-3751-4146-8a47-1dfd7aeb7284"",""environment"":""950bdac5-fb40-4f70-8ccf-1facce88154b"",""service"":""b741f367-8920-4dad-ba9f-21940f6bcfe7"",""deployment"":""8b9c732a-1566-4070-a289-1db03b7edf5d"",""replica"":""13815cf3-ad51-45bb-a7bf-ec1917ac87ee""}",2026-10-06T15:49:18.960830320Z
"2026-10-06 15:49:18,957 | INFO | 📄 PDFs done: ['estudiante', 'padres']",error,"{""level"":""error""}","{""project"":""266422dc-3751-4146-8a47-1dfd7aeb7284"",""environment"":""950bdac5-fb40-4f70-8ccf-1facce88154b"",""service"":""b741f367-8920-4dad-ba9f-21940f6bcfe7"",""deployment"":""8b9c732a-1566-4070-a289-1db03b7edf5d"",""replica"":""13815cf3-ad51-45bb-a7bf-ec1917ac87ee""}",2026-10-06T15:49:18.960835430Z
"2026-10-06 15:49:18,958 | INFO | 📤 Upsert historic JSON: gryelpp1021gmail.com_4539eb1b-88c1-f111-aaaf-002248df2f15-553162_input.json",error,"{""level"":""error""}","{""project"":""266422dc-3751-4146-8a47-1dfd7aeb7284"",""environment"":""950bdac5-fb40-4f70-8ccf-1facce88154b"",""service"":""b741f367-8920-4dad-ba9f-21940f6bcfe7"",""deployment"":""8b9c732a-1566-4070-a289-1db03b7edf5d"",""replica"":""13815cf3-ad51-45bb-a7bf-ec1917ac87ee""}",2026-10-06T15:49:18.960838030Z
"2026-10-06 15:49:18,988 | INFO | file_cache is only supported with oauth2client<4.0.0",error,"{""level"":""error""}","{""project"":""266422dc-3751-4146-8a47-1dfd7aeb7284"",""environment"":""950bdac5-fb40-4f70-8ccf-1facce88154b"",""service"":""b741f367-8920-4dad-ba9f-21940f6bcfe7"",""deployment"":""8b9c732a-1566-4070-a289-1db03b7edf5d"",""replica"":""13815cf3-ad51-45bb-a7bf-ec1917ac87ee""}",2026-10-06T15:49:18.990424754Z
request handled,info,"{""level"":""info"",""ts"":1791301758.9574113,""logger"":""api"",""log_type"":""access"",""correlation_id"":""1fc032fd-273a-4dcd-9ecc-f94c610c7549"",""remote_ip"":""fd12:3f10:bfc4:1:9000:6b:a51f:f43"",""host"":""gotenberg.railway.internal:3000"",""uri"":""/forms/libreoffice/convert"",""method"":""POST"",""path"":""/forms/libreoffice/convert"",""referer"":"""",""user_agent"":""python-requests/2.34.2"",""status"":200,""latency"":5692985043,""latency_human"":""5.692985043s"",""bytes_in"":2474103,""bytes_out"":1361226,""trace_id"":""1179ff5503ec3e3f73bd69461f67c4ff"",""span_id"":""4592956c794979a7""}","{""project"":""266422dc-3751-4146-8a47-1dfd7aeb7284"",""environment"":""950bdac5-fb40-4f70-8ccf-1facce88154b"",""service"":""6e4b4a7a-c604-411d-9203-fea0668646c4"",""deployment"":""5f1d4817-489a-4c40-9f9e-20d6ff45a00b"",""replica"":""777e03bc-fafc-4de9-ab42-2819f8ac9e9f""}",2026-10-06T15:49:19.427798675Z
"2026-10-06 15:49:19,513 | INFO | ✨ No existing file found, creating fresh historic JSON",error,"{""level"":""error""}","{""project"":""266422dc-3751-4146-8a47-1dfd7aeb7284"",""environment"":""950bdac5-fb40-4f70-8ccf-1facce88154b"",""service"":""b741f367-8920-4dad-ba9f-21940f6bcfe7"",""deployment"":""8b9c732a-1566-4070-a289-1db03b7edf5d"",""replica"":""13815cf3-ad51-45bb-a7bf-ec1917ac87ee""}",2026-10-06T15:49:19.522749545Z
"INFO:     100.64.0.9:23226 - ""POST /webhooks/sendgrid HTTP/1.1"" 200 OK",info,"{""level"":""info""}","{""project"":""266422dc-3751-4146-8a47-1dfd7aeb7284"",""environment"":""950bdac5-fb40-4f70-8ccf-1facce88154b"",""service"":""d36dbcc3-cd55-4a7a-baa1-f1f93642c3cc"",""deployment"":""f80f4047-168d-4653-ac85-441f312f05e5"",""replica"":""b6cfba12-d1ab-4faf-819e-52626ba9340c""}",2026-10-06T15:49:19.620978727Z
"2026-10-06 15:49:21,399 | INFO | ✅ webhook: sg_message_id=N_1SqsyfQ7CC2aJg5gSexw Enviado → bounce",error,"{""level"":""error""}","{""project"":""266422dc-3751-4146-8a47-1dfd7aeb7284"",""environment"":""950bdac5-fb40-4f70-8ccf-1facce88154b"",""service"":""d36dbcc3-cd55-4a7a-baa1-f1f93642c3cc"",""deployment"":""f80f4047-168d-4653-ac85-441f312f05e5"",""replica"":""b6cfba12-d1ab-4faf-819e-52626ba9340c""}",2026-10-06T15:49:22.686778423Z
"2026-10-06 15:49:22,687 | INFO | ✅ Historic JSON upserted → https://drive.google.com/file/d/1ySsDUPxAti4JJm17HECfzMr8DtMm0juF/view?usp=drivesdk",error,"{""level"":""error""}","{""project"":""266422dc-3751-4146-8a47-1dfd7aeb7284"",""environment"":""950bdac5-fb40-4f70-8ccf-1facce88154b"",""service"":""b741f367-8920-4dad-ba9f-21940f6bcfe7"",""deployment"":""8b9c732a-1566-4070-a289-1db03b7edf5d"",""replica"":""13815cf3-ad51-45bb-a7bf-ec1917ac87ee""}",2026-10-06T15:49:22.708221586Z
"2026-10-06 15:49:22,687 | ERROR | the user email is 4539eb1b-88c1-f111-aaaf-002248df2f15",error,"{""level"":""error""}","{""project"":""266422dc-3751-4146-8a47-1dfd7aeb7284"",""environment"":""950bdac5-fb40-4f70-8ccf-1facce88154b"",""service"":""b741f367-8920-4dad-ba9f-21940f6bcfe7"",""deployment"":""8b9c732a-1566-4070-a289-1db03b7edf5d"",""replica"":""13815cf3-ad51-45bb-a7bf-ec1917ac87ee""}",2026-10-06T15:49:22.708226236Z
NoneType: None,error,"{""level"":""error""}","{""project"":""266422dc-3751-4146-8a47-1dfd7aeb7284"",""environment"":""950bdac5-fb40-4f70-8ccf-1facce88154b"",""service"":""b741f367-8920-4dad-ba9f-21940f6bcfe7"",""deployment"":""8b9c732a-1566-4070-a289-1db03b7edf5d"",""replica"":""13815cf3-ad51-45bb-a7bf-ec1917ac87ee""}",2026-10-06T15:49:22.708229545Z
"2026-10-06 15:49:22,688 | INFO | 📤 SFTP upload: gryel_paladines_panduro_estudiante_4539eb1b-88c1-f111-aaaf-002248df2f15-553162.pdf → /home/u5-ekeoaos2hhsd/www/geroeducacion.com/public_html/pdf_storage/gryel_paladines_panduro_estudiante_4539eb1b-88c1-f111-aaaf-002248df2f15-553162.pdf",error,"{""level"":""error""}","{""project"":""266422dc-3751-4146-8a47-1dfd7aeb7284"",""environment"":""950bdac5-fb40-4f70-8ccf-1facce88154b"",""service"":""b741f367-8920-4dad-ba9f-21940f6bcfe7"",""deployment"":""8b9c732a-1566-4070-a289-1db03b7edf5d"",""replica"":""13815cf3-ad51-45bb-a7bf-ec1917ac87ee""}",2026-10-06T15:49:22.708232445Z
"2026-10-06 15:49:22,688 | INFO | 📤 SFTP upload: gryel_paladines_panduro_padres_4539eb1b-88c1-f111-aaaf-002248df2f15-553162.pdf → /home/u5-ekeoaos2hhsd/www/geroeducacion.com/public_html/pdf_storage/gryel_paladines_panduro_padres_4539eb1b-88c1-f111-aaaf-002248df2f15-553162.pdf",error,"{""level"":""error""}","{""project"":""266422dc-3751-4146-8a47-1dfd7aeb7284"",""environment"":""950bdac5-fb40-4f70-8ccf-1facce88154b"",""service"":""b741f367-8920-4dad-ba9f-21940f6bcfe7"",""deployment"":""8b9c732a-1566-4070-a289-1db03b7edf5d"",""replica"":""13815cf3-ad51-45bb-a7bf-ec1917ac87ee""}",2026-10-06T15:49:22.708234835Z
"2026-10-06 15:49:23,084 | INFO | Connected (version 2.0, client OpenSSH)",error,"{""level"":""error""}","{""project"":""266422dc-3751-4146-8a47-1dfd7aeb7284"",""environment"":""950bdac5-fb40-4f70-8ccf-1facce88154b"",""service"":""b741f367-8920-4dad-ba9f-21940f6bcfe7"",""deployment"":""8b9c732a-1566-4070-a289-1db03b7edf5d"",""replica"":""13815cf3-ad51-45bb-a7bf-ec1917ac87ee""}",2026-10-06T15:49:23.263884359Z
"2026-10-06 15:49:23,098 | INFO | Connected (version 2.0, client OpenSSH)",error,"{""level"":""error""}","{""project"":""266422dc-3751-4146-8a47-1dfd7aeb7284"",""environment"":""950bdac5-fb40-4f70-8ccf-1facce88154b"",""service"":""b741f367-8920-4dad-ba9f-21940f6bcfe7"",""deployment"":""8b9c732a-1566-4070-a289-1db03b7edf5d"",""replica"":""13815cf3-ad51-45bb-a7bf-ec1917ac87ee""}",2026-10-06T15:49:23.263889999Z
"INFO:     100.64.0.7:17328 - ""POST /webhooks/sendgrid HTTP/1.1"" 200 OK",info,"{""level"":""info""}","{""project"":""266422dc-3751-4146-8a47-1dfd7aeb7284"",""environment"":""950bdac5-fb40-4f70-8ccf-1facce88154b"",""service"":""d36dbcc3-cd55-4a7a-baa1-f1f93642c3cc"",""deployment"":""f80f4047-168d-4653-ac85-441f312f05e5"",""replica"":""b6cfba12-d1ab-4faf-819e-52626ba9340c""}",2026-10-06T15:49:23.904523539Z
"2026-10-06 15:49:24,140 | INFO | Authentication (publickey) successful!",error,"{""level"":""error""}","{""project"":""266422dc-3751-4146-8a47-1dfd7aeb7284"",""environment"":""950bdac5-fb40-4f70-8ccf-1facce88154b"",""service"":""b741f367-8920-4dad-ba9f-21940f6bcfe7"",""deployment"":""8b9c732a-1566-4070-a289-1db03b7edf5d"",""replica"":""13815cf3-ad51-45bb-a7bf-ec1917ac87ee""}",2026-10-06T15:49:24.349332808Z
"2026-10-06 15:49:24,190 | INFO | Authentication (publickey) successful!",error,"{""level"":""error""}","{""project"":""266422dc-3751-4146-8a47-1dfd7aeb7284"",""environment"":""950bdac5-fb40-4f70-8ccf-1facce88154b"",""service"":""b741f367-8920-4dad-ba9f-21940f6bcfe7"",""deployment"":""8b9c732a-1566-4070-a289-1db03b7edf5d"",""replica"":""13815cf3-ad51-45bb-a7bf-ec1917ac87ee""}",2026-10-06T15:49:24.349349808Z
"2026-10-06 15:49:24,719 | INFO | [chan 0] Opened sftp connection (server version 3)",error,"{""level"":""error""}","{""project"":""266422dc-3751-4146-8a47-1dfd7aeb7284"",""environment"":""950bdac5-fb40-4f70-8ccf-1facce88154b"",""service"":""b741f367-8920-4dad-ba9f-21940f6bcfe7"",""deployment"":""8b9c732a-1566-4070-a289-1db03b7edf5d"",""replica"":""13815cf3-ad51-45bb-a7bf-ec1917ac87ee""}",2026-10-06T15:49:24.724926768Z
"2026-10-06 15:49:24,788 | INFO | [chan 0] Opened sftp connection (server version 3)",error,"{""level"":""error""}","{""project"":""266422dc-3751-4146-8a47-1dfd7aeb7284"",""environment"":""950bdac5-fb40-4f70-8ccf-1facce88154b"",""service"":""b741f367-8920-4dad-ba9f-21940f6bcfe7"",""deployment"":""8b9c732a-1566-4070-a289-1db03b7edf5d"",""replica"":""13815cf3-ad51-45bb-a7bf-ec1917ac87ee""}",2026-10-06T15:49:24.796446663Z
"2026-10-06 15:49:26,662 | INFO | [chan 0] sftp session closed.",error,"{""level"":""error""}","{""project"":""266422dc-3751-4146-8a47-1dfd7aeb7284"",""environment"":""950bdac5-fb40-4f70-8ccf-1facce88154b"",""service"":""b741f367-8920-4dad-ba9f-21940f6bcfe7"",""deployment"":""8b9c732a-1566-4070-a289-1db03b7edf5d"",""replica"":""13815cf3-ad51-45bb-a7bf-ec1917ac87ee""}",2026-10-06T15:49:26.680814859Z
"2026-10-06 15:49:26,662 | INFO | ✅ SiteGround file live at: https://geroeducacion.com/pdf_storage/gryel_paladines_panduro_estudiante_4539eb1b-88c1-f111-aaaf-002248df2f15-553162.pdf",error,"{""level"":""error""}","{""project"":""266422dc-3751-4146-8a47-1dfd7aeb7284"",""environment"":""950bdac5-fb40-4f70-8ccf-1facce88154b"",""service"":""b741f367-8920-4dad-ba9f-21940f6bcfe7"",""deployment"":""8b9c732a-1566-4070-a289-1db03b7edf5d"",""replica"":""13815cf3-ad51-45bb-a7bf-ec1917ac87ee""}",2026-10-06T15:49:26.680820249Z
"2026-10-06 15:49:26,828 | INFO | [chan 0] sftp session closed.",error,"{""level"":""error""}","{""project"":""266422dc-3751-4146-8a47-1dfd7aeb7284"",""environment"":""950bdac5-fb40-4f70-8ccf-1facce88154b"",""service"":""b741f367-8920-4dad-ba9f-21940f6bcfe7"",""deployment"":""8b9c732a-1566-4070-a289-1db03b7edf5d"",""replica"":""13815cf3-ad51-45bb-a7bf-ec1917ac87ee""}",2026-10-06T15:49:26.835172981Z
"2026-10-06 15:49:26,828 | INFO | ✅ SiteGround file live at: https://geroeducacion.com/pdf_storage/gryel_paladines_panduro_padres_4539eb1b-88c1-f111-aaaf-002248df2f15-553162.pdf",error,"{""level"":""error""}","{""project"":""266422dc-3751-4146-8a47-1dfd7aeb7284"",""environment"":""950bdac5-fb40-4f70-8ccf-1facce88154b"",""service"":""b741f367-8920-4dad-ba9f-21940f6bcfe7"",""deployment"":""8b9c732a-1566-4070-a289-1db03b7edf5d"",""replica"":""13815cf3-ad51-45bb-a7bf-ec1917ac87ee""}",2026-10-06T15:49:26.835187241Z
"2026-10-06 15:49:26,828 | INFO | 📨 Posting UTP payload | endpoint=https://crm02.utp.edu.pe/VisualizateV2/api/v1/student-results | leadId=4539eb1b-88c1-f111-aaaf-002248df2f15 | career1=MEDICINA | career2= | resultsLink=https://geroeducacion.com/pdf_storage/gryel_paladines_panduro_estudiante_4539eb1b-88c1-f111-aaaf-002248df2f15-553162.pdf | resultsLinkParent=https://geroeducacion.com/pdf_storage/gryel_paladines_panduro_padres_4539eb1b-88c1-f111-aaaf-002248df2f15-553162.pdf",error,"{""level"":""error""}","{""project"":""266422dc-3751-4146-8a47-1dfd7aeb7284"",""environment"":""950bdac5-fb40-4f70-8ccf-1facce88154b"",""service"":""b741f367-8920-4dad-ba9f-21940f6bcfe7"",""deployment"":""8b9c732a-1566-4070-a289-1db03b7edf5d"",""replica"":""13815cf3-ad51-45bb-a7bf-ec1917ac87ee""}",2026-10-06T15:49:26.835190601Z
"2026-10-06 15:49:25,915 | INFO | ✅ webhook: sg_message_id=JRrr21jCQ_Sh2xiB-wVNoQ delivered → delivered",error,"{""level"":""error""}","{""project"":""266422dc-3751-4146-8a47-1dfd7aeb7284"",""environment"":""950bdac5-fb40-4f70-8ccf-1facce88154b"",""service"":""d36dbcc3-cd55-4a7a-baa1-f1f93642c3cc"",""deployment"":""f80f4047-168d-4653-ac85-441f312f05e5"",""replica"":""b6cfba12-d1ab-4faf-819e-52626ba9340c""}",2026-10-06T15:49:27.444700634Z
"2026-10-06 15:49:28,378 | INFO | ✅ UTP endpoint response: {'success': True, 'validationId': 'cc8f6c2b-c4db-4af3-a66f-b81082192585', 'message': 'Result received successfully.'}",error,"{""level"":""error""}","{""project"":""266422dc-3751-4146-8a47-1dfd7aeb7284"",""environment"":""950bdac5-fb40-4f70-8ccf-1facce88154b"",""service"":""b741f367-8920-4dad-ba9f-21940f6bcfe7"",""deployment"":""8b9c732a-1566-4070-a289-1db03b7edf5d"",""replica"":""13815cf3-ad51-45bb-a7bf-ec1917ac87ee""}",2026-10-06T15:49:28.382845442Z
"2026-10-06 15:49:28,379 | INFO | 🔖 validationId received: cc8f6c2b-c4db-4af3-a66f-b81082192585",error,"{""level"":""error""}","{""project"":""266422dc-3751-4146-8a47-1dfd7aeb7284"",""environment"":""950bdac5-fb40-4f70-8ccf-1facce88154b"",""service"":""b741f367-8920-4dad-ba9f-21940f6bcfe7"",""deployment"":""8b9c732a-1566-4070-a289-1db03b7edf5d"",""replica"":""13815cf3-ad51-45bb-a7bf-ec1917ac87ee""}",2026-10-06T15:49:28.382851341Z
request handled,info,"{""level"":""info"",""ts"":1791301768.0340462,""logger"":""api"",""log_type"":""access"",""correlation_id"":""72181dc5-946c-4563-9180-e5857a5dd974"",""remote_ip"":""fd12:3f10:bfc4:1:9000:7a:c710:168c"",""host"":""gotenberg.railway.internal:3000"",""uri"":""/forms/libreoffice/convert"",""method"":""POST"",""path"":""/forms/libreoffice/convert"",""referer"":"""",""user_agent"":""python-requests/2.34.2"",""status"":200,""latency"":4925468751,""latency_human"":""4.925468751s"",""bytes_in"":2203138,""bytes_out"":1094989,""trace_id"":""aa0fec319c0a16c0ea069dc12b489e48"",""span_id"":""29f4ef820ed058de""}","{""project"":""266422dc-3751-4146-8a47-1dfd7aeb7284"",""environment"":""950bdac5-fb40-4f70-8ccf-1facce88154b"",""service"":""6e4b4a7a-c604-411d-9203-fea0668646c4"",""deployment"":""5f1d4817-489a-4c40-9f9e-20d6ff45a00b"",""replica"":""777e03bc-fafc-4de9-ab42-2819f8ac9e9f""}",2026-10-06T15:49:28.628867433Z
"INFO:     100.64.0.3:25856 - ""POST /webhooks/sendgrid HTTP/1.1"" 200 OK",info,"{""level"":""info""}","{""project"":""266422dc-3751-4146-8a47-1dfd7aeb7284"",""environment"":""950bdac5-fb40-4f70-8ccf-1facce88154b"",""service"":""d36dbcc3-cd55-4a7a-baa1-f1f93642c3cc"",""deployment"":""f80f4047-168d-4653-ac85-441f312f05e5"",""replica"":""b6cfba12-d1ab-4faf-819e-52626ba9340c""}",2026-10-06T15:49:30.298747289Z
"2026-10-06 15:49:30,002 | WARNING | No row found for sg_message_id=ENIK7FJiRtKwv2QQeT8qow (event=open)",error,"{""level"":""error""}","{""project"":""266422dc-3751-4146-8a47-1dfd7aeb7284"",""environment"":""950bdac5-fb40-4f70-8ccf-1facce88154b"",""service"":""d36dbcc3-cd55-4a7a-baa1-f1f93642c3cc"",""deployment"":""f80f4047-168d-4653-ac85-441f312f05e5"",""replica"":""b6cfba12-d1ab-4faf-819e-52626ba9340c""}",2026-10-06T15:49:30.298755318Z
"INFO:     100.64.0.6:43330 - ""POST /webhooks/sendgrid HTTP/1.1"" 200 OK",info,"{""level"":""info""}","{""project"":""266422dc-3751-4146-8a47-1dfd7aeb7284"",""environment"":""950bdac5-fb40-4f70-8ccf-1facce88154b"",""service"":""d36dbcc3-cd55-4a7a-baa1-f1f93642c3cc"",""deployment"":""f80f4047-168d-4653-ac85-441f312f05e5"",""replica"":""b6cfba12-d1ab-4faf-819e-52626ba9340c""}",2026-10-06T15:49:30.298763412Z
"2026-10-06 15:49:30,696 | INFO | ✅ validationId=cc8f6c2b-c4db-4af3-a66f-b81082192585 written to byw_tracking_algoritmo_AC for 4539eb1b-88c1-f111-aaaf-002248df2f15",error,"{""level"":""error""}","{""project"":""266422dc-3751-4146-8a47-1dfd7aeb7284"",""environment"":""950bdac5-fb40-4f70-8ccf-1facce88154b"",""service"":""b741f367-8920-4dad-ba9f-21940f6bcfe7"",""deployment"":""8b9c732a-1566-4070-a289-1db03b7edf5d"",""replica"":""13815cf3-ad51-45bb-a7bf-ec1917ac87ee""}",2026-10-06T15:49:30.699920643Z
"2026-10-06 15:49:31,561 | ERROR | ⚠️ Failed to update status sheet (non-fatal)",error,"{""level"":""error""}","{""project"":""266422dc-3751-4146-8a47-1dfd7aeb7284"",""environment"":""950bdac5-fb40-4f70-8ccf-1facce88154b"",""service"":""b741f367-8920-4dad-ba9f-21940f6bcfe7"",""deployment"":""8b9c732a-1566-4070-a289-1db03b7edf5d"",""replica"":""f86045b6-3f78-4936-9514-5e0ec312fe70""}",2026-10-06T15:49:31.616281979Z
Traceback (most recent call last):,error,"{""level"":""error""}","{""project"":""266422dc-3751-4146-8a47-1dfd7aeb7284"",""environment"":""950bdac5-fb40-4f70-8ccf-1facce88154b"",""service"":""b741f367-8920-4dad-ba9f-21940f6bcfe7"",""deployment"":""8b9c732a-1566-4070-a289-1db03b7edf5d"",""replica"":""f86045b6-3f78-4936-9514-5e0ec312fe70""}",2026-10-06T15:49:31.616293743Z
"  File ""/app/app/pipeline/sheets_updater.py"", line 186, in update_student_status",error,"{""level"":""error""}","{""project"":""266422dc-3751-4146-8a47-1dfd7aeb7284"",""environment"":""950bdac5-fb40-4f70-8ccf-1facce88154b"",""service"":""b741f367-8920-4dad-ba9f-21940f6bcfe7"",""deployment"":""8b9c732a-1566-4070-a289-1db03b7edf5d"",""replica"":""f86045b6-3f78-4936-9514-5e0ec312fe70""}",2026-10-06T15:49:31.616299131Z
"    _ensure_headers(service, spreadsheet_id)",error,"{""level"":""error""}","{""project"":""266422dc-3751-4146-8a47-1dfd7aeb7284"",""environment"":""950bdac5-fb40-4f70-8ccf-1facce88154b"",""service"":""b741f367-8920-4dad-ba9f-21940f6bcfe7"",""deployment"":""8b9c732a-1566-4070-a289-1db03b7edf5d"",""replica"":""f86045b6-3f78-4936-9514-5e0ec312fe70""}",2026-10-06T15:49:31.616303265Z
"  File ""/app/app/pipeline/sheets_updater.py"", line 85, in _ensure_headers",error,"{""level"":""error""}","{""project"":""266422dc-3751-4146-8a47-1dfd7aeb7284"",""environment"":""950bdac5-fb40-4f70-8ccf-1facce88154b"",""service"":""b741f367-8920-4dad-ba9f-21940f6bcfe7"",""deployment"":""8b9c732a-1566-4070-a289-1db03b7edf5d"",""replica"":""f86045b6-3f78-4936-9514-5e0ec312fe70""}",2026-10-06T15:49:31.616307276Z
    result = _with_backoff(lambda: (,error,"{""level"":""error""}","{""project"":""266422dc-3751-4146-8a47-1dfd7aeb7284"",""environment"":""950bdac5-fb40-4f70-8ccf-1facce88154b"",""service"":""b741f367-8920-4dad-ba9f-21940f6bcfe7"",""deployment"":""8b9c732a-1566-4070-a289-1db03b7edf5d"",""replica"":""f86045b6-3f78-4936-9514-5e0ec312fe70""}",2026-10-06T15:49:31.616311615Z
             ^^^^^^^^^^^^^^^^^^^^^^^,error,"{""level"":""error""}","{""project"":""266422dc-3751-4146-8a47-1dfd7aeb7284"",""environment"":""950bdac5-fb40-4f70-8ccf-1facce88154b"",""service"":""b741f367-8920-4dad-ba9f-21940f6bcfe7"",""deployment"":""8b9c732a-1566-4070-a289-1db03b7edf5d"",""replica"":""f86045b6-3f78-4936-9514-5e0ec312fe70""}",2026-10-06T15:49:31.616315283Z
"  File ""/app/app/pipeline/sheets_updater.py"", line 70, in _with_backoff",error,"{""level"":""error""}","{""project"":""266422dc-3751-4146-8a47-1dfd7aeb7284"",""environment"":""950bdac5-fb40-4f70-8ccf-1facce88154b"",""service"":""b741f367-8920-4dad-ba9f-21940f6bcfe7"",""deployment"":""8b9c732a-1566-4070-a289-1db03b7edf5d"",""replica"":""f86045b6-3f78-4936-9514-5e0ec312fe70""}",2026-10-06T15:49:31.616319013Z
    return fn(),error,"{""level"":""error""}","{""project"":""266422dc-3751-4146-8a47-1dfd7aeb7284"",""environment"":""950bdac5-fb40-4f70-8ccf-1facce88154b"",""service"":""b741f367-8920-4dad-ba9f-21940f6bcfe7"",""deployment"":""8b9c732a-1566-4070-a289-1db03b7edf5d"",""replica"":""f86045b6-3f78-4936-9514-5e0ec312fe70""}",2026-10-06T15:49:31.616323286Z
           ^^^^,error,"{""level"":""error""}","{""project"":""266422dc-3751-4146-8a47-1dfd7aeb7284"",""environment"":""950bdac5-fb40-4f70-8ccf-1facce88154b"",""service"":""b741f367-8920-4dad-ba9f-21940f6bcfe7"",""deployment"":""8b9c732a-1566-4070-a289-1db03b7edf5d"",""replica"":""f86045b6-3f78-4936-9514-5e0ec312fe70""}",2026-10-06T15:49:31.616328428Z
"  File ""/app/app/pipeline/sheets_updater.py"", line 89, in <lambda>",error,"{""level"":""error""}","{""project"":""266422dc-3751-4146-8a47-1dfd7aeb7284"",""environment"":""950bdac5-fb40-4f70-8ccf-1facce88154b"",""service"":""b741f367-8920-4dad-ba9f-21940f6bcfe7"",""deployment"":""8b9c732a-1566-4070-a289-1db03b7edf5d"",""replica"":""f86045b6-3f78-4936-9514-5e0ec312fe70""}",2026-10-06T15:49:31.616334075Z
    ).execute(),error,"{""level"":""error""}","{""project"":""266422dc-3751-4146-8a47-1dfd7aeb7284"",""environment"":""950bdac5-fb40-4f70-8ccf-1facce88154b"",""service"":""b741f367-8920-4dad-ba9f-21940f6bcfe7"",""deployment"":""8b9c732a-1566-4070-a289-1db03b7edf5d"",""replica"":""f86045b6-3f78-4936-9514-5e0ec312fe70""}",2026-10-06T15:49:31.616339233Z
      ^^^^^^^^^,error,"{""level"":""error""}","{""project"":""266422dc-3751-4146-8a47-1dfd7aeb7284"",""environment"":""950bdac5-fb40-4f70-8ccf-1facce88154b"",""service"":""b741f367-8920-4dad-ba9f-21940f6bcfe7"",""deployment"":""8b9c732a-1566-4070-a289-1db03b7edf5d"",""replica"":""f86045b6-3f78-4936-9514-5e0ec312fe70""}",2026-10-06T15:49:31.616344762Z
"  File ""/usr/local/lib/python3.11/site-packages/googleapiclient/_helpers.py"", line 130, in positional_wrapper",error,"{""level"":""error""}","{""project"":""266422dc-3751-4146-8a47-1dfd7aeb7284"",""environment"":""950bdac5-fb40-4f70-8ccf-1facce88154b"",""service"":""b741f367-8920-4dad-ba9f-21940f6bcfe7"",""deployment"":""8b9c732a-1566-4070-a289-1db03b7edf5d"",""replica"":""f86045b6-3f78-4936-9514-5e0ec312fe70""}",2026-10-06T15:49:31.616350979Z
"    return wrapped(*args, **kwargs)",error,"{""level"":""error""}","{""project"":""266422dc-3751-4146-8a47-1dfd7aeb7284"",""environment"":""950bdac5-fb40-4f70-8ccf-1facce88154b"",""service"":""b741f367-8920-4dad-ba9f-21940f6bcfe7"",""deployment"":""8b9c732a-1566-4070-a289-1db03b7edf5d"",""replica"":""f86045b6-3f78-4936-9514-5e0ec312fe70""}",2026-10-06T15:49:31.616356809Z
           ^^^^^^^^^^^^^^^^^^^^^^^^,error,"{""level"":""error""}","{""project"":""266422dc-3751-4146-8a47-1dfd7aeb7284"",""environment"":""950bdac5-fb40-4f70-8ccf-1facce88154b"",""service"":""b741f367-8920-4dad-ba9f-21940f6bcfe7"",""deployment"":""8b9c732a-1566-4070-a289-1db03b7edf5d"",""replica"":""f86045b6-3f78-4936-9514-5e0ec312fe70""}",2026-10-06T15:49:31.616362264Z
"  File ""/usr/local/lib/python3.11/site-packages/googleapiclient/http.py"", line 1003, in execute",error,"{""level"":""error""}","{""project"":""266422dc-3751-4146-8a47-1dfd7aeb7284"",""environment"":""950bdac5-fb40-4f70-8ccf-1facce88154b"",""service"":""b741f367-8920-4dad-ba9f-21940f6bcfe7"",""deployment"":""8b9c732a-1566-4070-a289-1db03b7edf5d"",""replica"":""f86045b6-3f78-4936-9514-5e0ec312fe70""}",2026-10-06T15:49:31.616367767Z
"    resp, content = _retry_request(",error,"{""level"":""error""}","{""project"":""266422dc-3751-4146-8a47-1dfd7aeb7284"",""environment"":""950bdac5-fb40-4f70-8ccf-1facce88154b"",""service"":""b741f367-8920-4dad-ba9f-21940f6bcfe7"",""deployment"":""8b9c732a-1566-4070-a289-1db03b7edf5d"",""replica"":""f86045b6-3f78-4936-9514-5e0ec312fe70""}",2026-10-06T15:49:31.616373633Z
                    ^^^^^^^^^^^^^^^,error,"{""level"":""error""}","{""project"":""266422dc-3751-4146-8a47-1dfd7aeb7284"",""environment"":""950bdac5-fb40-4f70-8ccf-1facce88154b"",""service"":""b741f367-8920-4dad-ba9f-21940f6bcfe7"",""deployment"":""8b9c732a-1566-4070-a289-1db03b7edf5d"",""replica"":""f86045b6-3f78-4936-9514-5e0ec312fe70""}",2026-10-06T15:49:31.616378251Z
"  File ""/usr/local/lib/python3.11/site-packages/googleapiclient/http.py"", line 222, in _retry_request",error,"{""level"":""error""}","{""project"":""266422dc-3751-4146-8a47-1dfd7aeb7284"",""environment"":""950bdac5-fb40-4f70-8ccf-1facce88154b"",""service"":""b741f367-8920-4dad-ba9f-21940f6bcfe7"",""deployment"":""8b9c732a-1566-4070-a289-1db03b7edf5d"",""replica"":""f86045b6-3f78-4936-9514-5e0ec312fe70""}",2026-10-06T15:49:31.616383823Z
    raise exception,error,"{""level"":""error""}","{""project"":""266422dc-3751-4146-8a47-1dfd7aeb7284"",""environment"":""950bdac5-fb40-4f70-8ccf-1facce88154b"",""service"":""b741f367-8920-4dad-ba9f-21940f6bcfe7"",""deployment"":""8b9c732a-1566-4070-a289-1db03b7edf5d"",""replica"":""f86045b6-3f78-4936-9514-5e0ec312fe70""}",2026-10-06T15:49:31.616388657Z
"  File ""/usr/local/lib/python3.11/site-packages/googleapiclient/http.py"", line 191, in _retry_request",error,"{""level"":""error""}","{""project"":""266422dc-3751-4146-8a47-1dfd7aeb7284"",""environment"":""950bdac5-fb40-4f70-8ccf-1facce88154b"",""service"":""b741f367-8920-4dad-ba9f-21940f6bcfe7"",""deployment"":""8b9c732a-1566-4070-a289-1db03b7edf5d"",""replica"":""f86045b6-3f78-4936-9514-5e0ec312fe70""}",2026-10-06T15:49:31.616392443Z
"    resp, content = http.request(uri, method, *args, **kwargs)",error,"{""level"":""error""}","{""project"":""266422dc-3751-4146-8a47-1dfd7aeb7284"",""environment"":""950bdac5-fb40-4f70-8ccf-1facce88154b"",""service"":""b741f367-8920-4dad-ba9f-21940f6bcfe7"",""deployment"":""8b9c732a-1566-4070-a289-1db03b7edf5d"",""replica"":""f86045b6-3f78-4936-9514-5e0ec312fe70""}",2026-10-06T15:49:31.617222959Z
                    ^^^^^^^^^^^^^^^^^^^^^^^^^^^^^^^^^^^^^^^^^^,error,"{""level"":""error""}","{""project"":""266422dc-3751-4146-8a47-1dfd7aeb7284"",""environment"":""950bdac5-fb40-4f70-8ccf-1facce88154b"",""service"":""b741f367-8920-4dad-ba9f-21940f6bcfe7"",""deployment"":""8b9c732a-1566-4070-a289-1db03b7edf5d"",""replica"":""f86045b6-3f78-4936-9514-5e0ec312fe70""}",2026-10-06T15:49:31.617233980Z
"  File ""/usr/local/lib/python3.11/site-packages/google_auth_httplib2.py"", line 214, in request",error,"{""level"":""error""}","{""project"":""266422dc-3751-4146-8a47-1dfd7aeb7284"",""environment"":""950bdac5-fb40-4f70-8ccf-1facce88154b"",""service"":""b741f367-8920-4dad-ba9f-21940f6bcfe7"",""deployment"":""8b9c732a-1566-4070-a289-1db03b7edf5d"",""replica"":""f86045b6-3f78-4936-9514-5e0ec312fe70""}",2026-10-06T15:49:31.617241659Z
"    response, content = self.http.request(",error,"{""level"":""error""}","{""project"":""266422dc-3751-4146-8a47-1dfd7aeb7284"",""environment"":""950bdac5-fb40-4f70-8ccf-1facce88154b"",""service"":""b741f367-8920-4dad-ba9f-21940f6bcfe7"",""deployment"":""8b9c732a-1566-4070-a289-1db03b7edf5d"",""replica"":""f86045b6-3f78-4936-9514-5e0ec312fe70""}",2026-10-06T15:49:31.617247320Z
                        ^^^^^^^^^^^^^^^^^^,error,"{""level"":""error""}","{""project"":""266422dc-3751-4146-8a47-1dfd7aeb7284"",""environment"":""950bdac5-fb40-4f70-8ccf-1facce88154b"",""service"":""b741f367-8920-4dad-ba9f-21940f6bcfe7"",""deployment"":""8b9c732a-1566-4070-a289-1db03b7edf5d"",""replica"":""f86045b6-3f78-4936-9514-5e0ec312fe70""}",2026-10-06T15:49:31.617252425Z
"  File ""/usr/local/lib/python3.11/site-packages/httplib2/__init__.py"", line 1755, in request",error,"{""level"":""error""}","{""project"":""266422dc-3751-4146-8a47-1dfd7aeb7284"",""environment"":""950bdac5-fb40-4f70-8ccf-1facce88154b"",""service"":""b741f367-8920-4dad-ba9f-21940f6bcfe7"",""deployment"":""8b9c732a-1566-4070-a289-1db03b7edf5d"",""replica"":""f86045b6-3f78-4936-9514-5e0ec312fe70""}",2026-10-06T15:49:31.617257194Z
"    (response, content) = self._request(",error,"{""level"":""error""}","{""project"":""266422dc-3751-4146-8a47-1dfd7aeb7284"",""environment"":""950bdac5-fb40-4f70-8ccf-1facce88154b"",""service"":""b741f367-8920-4dad-ba9f-21940f6bcfe7"",""deployment"":""8b9c732a-1566-4070-a289-1db03b7edf5d"",""replica"":""f86045b6-3f78-4936-9514-5e0ec312fe70""}",2026-10-06T15:49:31.617261688Z
                          ^^^^^^^^^^^^^^,error,"{""level"":""error""}","{""project"":""266422dc-3751-4146-8a47-1dfd7aeb7284"",""environment"":""950bdac5-fb40-4f70-8ccf-1facce88154b"",""service"":""b741f367-8920-4dad-ba9f-21940f6bcfe7"",""deployment"":""8b9c732a-1566-4070-a289-1db03b7edf5d"",""replica"":""f86045b6-3f78-4936-9514-5e0ec312fe70""}",2026-10-06T15:49:31.617266401Z
"  File ""/usr/local/lib/python3.11/site-packages/httplib2/__init__.py"", line 1475, in _request",error,"{""level"":""error""}","{""project"":""266422dc-3751-4146-8a47-1dfd7aeb7284"",""environment"":""950bdac5-fb40-4f70-8ccf-1facce88154b"",""service"":""b741f367-8920-4dad-ba9f-21940f6bcfe7"",""deployment"":""8b9c732a-1566-4070-a289-1db03b7edf5d"",""replica"":""f86045b6-3f78-4936-9514-5e0ec312fe70""}",2026-10-06T15:49:31.617271391Z
"    (response, content) = self._conn_request(conn, request_uri, method, body, headers)",error,"{""level"":""error""}","{""project"":""266422dc-3751-4146-8a47-1dfd7aeb7284"",""environment"":""950bdac5-fb40-4f70-8ccf-1facce88154b"",""service"":""b741f367-8920-4dad-ba9f-21940f6bcfe7"",""deployment"":""8b9c732a-1566-4070-a289-1db03b7edf5d"",""replica"":""f86045b6-3f78-4936-9514-5e0ec312fe70""}",2026-10-06T15:49:31.617276440Z
                          ^^^^^^^^^^^^^^^^^^^^^^^^^^^^^^^^^^^^^^^^^^^^^^^^^^^^^^^^^^^^,error,"{""level"":""error""}","{""project"":""266422dc-3751-4146-8a47-1dfd7aeb7284"",""environment"":""950bdac5-fb40-4f70-8ccf-1facce88154b"",""service"":""b741f367-8920-4dad-ba9f-21940f6bcfe7"",""deployment"":""8b9c732a-1566-4070-a289-1db03b7edf5d"",""replica"":""f86045b6-3f78-4936-9514-5e0ec312fe70""}",2026-10-06T15:49:31.617282019Z
"  File ""/usr/local/lib/python3.11/site-packages/httplib2/__init__.py"", line 1427, in _conn_request",error,"{""level"":""error""}","{""project"":""266422dc-3751-4146-8a47-1dfd7aeb7284"",""environment"":""950bdac5-fb40-4f70-8ccf-1facce88154b"",""service"":""b741f367-8920-4dad-ba9f-21940f6bcfe7"",""deployment"":""8b9c732a-1566-4070-a289-1db03b7edf5d"",""replica"":""f86045b6-3f78-4936-9514-5e0ec312fe70""}",2026-10-06T15:49:31.617286477Z
    response = conn.getresponse(),error,"{""level"":""error""}","{""project"":""266422dc-3751-4146-8a47-1dfd7aeb7284"",""environment"":""950bdac5-fb40-4f70-8ccf-1facce88154b"",""service"":""b741f367-8920-4dad-ba9f-21940f6bcfe7"",""deployment"":""8b9c732a-1566-4070-a289-1db03b7edf5d"",""replica"":""f86045b6-3f78-4936-9514-5e0ec312fe70""}",2026-10-06T15:49:31.617290728Z
               ^^^^^^^^^^^^^^^^^^,error,"{""level"":""error""}","{""project"":""266422dc-3751-4146-8a47-1dfd7aeb7284"",""environment"":""950bdac5-fb40-4f70-8ccf-1facce88154b"",""service"":""b741f367-8920-4dad-ba9f-21940f6bcfe7"",""deployment"":""8b9c732a-1566-4070-a289-1db03b7edf5d"",""replica"":""f86045b6-3f78-4936-9514-5e0ec312fe70""}",2026-10-06T15:49:31.617295254Z
"  File ""/usr/local/lib/python3.11/http/client.py"", line 1443, in getresponse",error,"{""level"":""error""}","{""project"":""266422dc-3751-4146-8a47-1dfd7aeb7284"",""environment"":""950bdac5-fb40-4f70-8ccf-1facce88154b"",""service"":""b741f367-8920-4dad-ba9f-21940f6bcfe7"",""deployment"":""8b9c732a-1566-4070-a289-1db03b7edf5d"",""replica"":""f86045b6-3f78-4936-9514-5e0ec312fe70""}",2026-10-06T15:49:31.617300379Z
    response.begin(),error,"{""level"":""error""}","{""project"":""266422dc-3751-4146-8a47-1dfd7aeb7284"",""environment"":""950bdac5-fb40-4f70-8ccf-1facce88154b"",""service"":""b741f367-8920-4dad-ba9f-21940f6bcfe7"",""deployment"":""8b9c732a-1566-4070-a289-1db03b7edf5d"",""replica"":""f86045b6-3f78-4936-9514-5e0ec312fe70""}",2026-10-06T15:49:31.617304708Z
"  File ""/usr/local/lib/python3.11/http/client.py"", line 337, in begin",error,"{""level"":""error""}","{""project"":""266422dc-3751-4146-8a47-1dfd7aeb7284"",""environment"":""950bdac5-fb40-4f70-8ccf-1facce88154b"",""service"":""b741f367-8920-4dad-ba9f-21940f6bcfe7"",""deployment"":""8b9c732a-1566-4070-a289-1db03b7edf5d"",""replica"":""f86045b6-3f78-4936-9514-5e0ec312fe70""}",2026-10-06T15:49:31.617309299Z
"    version, status, reason = self._read_status()",error,"{""level"":""error""}","{""project"":""266422dc-3751-4146-8a47-1dfd7aeb7284"",""environment"":""950bdac5-fb40-4f70-8ccf-1facce88154b"",""service"":""b741f367-8920-4dad-ba9f-21940f6bcfe7"",""deployment"":""8b9c732a-1566-4070-a289-1db03b7edf5d"",""replica"":""f86045b6-3f78-4936-9514-5e0ec312fe70""}",2026-10-06T15:49:31.617323186Z
                              ^^^^^^^^^^^^^^^^^^^,error,"{""level"":""error""}","{""project"":""266422dc-3751-4146-8a47-1dfd7aeb7284"",""environment"":""950bdac5-fb40-4f70-8ccf-1facce88154b"",""service"":""b741f367-8920-4dad-ba9f-21940f6bcfe7"",""deployment"":""8b9c732a-1566-4070-a289-1db03b7edf5d"",""replica"":""f86045b6-3f78-4936-9514-5e0ec312fe70""}",2026-10-06T15:49:31.617328178Z
"  File ""/usr/local/lib/python3.11/http/client.py"", line 298, in _read_status",error,"{""level"":""error""}","{""project"":""266422dc-3751-4146-8a47-1dfd7aeb7284"",""environment"":""950bdac5-fb40-4f70-8ccf-1facce88154b"",""service"":""b741f367-8920-4dad-ba9f-21940f6bcfe7"",""deployment"":""8b9c732a-1566-4070-a289-1db03b7edf5d"",""replica"":""f86045b6-3f78-4936-9514-5e0ec312fe70""}",2026-10-06T15:49:31.617332794Z
"    line = str(self.fp.readline(_MAXLINE + 1), ""iso-8859-1"")",error,"{""level"":""error""}","{""project"":""266422dc-3751-4146-8a47-1dfd7aeb7284"",""environment"":""950bdac5-fb40-4f70-8ccf-1facce88154b"",""service"":""b741f367-8920-4dad-ba9f-21940f6bcfe7"",""deployment"":""8b9c732a-1566-4070-a289-1db03b7edf5d"",""replica"":""f86045b6-3f78-4936-9514-5e0ec312fe70""}",2026-10-06T15:49:31.618550575Z
               ^^^^^^^^^^^^^^^^^^^^^^^^^^^^^^,error,"{""level"":""error""}","{""project"":""266422dc-3751-4146-8a47-1dfd7aeb7284"",""environment"":""950bdac5-fb40-4f70-8ccf-1facce88154b"",""service"":""b741f367-8920-4dad-ba9f-21940f6bcfe7"",""deployment"":""8b9c732a-1566-4070-a289-1db03b7edf5d"",""replica"":""f86045b6-3f78-4936-9514-5e0ec312fe70""}",2026-10-06T15:49:31.618558760Z
"  File ""/usr/local/lib/python3.11/socket.py"", line 718, in readinto",error,"{""level"":""error""}","{""project"":""266422dc-3751-4146-8a47-1dfd7aeb7284"",""environment"":""950bdac5-fb40-4f70-8ccf-1facce88154b"",""service"":""b741f367-8920-4dad-ba9f-21940f6bcfe7"",""deployment"":""8b9c732a-1566-4070-a289-1db03b7edf5d"",""replica"":""f86045b6-3f78-4936-9514-5e0ec312fe70""}",2026-10-06T15:49:31.618563655Z
    return self._sock.recv_into(b),error,"{""level"":""error""}","{""project"":""266422dc-3751-4146-8a47-1dfd7aeb7284"",""environment"":""950bdac5-fb40-4f70-8ccf-1facce88154b"",""service"":""b741f367-8920-4dad-ba9f-21940f6bcfe7"",""deployment"":""8b9c732a-1566-4070-a289-1db03b7edf5d"",""replica"":""f86045b6-3f78-4936-9514-5e0ec312fe70""}",2026-10-06T15:49:31.618568314Z
           ^^^^^^^^^^^^^^^^^^^^^^^,error,"{""level"":""error""}","{""project"":""266422dc-3751-4146-8a47-1dfd7aeb7284"",""environment"":""950bdac5-fb40-4f70-8ccf-1facce88154b"",""service"":""b741f367-8920-4dad-ba9f-21940f6bcfe7"",""deployment"":""8b9c732a-1566-4070-a289-1db03b7edf5d"",""replica"":""f86045b6-3f78-4936-9514-5e0ec312fe70""}",2026-10-06T15:49:31.618574080Z
"  File ""/usr/local/lib/python3.11/ssl.py"", line 1314, in recv_into",error,"{""level"":""error""}","{""project"":""266422dc-3751-4146-8a47-1dfd7aeb7284"",""environment"":""950bdac5-fb40-4f70-8ccf-1facce88154b"",""service"":""b741f367-8920-4dad-ba9f-21940f6bcfe7"",""deployment"":""8b9c732a-1566-4070-a289-1db03b7edf5d"",""replica"":""f86045b6-3f78-4936-9514-5e0ec312fe70""}",2026-10-06T15:49:31.618579945Z
"    return self.read(nbytes, buffer)",error,"{""level"":""error""}","{""project"":""266422dc-3751-4146-8a47-1dfd7aeb7284"",""environment"":""950bdac5-fb40-4f70-8ccf-1facce88154b"",""service"":""b741f367-8920-4dad-ba9f-21940f6bcfe7"",""deployment"":""8b9c732a-1566-4070-a289-1db03b7edf5d"",""replica"":""f86045b6-3f78-4936-9514-5e0ec312fe70""}",2026-10-06T15:49:31.618585079Z
           ^^^^^^^^^^^^^^^^^^^^^^^^^,error,"{""level"":""error""}","{""project"":""266422dc-3751-4146-8a47-1dfd7aeb7284"",""environment"":""950bdac5-fb40-4f70-8ccf-1facce88154b"",""service"":""b741f367-8920-4dad-ba9f-21940f6bcfe7"",""deployment"":""8b9c732a-1566-4070-a289-1db03b7edf5d"",""replica"":""f86045b6-3f78-4936-9514-5e0ec312fe70""}",2026-10-06T15:49:31.618589601Z
"  File ""/usr/local/lib/python3.11/ssl.py"", line 1166, in read",error,"{""level"":""error""}","{""project"":""266422dc-3751-4146-8a47-1dfd7aeb7284"",""environment"":""950bdac5-fb40-4f70-8ccf-1facce88154b"",""service"":""b741f367-8920-4dad-ba9f-21940f6bcfe7"",""deployment"":""8b9c732a-1566-4070-a289-1db03b7edf5d"",""replica"":""f86045b6-3f78-4936-9514-5e0ec312fe70""}",2026-10-06T15:49:31.618594522Z
"    return self._sslobj.read(len, buffer)",error,"{""level"":""error""}","{""project"":""266422dc-3751-4146-8a47-1dfd7aeb7284"",""environment"":""950bdac5-fb40-4f70-8ccf-1facce88154b"",""service"":""b741f367-8920-4dad-ba9f-21940f6bcfe7"",""deployment"":""8b9c732a-1566-4070-a289-1db03b7edf5d"",""replica"":""f86045b6-3f78-4936-9514-5e0ec312fe70""}",2026-10-06T15:49:31.618599153Z
           ^^^^^^^^^^^^^^^^^^^^^^^^^^^^^^,error,"{""level"":""error""}","{""project"":""266422dc-3751-4146-8a47-1dfd7aeb7284"",""environment"":""950bdac5-fb40-4f70-8ccf-1facce88154b"",""service"":""b741f367-8920-4dad-ba9f-21940f6bcfe7"",""deployment"":""8b9c732a-1566-4070-a289-1db03b7edf5d"",""replica"":""f86045b6-3f78-4936-9514-5e0ec312fe70""}",2026-10-06T15:49:31.618603005Z
TimeoutError: The read operation timed out,error,"{""level"":""error""}","{""project"":""266422dc-3751-4146-8a47-1dfd7aeb7284"",""environment"":""950bdac5-fb40-4f70-8ccf-1facce88154b"",""service"":""b741f367-8920-4dad-ba9f-21940f6bcfe7"",""deployment"":""8b9c732a-1566-4070-a289-1db03b7edf5d"",""replica"":""f86045b6-3f78-4936-9514-5e0ec312fe70""}",2026-10-06T15:49:31.618607372Z
"2026-10-06 15:49:31,564 | INFO | ✅ Job complete: utp-e0f83080-87c1-f111-aaaf-002248df2f15-553164",error,"{""level"":""error""}","{""project"":""266422dc-3751-4146-8a47-1dfd7aeb7284"",""environment"":""950bdac5-fb40-4f70-8ccf-1facce88154b"",""service"":""b741f367-8920-4dad-ba9f-21940f6bcfe7"",""deployment"":""8b9c732a-1566-4070-a289-1db03b7edf5d"",""replica"":""f86045b6-3f78-4936-9514-5e0ec312fe70""}",2026-10-06T15:49:31.618610763Z
"2026-10-06 15:49:31,585 | INFO | Successfully completed app.tasks.process_report_job({'student_id': 'e0f83080-87c1-f111-aaaf-002248df2f15-553164', 'job_id': 'ut...) job in 0:01:28.638148s on worker b5e69e8a03c04f99b4db89e7f339f764",error,"{""level"":""error""}","{""project"":""266422dc-3751-4146-8a47-1dfd7aeb7284"",""environment"":""950bdac5-fb40-4f70-8ccf-1facce88154b"",""service"":""b741f367-8920-4dad-ba9f-21940f6bcfe7"",""deployment"":""8b9c732a-1566-4070-a289-1db03b7edf5d"",""replica"":""f86045b6-3f78-4936-9514-5e0ec312fe70""}",2026-10-06T15:49:31.618614028Z
"2026-10-06 15:49:31,585 | INFO | Worker b5e69e8a03c04f99b4db89e7f339f764: reports: Job OK (utp-e0f83080-87c1-f111-aaaf-002248df2f15-553164)",error,"{""level"":""error""}","{""project"":""266422dc-3751-4146-8a47-1dfd7aeb7284"",""environment"":""950bdac5-fb40-4f70-8ccf-1facce88154b"",""service"":""b741f367-8920-4dad-ba9f-21940f6bcfe7"",""deployment"":""8b9c732a-1566-4070-a289-1db03b7edf5d"",""replica"":""f86045b6-3f78-4936-9514-5e0ec312fe70""}",2026-10-06T15:49:31.618617725Z
"2026-10-06 15:49:31,586 | INFO | Worker b5e69e8a03c04f99b4db89e7f339f764: job utp-e0f83080-87c1-f111-aaaf-002248df2f15-553164 result is kept for 500 seconds",error,"{""level"":""error""}","{""project"":""266422dc-3751-4146-8a47-1dfd7aeb7284"",""environment"":""950bdac5-fb40-4f70-8ccf-1facce88154b"",""service"":""b741f367-8920-4dad-ba9f-21940f6bcfe7"",""deployment"":""8b9c732a-1566-4070-a289-1db03b7edf5d"",""replica"":""f86045b6-3f78-4936-9514-5e0ec312fe70""}",2026-10-06T15:49:31.618621564Z
    return fn(),error,"{""level"":""error""}","{""project"":""266422dc-3751-4146-8a47-1dfd7aeb7284"",""environment"":""950bdac5-fb40-4f70-8ccf-1facce88154b"",""service"":""b741f367-8920-4dad-ba9f-21940f6bcfe7"",""deployment"":""8b9c732a-1566-4070-a289-1db03b7edf5d"",""replica"":""e9529e4a-c029-42c5-9d7b-44a956ef3bea""}",2026-10-06T15:49:32.037257307Z
           ^^^^,error,"{""level"":""error""}","{""project"":""266422dc-3751-4146-8a47-1dfd7aeb7284"",""environment"":""950bdac5-fb40-4f70-8ccf-1facce88154b"",""service"":""b741f367-8920-4dad-ba9f-21940f6bcfe7"",""deployment"":""8b9c732a-1566-4070-a289-1db03b7edf5d"",""replica"":""e9529e4a-c029-42c5-9d7b-44a956ef3bea""}",2026-10-06T15:49:32.037265717Z
"  File ""/app/app/pipeline/sheets_updater.py"", line 89, in <lambda>",error,"{""level"":""error""}","{""project"":""266422dc-3751-4146-8a47-1dfd7aeb7284"",""environment"":""950bdac5-fb40-4f70-8ccf-1facce88154b"",""service"":""b741f367-8920-4dad-ba9f-21940f6bcfe7"",""deployment"":""8b9c732a-1566-4070-a289-1db03b7edf5d"",""replica"":""e9529e4a-c029-42c5-9d7b-44a956ef3bea""}",2026-10-06T15:49:32.037271087Z
    ).execute(),error,"{""level"":""error""}","{""project"":""266422dc-3751-4146-8a47-1dfd7aeb7284"",""environment"":""950bdac5-fb40-4f70-8ccf-1facce88154b"",""service"":""b741f367-8920-4dad-ba9f-21940f6bcfe7"",""deployment"":""8b9c732a-1566-4070-a289-1db03b7edf5d"",""replica"":""e9529e4a-c029-42c5-9d7b-44a956ef3bea""}",2026-10-06T15:49:32.037275556Z
      ^^^^^^^^^,error,"{""level"":""error""}","{""project"":""266422dc-3751-4146-8a47-1dfd7aeb7284"",""environment"":""950bdac5-fb40-4f70-8ccf-1facce88154b"",""service"":""b741f367-8920-4dad-ba9f-21940f6bcfe7"",""deployment"":""8b9c732a-1566-4070-a289-1db03b7edf5d"",""replica"":""e9529e4a-c029-42c5-9d7b-44a956ef3bea""}",2026-10-06T15:49:32.037279856Z
"  File ""/usr/local/lib/python3.11/site-packages/googleapiclient/_helpers.py"", line 130, in positional_wrapper",error,"{""level"":""error""}","{""project"":""266422dc-3751-4146-8a47-1dfd7aeb7284"",""environment"":""950bdac5-fb40-4f70-8ccf-1facce88154b"",""service"":""b741f367-8920-4dad-ba9f-21940f6bcfe7"",""deployment"":""8b9c732a-1566-4070-a289-1db03b7edf5d"",""replica"":""e9529e4a-c029-42c5-9d7b-44a956ef3bea""}",2026-10-06T15:49:32.037285766Z
"    return wrapped(*args, **kwargs)",error,"{""level"":""error""}","{""project"":""266422dc-3751-4146-8a47-1dfd7aeb7284"",""environment"":""950bdac5-fb40-4f70-8ccf-1facce88154b"",""service"":""b741f367-8920-4dad-ba9f-21940f6bcfe7"",""deployment"":""8b9c732a-1566-4070-a289-1db03b7edf5d"",""replica"":""e9529e4a-c029-42c5-9d7b-44a956ef3bea""}",2026-10-06T15:49:32.037292016Z
"2026-10-06 15:49:22,086 | ERROR | ⚠️ Failed to update status sheet (non-fatal)",error,"{""level"":""error""}","{""project"":""266422dc-3751-4146-8a47-1dfd7aeb7284"",""environment"":""950bdac5-fb40-4f70-8ccf-1facce88154b"",""service"":""b741f367-8920-4dad-ba9f-21940f6bcfe7"",""deployment"":""8b9c732a-1566-4070-a289-1db03b7edf5d"",""replica"":""e9529e4a-c029-42c5-9d7b-44a956ef3bea""}",2026-10-06T15:49:32.037293546Z
           ^^^^^^^^^^^^^^^^^^^^^^^^,error,"{""level"":""error""}","{""project"":""266422dc-3751-4146-8a47-1dfd7aeb7284"",""environment"":""950bdac5-fb40-4f70-8ccf-1facce88154b"",""service"":""b741f367-8920-4dad-ba9f-21940f6bcfe7"",""deployment"":""8b9c732a-1566-4070-a289-1db03b7edf5d"",""replica"":""e9529e4a-c029-42c5-9d7b-44a956ef3bea""}",2026-10-06T15:49:32.037296776Z
"  File ""/usr/local/lib/python3.11/site-packages/googleapiclient/http.py"", line 1003, in execute",error,"{""level"":""error""}","{""project"":""266422dc-3751-4146-8a47-1dfd7aeb7284"",""environment"":""950bdac5-fb40-4f70-8ccf-1facce88154b"",""service"":""b741f367-8920-4dad-ba9f-21940f6bcfe7"",""deployment"":""8b9c732a-1566-4070-a289-1db03b7edf5d"",""replica"":""e9529e4a-c029-42c5-9d7b-44a956ef3bea""}",2026-10-06T15:49:32.037302786Z
Traceback (most recent call last):,error,"{""level"":""error""}","{""project"":""266422dc-3751-4146-8a47-1dfd7aeb7284"",""environment"":""950bdac5-fb40-4f70-8ccf-1facce88154b"",""service"":""b741f367-8920-4dad-ba9f-21940f6bcfe7"",""deployment"":""8b9c732a-1566-4070-a289-1db03b7edf5d"",""replica"":""e9529e4a-c029-42c5-9d7b-44a956ef3bea""}",2026-10-06T15:49:32.037306096Z
"    resp, content = _retry_request(",error,"{""level"":""error""}","{""project"":""266422dc-3751-4146-8a47-1dfd7aeb7284"",""environment"":""950bdac5-fb40-4f70-8ccf-1facce88154b"",""service"":""b741f367-8920-4dad-ba9f-21940f6bcfe7"",""deployment"":""8b9c732a-1566-4070-a289-1db03b7edf5d"",""replica"":""e9529e4a-c029-42c5-9d7b-44a956ef3bea""}",2026-10-06T15:49:32.037307826Z
                    ^^^^^^^^^^^^^^^,error,"{""level"":""error""}","{""project"":""266422dc-3751-4146-8a47-1dfd7aeb7284"",""environment"":""950bdac5-fb40-4f70-8ccf-1facce88154b"",""service"":""b741f367-8920-4dad-ba9f-21940f6bcfe7"",""deployment"":""8b9c732a-1566-4070-a289-1db03b7edf5d"",""replica"":""e9529e4a-c029-42c5-9d7b-44a956ef3bea""}",2026-10-06T15:49:32.037311996Z
"  File ""/usr/local/lib/python3.11/site-packages/googleapiclient/http.py"", line 222, in _retry_request",error,"{""level"":""error""}","{""project"":""266422dc-3751-4146-8a47-1dfd7aeb7284"",""environment"":""950bdac5-fb40-4f70-8ccf-1facce88154b"",""service"":""b741f367-8920-4dad-ba9f-21940f6bcfe7"",""deployment"":""8b9c732a-1566-4070-a289-1db03b7edf5d"",""replica"":""e9529e4a-c029-42c5-9d7b-44a956ef3bea""}",2026-10-06T15:49:32.037316426Z
    raise exception,error,"{""level"":""error""}","{""project"":""266422dc-3751-4146-8a47-1dfd7aeb7284"",""environment"":""950bdac5-fb40-4f70-8ccf-1facce88154b"",""service"":""b741f367-8920-4dad-ba9f-21940f6bcfe7"",""deployment"":""8b9c732a-1566-4070-a289-1db03b7edf5d"",""replica"":""e9529e4a-c029-42c5-9d7b-44a956ef3bea""}",2026-10-06T15:49:32.037321986Z
"  File ""/usr/local/lib/python3.11/site-packages/googleapiclient/http.py"", line 191, in _retry_request",error,"{""level"":""error""}","{""project"":""266422dc-3751-4146-8a47-1dfd7aeb7284"",""environment"":""950bdac5-fb40-4f70-8ccf-1facce88154b"",""service"":""b741f367-8920-4dad-ba9f-21940f6bcfe7"",""deployment"":""8b9c732a-1566-4070-a289-1db03b7edf5d"",""replica"":""e9529e4a-c029-42c5-9d7b-44a956ef3bea""}",2026-10-06T15:49:32.037327056Z
"  File ""/app/app/pipeline/sheets_updater.py"", line 186, in update_student_status",error,"{""level"":""error""}","{""project"":""266422dc-3751-4146-8a47-1dfd7aeb7284"",""environment"":""950bdac5-fb40-4f70-8ccf-1facce88154b"",""service"":""b741f367-8920-4dad-ba9f-21940f6bcfe7"",""deployment"":""8b9c732a-1566-4070-a289-1db03b7edf5d"",""replica"":""e9529e4a-c029-42c5-9d7b-44a956ef3bea""}",2026-10-06T15:49:32.037329025Z
"    _ensure_headers(service, spreadsheet_id)",error,"{""level"":""error""}","{""project"":""266422dc-3751-4146-8a47-1dfd7aeb7284"",""environment"":""950bdac5-fb40-4f70-8ccf-1facce88154b"",""service"":""b741f367-8920-4dad-ba9f-21940f6bcfe7"",""deployment"":""8b9c732a-1566-4070-a289-1db03b7edf5d"",""replica"":""e9529e4a-c029-42c5-9d7b-44a956ef3bea""}",2026-10-06T15:49:32.037335055Z
"  File ""/app/app/pipeline/sheets_updater.py"", line 85, in _ensure_headers",error,"{""level"":""error""}","{""project"":""266422dc-3751-4146-8a47-1dfd7aeb7284"",""environment"":""950bdac5-fb40-4f70-8ccf-1facce88154b"",""service"":""b741f367-8920-4dad-ba9f-21940f6bcfe7"",""deployment"":""8b9c732a-1566-4070-a289-1db03b7edf5d"",""replica"":""e9529e4a-c029-42c5-9d7b-44a956ef3bea""}",2026-10-06T15:49:32.037340755Z
    result = _with_backoff(lambda: (,error,"{""level"":""error""}","{""project"":""266422dc-3751-4146-8a47-1dfd7aeb7284"",""environment"":""950bdac5-fb40-4f70-8ccf-1facce88154b"",""service"":""b741f367-8920-4dad-ba9f-21940f6bcfe7"",""deployment"":""8b9c732a-1566-4070-a289-1db03b7edf5d"",""replica"":""e9529e4a-c029-42c5-9d7b-44a956ef3bea""}",2026-10-06T15:49:32.037346775Z
             ^^^^^^^^^^^^^^^^^^^^^^^,error,"{""level"":""error""}","{""project"":""266422dc-3751-4146-8a47-1dfd7aeb7284"",""environment"":""950bdac5-fb40-4f70-8ccf-1facce88154b"",""service"":""b741f367-8920-4dad-ba9f-21940f6bcfe7"",""deployment"":""8b9c732a-1566-4070-a289-1db03b7edf5d"",""replica"":""e9529e4a-c029-42c5-9d7b-44a956ef3bea""}",2026-10-06T15:49:32.037352265Z
"  File ""/app/app/pipeline/sheets_updater.py"", line 70, in _with_backoff",error,"{""level"":""error""}","{""project"":""266422dc-3751-4146-8a47-1dfd7aeb7284"",""environment"":""950bdac5-fb40-4f70-8ccf-1facce88154b"",""service"":""b741f367-8920-4dad-ba9f-21940f6bcfe7"",""deployment"":""8b9c732a-1566-4070-a289-1db03b7edf5d"",""replica"":""e9529e4a-c029-42c5-9d7b-44a956ef3bea""}",2026-10-06T15:49:32.037357465Z
"    resp, content = http.request(uri, method, *args, **kwargs)",error,"{""level"":""error""}","{""project"":""266422dc-3751-4146-8a47-1dfd7aeb7284"",""environment"":""950bdac5-fb40-4f70-8ccf-1facce88154b"",""service"":""b741f367-8920-4dad-ba9f-21940f6bcfe7"",""deployment"":""8b9c732a-1566-4070-a289-1db03b7edf5d"",""replica"":""e9529e4a-c029-42c5-9d7b-44a956ef3bea""}",2026-10-06T15:49:32.037673519Z
                    ^^^^^^^^^^^^^^^^^^^^^^^^^^^^^^^^^^^^^^^^^^,error,"{""level"":""error""}","{""project"":""266422dc-3751-4146-8a47-1dfd7aeb7284"",""environment"":""950bdac5-fb40-4f70-8ccf-1facce88154b"",""service"":""b741f367-8920-4dad-ba9f-21940f6bcfe7"",""deployment"":""8b9c732a-1566-4070-a289-1db03b7edf5d"",""replica"":""e9529e4a-c029-42c5-9d7b-44a956ef3bea""}",2026-10-06T15:49:32.037678479Z
"  File ""/usr/local/lib/python3.11/site-packages/google_auth_httplib2.py"", line 214, in request",error,"{""level"":""error""}","{""project"":""266422dc-3751-4146-8a47-1dfd7aeb7284"",""environment"":""950bdac5-fb40-4f70-8ccf-1facce88154b"",""service"":""b741f367-8920-4dad-ba9f-21940f6bcfe7"",""deployment"":""8b9c732a-1566-4070-a289-1db03b7edf5d"",""replica"":""e9529e4a-c029-42c5-9d7b-44a956ef3bea""}",2026-10-06T15:49:32.037683299Z
"    response, content = self.http.request(",error,"{""level"":""error""}","{""project"":""266422dc-3751-4146-8a47-1dfd7aeb7284"",""environment"":""950bdac5-fb40-4f70-8ccf-1facce88154b"",""service"":""b741f367-8920-4dad-ba9f-21940f6bcfe7"",""deployment"":""8b9c732a-1566-4070-a289-1db03b7edf5d"",""replica"":""e9529e4a-c029-42c5-9d7b-44a956ef3bea""}",2026-10-06T15:49:32.037686239Z
                        ^^^^^^^^^^^^^^^^^^,error,"{""level"":""error""}","{""project"":""266422dc-3751-4146-8a47-1dfd7aeb7284"",""environment"":""950bdac5-fb40-4f70-8ccf-1facce88154b"",""service"":""b741f367-8920-4dad-ba9f-21940f6bcfe7"",""deployment"":""8b9c732a-1566-4070-a289-1db03b7edf5d"",""replica"":""e9529e4a-c029-42c5-9d7b-44a956ef3bea""}",2026-10-06T15:49:32.037690459Z
"  File ""/usr/local/lib/python3.11/site-packages/httplib2/__init__.py"", line 1755, in request",error,"{""level"":""error""}","{""project"":""266422dc-3751-4146-8a47-1dfd7aeb7284"",""environment"":""950bdac5-fb40-4f70-8ccf-1facce88154b"",""service"":""b741f367-8920-4dad-ba9f-21940f6bcfe7"",""deployment"":""8b9c732a-1566-4070-a289-1db03b7edf5d"",""replica"":""e9529e4a-c029-42c5-9d7b-44a956ef3bea""}",2026-10-06T15:49:32.037693999Z
"    (response, content) = self._request(",error,"{""level"":""error""}","{""project"":""266422dc-3751-4146-8a47-1dfd7aeb7284"",""environment"":""950bdac5-fb40-4f70-8ccf-1facce88154b"",""service"":""b741f367-8920-4dad-ba9f-21940f6bcfe7"",""deployment"":""8b9c732a-1566-4070-a289-1db03b7edf5d"",""replica"":""e9529e4a-c029-42c5-9d7b-44a956ef3bea""}",2026-10-06T15:49:32.037696679Z
                          ^^^^^^^^^^^^^^,error,"{""level"":""error""}","{""project"":""266422dc-3751-4146-8a47-1dfd7aeb7284"",""environment"":""950bdac5-fb40-4f70-8ccf-1facce88154b"",""service"":""b741f367-8920-4dad-ba9f-21940f6bcfe7"",""deployment"":""8b9c732a-1566-4070-a289-1db03b7edf5d"",""replica"":""e9529e4a-c029-42c5-9d7b-44a956ef3bea""}",2026-10-06T15:49:32.037699729Z
"  File ""/usr/local/lib/python3.11/site-packages/httplib2/__init__.py"", line 1475, in _request",error,"{""level"":""error""}","{""project"":""266422dc-3751-4146-8a47-1dfd7aeb7284"",""environment"":""950bdac5-fb40-4f70-8ccf-1facce88154b"",""service"":""b741f367-8920-4dad-ba9f-21940f6bcfe7"",""deployment"":""8b9c732a-1566-4070-a289-1db03b7edf5d"",""replica"":""e9529e4a-c029-42c5-9d7b-44a956ef3bea""}",2026-10-06T15:49:32.037702809Z
"    (response, content) = self._conn_request(conn, request_uri, method, body, headers)",error,"{""level"":""error""}","{""project"":""266422dc-3751-4146-8a47-1dfd7aeb7284"",""environment"":""950bdac5-fb40-4f70-8ccf-1facce88154b"",""service"":""b741f367-8920-4dad-ba9f-21940f6bcfe7"",""deployment"":""8b9c732a-1566-4070-a289-1db03b7edf5d"",""replica"":""e9529e4a-c029-42c5-9d7b-44a956ef3bea""}",2026-10-06T15:49:32.037705619Z
                          ^^^^^^^^^^^^^^^^^^^^^^^^^^^^^^^^^^^^^^^^^^^^^^^^^^^^^^^^^^^^,error,"{""level"":""error""}","{""project"":""266422dc-3751-4146-8a47-1dfd7aeb7284"",""environment"":""950bdac5-fb40-4f70-8ccf-1facce88154b"",""service"":""b741f367-8920-4dad-ba9f-21940f6bcfe7"",""deployment"":""8b9c732a-1566-4070-a289-1db03b7edf5d"",""replica"":""e9529e4a-c029-42c5-9d7b-44a956ef3bea""}",2026-10-06T15:49:32.037708309Z
"  File ""/usr/local/lib/python3.11/site-packages/httplib2/__init__.py"", line 1427, in _conn_request",error,"{""level"":""error""}","{""project"":""266422dc-3751-4146-8a47-1dfd7aeb7284"",""environment"":""950bdac5-fb40-4f70-8ccf-1facce88154b"",""service"":""b741f367-8920-4dad-ba9f-21940f6bcfe7"",""deployment"":""8b9c732a-1566-4070-a289-1db03b7edf5d"",""replica"":""e9529e4a-c029-42c5-9d7b-44a956ef3bea""}",2026-10-06T15:49:32.037711979Z
    response = conn.getresponse(),error,"{""level"":""error""}","{""project"":""266422dc-3751-4146-8a47-1dfd7aeb7284"",""environment"":""950bdac5-fb40-4f70-8ccf-1facce88154b"",""service"":""b741f367-8920-4dad-ba9f-21940f6bcfe7"",""deployment"":""8b9c732a-1566-4070-a289-1db03b7edf5d"",""replica"":""e9529e4a-c029-42c5-9d7b-44a956ef3bea""}",2026-10-06T15:49:32.037715519Z
               ^^^^^^^^^^^^^^^^^^,error,"{""level"":""error""}","{""project"":""266422dc-3751-4146-8a47-1dfd7aeb7284"",""environment"":""950bdac5-fb40-4f70-8ccf-1facce88154b"",""service"":""b741f367-8920-4dad-ba9f-21940f6bcfe7"",""deployment"":""8b9c732a-1566-4070-a289-1db03b7edf5d"",""replica"":""e9529e4a-c029-42c5-9d7b-44a956ef3bea""}",2026-10-06T15:49:32.037719189Z
"  File ""/usr/local/lib/python3.11/http/client.py"", line 1443, in getresponse",error,"{""level"":""error""}","{""project"":""266422dc-3751-4146-8a47-1dfd7aeb7284"",""environment"":""950bdac5-fb40-4f70-8ccf-1facce88154b"",""service"":""b741f367-8920-4dad-ba9f-21940f6bcfe7"",""deployment"":""8b9c732a-1566-4070-a289-1db03b7edf5d"",""replica"":""e9529e4a-c029-42c5-9d7b-44a956ef3bea""}",2026-10-06T15:49:32.037725508Z
    response.begin(),error,"{""level"":""error""}","{""project"":""266422dc-3751-4146-8a47-1dfd7aeb7284"",""environment"":""950bdac5-fb40-4f70-8ccf-1facce88154b"",""service"":""b741f367-8920-4dad-ba9f-21940f6bcfe7"",""deployment"":""8b9c732a-1566-4070-a289-1db03b7edf5d"",""replica"":""e9529e4a-c029-42c5-9d7b-44a956ef3bea""}",2026-10-06T15:49:32.037734868Z
"  File ""/usr/local/lib/python3.11/http/client.py"", line 337, in begin",error,"{""level"":""error""}","{""project"":""266422dc-3751-4146-8a47-1dfd7aeb7284"",""environment"":""950bdac5-fb40-4f70-8ccf-1facce88154b"",""service"":""b741f367-8920-4dad-ba9f-21940f6bcfe7"",""deployment"":""8b9c732a-1566-4070-a289-1db03b7edf5d"",""replica"":""e9529e4a-c029-42c5-9d7b-44a956ef3bea""}",2026-10-06T15:49:32.037739718Z
"    version, status, reason = self._read_status()",error,"{""level"":""error""}","{""project"":""266422dc-3751-4146-8a47-1dfd7aeb7284"",""environment"":""950bdac5-fb40-4f70-8ccf-1facce88154b"",""service"":""b741f367-8920-4dad-ba9f-21940f6bcfe7"",""deployment"":""8b9c732a-1566-4070-a289-1db03b7edf5d"",""replica"":""e9529e4a-c029-42c5-9d7b-44a956ef3bea""}",2026-10-06T15:49:32.037744398Z
                              ^^^^^^^^^^^^^^^^^^^,error,"{""level"":""error""}","{""project"":""266422dc-3751-4146-8a47-1dfd7aeb7284"",""environment"":""950bdac5-fb40-4f70-8ccf-1facce88154b"",""service"":""b741f367-8920-4dad-ba9f-21940f6bcfe7"",""deployment"":""8b9c732a-1566-4070-a289-1db03b7edf5d"",""replica"":""e9529e4a-c029-42c5-9d7b-44a956ef3bea""}",2026-10-06T15:49:32.037748488Z
"  File ""/usr/local/lib/python3.11/http/client.py"", line 298, in _read_status",error,"{""level"":""error""}","{""project"":""266422dc-3751-4146-8a47-1dfd7aeb7284"",""environment"":""950bdac5-fb40-4f70-8ccf-1facce88154b"",""service"":""b741f367-8920-4dad-ba9f-21940f6bcfe7"",""deployment"":""8b9c732a-1566-4070-a289-1db03b7edf5d"",""replica"":""e9529e4a-c029-42c5-9d7b-44a956ef3bea""}",2026-10-06T15:49:32.037752348Z
"2026-10-06 15:49:22,213 | INFO | Worker 72a8e313346042c9a0ef17192ba90202: reports: app.tasks.process_report_job({'student_id': '0aecebe4-89c1-f111-aaaf-002248df2f15-553163', 'job_id': 'ut...) (utp-0aecebe4-89c1-f111-aaaf-002248df2f15-553163)",error,"{""level"":""error""}","{""project"":""266422dc-3751-4146-8a47-1dfd7aeb7284"",""environment"":""950bdac5-fb40-4f70-8ccf-1facce88154b"",""service"":""b741f367-8920-4dad-ba9f-21940f6bcfe7"",""deployment"":""8b9c732a-1566-4070-a289-1db03b7edf5d"",""replica"":""e9529e4a-c029-42c5-9d7b-44a956ef3bea""}",2026-10-06T15:49:32.040293443Z
"    line = str(self.fp.readline(_MAXLINE + 1), ""iso-8859-1"")",error,"{""level"":""error""}","{""project"":""266422dc-3751-4146-8a47-1dfd7aeb7284"",""environment"":""950bdac5-fb40-4f70-8ccf-1facce88154b"",""service"":""b741f367-8920-4dad-ba9f-21940f6bcfe7"",""deployment"":""8b9c732a-1566-4070-a289-1db03b7edf5d"",""replica"":""e9529e4a-c029-42c5-9d7b-44a956ef3bea""}",2026-10-06T15:49:32.040305612Z
               ^^^^^^^^^^^^^^^^^^^^^^^^^^^^^^,error,"{""level"":""error""}","{""project"":""266422dc-3751-4146-8a47-1dfd7aeb7284"",""environment"":""950bdac5-fb40-4f70-8ccf-1facce88154b"",""service"":""b741f367-8920-4dad-ba9f-21940f6bcfe7"",""deployment"":""8b9c732a-1566-4070-a289-1db03b7edf5d"",""replica"":""e9529e4a-c029-42c5-9d7b-44a956ef3bea""}",2026-10-06T15:49:32.040329512Z
"  File ""/usr/local/lib/python3.11/socket.py"", line 718, in readinto",error,"{""level"":""error""}","{""project"":""266422dc-3751-4146-8a47-1dfd7aeb7284"",""environment"":""950bdac5-fb40-4f70-8ccf-1facce88154b"",""service"":""b741f367-8920-4dad-ba9f-21940f6bcfe7"",""deployment"":""8b9c732a-1566-4070-a289-1db03b7edf5d"",""replica"":""e9529e4a-c029-42c5-9d7b-44a956ef3bea""}",2026-10-06T15:49:32.040334422Z
    return self._sock.recv_into(b),error,"{""level"":""error""}","{""project"":""266422dc-3751-4146-8a47-1dfd7aeb7284"",""environment"":""950bdac5-fb40-4f70-8ccf-1facce88154b"",""service"":""b741f367-8920-4dad-ba9f-21940f6bcfe7"",""deployment"":""8b9c732a-1566-4070-a289-1db03b7edf5d"",""replica"":""e9529e4a-c029-42c5-9d7b-44a956ef3bea""}",2026-10-06T15:49:32.040338722Z
           ^^^^^^^^^^^^^^^^^^^^^^^,error,"{""level"":""error""}","{""project"":""266422dc-3751-4146-8a47-1dfd7aeb7284"",""environment"":""950bdac5-fb40-4f70-8ccf-1facce88154b"",""service"":""b741f367-8920-4dad-ba9f-21940f6bcfe7"",""deployment"":""8b9c732a-1566-4070-a289-1db03b7edf5d"",""replica"":""e9529e4a-c029-42c5-9d7b-44a956ef3bea""}",2026-10-06T15:49:32.040343122Z
"  File ""/usr/local/lib/python3.11/ssl.py"", line 1314, in recv_into",error,"{""level"":""error""}","{""project"":""266422dc-3751-4146-8a47-1dfd7aeb7284"",""environment"":""950bdac5-fb40-4f70-8ccf-1facce88154b"",""service"":""b741f367-8920-4dad-ba9f-21940f6bcfe7"",""deployment"":""8b9c732a-1566-4070-a289-1db03b7edf5d"",""replica"":""e9529e4a-c029-42c5-9d7b-44a956ef3bea""}",2026-10-06T15:49:32.040347642Z
"    return self.read(nbytes, buffer)",error,"{""level"":""error""}","{""project"":""266422dc-3751-4146-8a47-1dfd7aeb7284"",""environment"":""950bdac5-fb40-4f70-8ccf-1facce88154b"",""service"":""b741f367-8920-4dad-ba9f-21940f6bcfe7"",""deployment"":""8b9c732a-1566-4070-a289-1db03b7edf5d"",""replica"":""e9529e4a-c029-42c5-9d7b-44a956ef3bea""}",2026-10-06T15:49:32.040352232Z
           ^^^^^^^^^^^^^^^^^^^^^^^^^,error,"{""level"":""error""}","{""project"":""266422dc-3751-4146-8a47-1dfd7aeb7284"",""environment"":""950bdac5-fb40-4f70-8ccf-1facce88154b"",""service"":""b741f367-8920-4dad-ba9f-21940f6bcfe7"",""deployment"":""8b9c732a-1566-4070-a289-1db03b7edf5d"",""replica"":""e9529e4a-c029-42c5-9d7b-44a956ef3bea""}",2026-10-06T15:49:32.040357382Z
"  File ""/usr/local/lib/python3.11/ssl.py"", line 1166, in read",error,"{""level"":""error""}","{""project"":""266422dc-3751-4146-8a47-1dfd7aeb7284"",""environment"":""950bdac5-fb40-4f70-8ccf-1facce88154b"",""service"":""b741f367-8920-4dad-ba9f-21940f6bcfe7"",""deployment"":""8b9c732a-1566-4070-a289-1db03b7edf5d"",""replica"":""e9529e4a-c029-42c5-9d7b-44a956ef3bea""}",2026-10-06T15:49:32.040411891Z
"    return self._sslobj.read(len, buffer)",error,"{""level"":""error""}","{""project"":""266422dc-3751-4146-8a47-1dfd7aeb7284"",""environment"":""950bdac5-fb40-4f70-8ccf-1facce88154b"",""service"":""b741f367-8920-4dad-ba9f-21940f6bcfe7"",""deployment"":""8b9c732a-1566-4070-a289-1db03b7edf5d"",""replica"":""e9529e4a-c029-42c5-9d7b-44a956ef3bea""}",2026-10-06T15:49:32.040416070Z
           ^^^^^^^^^^^^^^^^^^^^^^^^^^^^^^,error,"{""level"":""error""}","{""project"":""266422dc-3751-4146-8a47-1dfd7aeb7284"",""environment"":""950bdac5-fb40-4f70-8ccf-1facce88154b"",""service"":""b741f367-8920-4dad-ba9f-21940f6bcfe7"",""deployment"":""8b9c732a-1566-4070-a289-1db03b7edf5d"",""replica"":""e9529e4a-c029-42c5-9d7b-44a956ef3bea""}",2026-10-06T15:49:32.040420730Z
TimeoutError: The read operation timed out,error,"{""level"":""error""}","{""project"":""266422dc-3751-4146-8a47-1dfd7aeb7284"",""environment"":""950bdac5-fb40-4f70-8ccf-1facce88154b"",""service"":""b741f367-8920-4dad-ba9f-21940f6bcfe7"",""deployment"":""8b9c732a-1566-4070-a289-1db03b7edf5d"",""replica"":""e9529e4a-c029-42c5-9d7b-44a956ef3bea""}",2026-10-06T15:49:32.040424990Z
"2026-10-06 15:49:22,089 | INFO | ✅ Job complete: utp-efe7c5d8-85c1-f111-aaaf-7ced8da89080-553159",error,"{""level"":""error""}","{""project"":""266422dc-3751-4146-8a47-1dfd7aeb7284"",""environment"":""950bdac5-fb40-4f70-8ccf-1facce88154b"",""service"":""b741f367-8920-4dad-ba9f-21940f6bcfe7"",""deployment"":""8b9c732a-1566-4070-a289-1db03b7edf5d"",""replica"":""e9529e4a-c029-42c5-9d7b-44a956ef3bea""}",2026-10-06T15:49:32.040430320Z
"2026-10-06 15:49:22,151 | INFO | Successfully completed app.tasks.process_report_job({'student_id': 'efe7c5d8-85c1-f111-aaaf-7ced8da89080-553159', 'job_id': 'ut...) job in 0:01:30.733881s on worker 72a8e313346042c9a0ef17192ba90202",error,"{""level"":""error""}","{""project"":""266422dc-3751-4146-8a47-1dfd7aeb7284"",""environment"":""950bdac5-fb40-4f70-8ccf-1facce88154b"",""service"":""b741f367-8920-4dad-ba9f-21940f6bcfe7"",""deployment"":""8b9c732a-1566-4070-a289-1db03b7edf5d"",""replica"":""e9529e4a-c029-42c5-9d7b-44a956ef3bea""}",2026-10-06T15:49:32.040434730Z
"2026-10-06 15:49:22,151 | INFO | Worker 72a8e313346042c9a0ef17192ba90202: reports: Job OK (utp-efe7c5d8-85c1-f111-aaaf-7ced8da89080-553159)",error,"{""level"":""error""}","{""project"":""266422dc-3751-4146-8a47-1dfd7aeb7284"",""environment"":""950bdac5-fb40-4f70-8ccf-1facce88154b"",""service"":""b741f367-8920-4dad-ba9f-21940f6bcfe7"",""deployment"":""8b9c732a-1566-4070-a289-1db03b7edf5d"",""replica"":""e9529e4a-c029-42c5-9d7b-44a956ef3bea""}",2026-10-06T15:49:32.040438820Z
"2026-10-06 15:49:22,151 | INFO | Worker 72a8e313346042c9a0ef17192ba90202: job utp-efe7c5d8-85c1-f111-aaaf-7ced8da89080-553159 result is kept for 500 seconds",error,"{""level"":""error""}","{""project"":""266422dc-3751-4146-8a47-1dfd7aeb7284"",""environment"":""950bdac5-fb40-4f70-8ccf-1facce88154b"",""service"":""b741f367-8920-4dad-ba9f-21940f6bcfe7"",""deployment"":""8b9c732a-1566-4070-a289-1db03b7edf5d"",""replica"":""e9529e4a-c029-42c5-9d7b-44a956ef3bea""}",2026-10-06T15:49:32.040443890Z
"2026-10-06 15:49:22,898 | INFO | ⚙️  Worker starting job | job_id=utp-0aecebe4-89c1-f111-aaaf-002248df2f15-553163 student=KAMIL ALBIAR ALACHE SANCHEZ",error,"{""level"":""error""}","{""project"":""266422dc-3751-4146-8a47-1dfd7aeb7284"",""environment"":""950bdac5-fb40-4f70-8ccf-1facce88154b"",""service"":""b741f367-8920-4dad-ba9f-21940f6bcfe7"",""deployment"":""8b9c732a-1566-4070-a289-1db03b7edf5d"",""replica"":""e9529e4a-c029-42c5-9d7b-44a956ef3bea""}",2026-10-06T15:49:32.042054621Z
"2026-10-06 15:49:22,908 | INFO | determining template...",error,"{""level"":""error""}","{""project"":""266422dc-3751-4146-8a47-1dfd7aeb7284"",""environment"":""950bdac5-fb40-4f70-8ccf-1facce88154b"",""service"":""b741f367-8920-4dad-ba9f-21940f6bcfe7"",""deployment"":""8b9c732a-1566-4070-a289-1db03b7edf5d"",""replica"":""e9529e4a-c029-42c5-9d7b-44a956ef3bea""}",2026-10-06T15:49:32.042060571Z
"2026-10-06 15:49:23,023 | INFO | determining template...",error,"{""level"":""error""}","{""project"":""266422dc-3751-4146-8a47-1dfd7aeb7284"",""environment"":""950bdac5-fb40-4f70-8ccf-1facce88154b"",""service"":""b741f367-8920-4dad-ba9f-21940f6bcfe7"",""deployment"":""8b9c732a-1566-4070-a289-1db03b7edf5d"",""replica"":""e9529e4a-c029-42c5-9d7b-44a956ef3bea""}",2026-10-06T15:49:32.042064711Z
"2026-10-06 15:49:23,023 | INFO | Generating PPTX from template_utp_alumnos.pptx",error,"{""level"":""error""}","{""project"":""266422dc-3751-4146-8a47-1dfd7aeb7284"",""environment"":""950bdac5-fb40-4f70-8ccf-1facce88154b"",""service"":""b741f367-8920-4dad-ba9f-21940f6bcfe7"",""deployment"":""8b9c732a-1566-4070-a289-1db03b7edf5d"",""replica"":""e9529e4a-c029-42c5-9d7b-44a956ef3bea""}",2026-10-06T15:49:32.042068541Z
"2026-10-06 15:49:23,097 | INFO | PPTX written → /app/tmp/jobs/utp-0aecebe4-89c1-f111-aaaf-002248df2f15-553163/report_estudiante.pptx",error,"{""level"":""error""}","{""project"":""266422dc-3751-4146-8a47-1dfd7aeb7284"",""environment"":""950bdac5-fb40-4f70-8ccf-1facce88154b"",""service"":""b741f367-8920-4dad-ba9f-21940f6bcfe7"",""deployment"":""8b9c732a-1566-4070-a289-1db03b7edf5d"",""replica"":""e9529e4a-c029-42c5-9d7b-44a956ef3bea""}",2026-10-06T15:49:32.042073001Z
"2026-10-06 15:49:23,097 | INFO | 🖨️  Sending to Gotenberg: report_estudiante.pptx",error,"{""level"":""error""}","{""project"":""266422dc-3751-4146-8a47-1dfd7aeb7284"",""environment"":""950bdac5-fb40-4f70-8ccf-1facce88154b"",""service"":""b741f367-8920-4dad-ba9f-21940f6bcfe7"",""deployment"":""8b9c732a-1566-4070-a289-1db03b7edf5d"",""replica"":""e9529e4a-c029-42c5-9d7b-44a956ef3bea""}",2026-10-06T15:49:32.042076871Z
"2026-10-06 15:49:28,033 | INFO | ✅ PDF received from Gotenberg: report_estudiante.pdf (1094989 bytes)",error,"{""level"":""error""}","{""project"":""266422dc-3751-4146-8a47-1dfd7aeb7284"",""environment"":""950bdac5-fb40-4f70-8ccf-1facce88154b"",""service"":""b741f367-8920-4dad-ba9f-21940f6bcfe7"",""deployment"":""8b9c732a-1566-4070-a289-1db03b7edf5d"",""replica"":""e9529e4a-c029-42c5-9d7b-44a956ef3bea""}",2026-10-06T15:49:32.042080351Z
"2026-10-06 15:49:28,033 | INFO | Generating PPTX from template_utp_padres.pptx",error,"{""level"":""error""}","{""project"":""266422dc-3751-4146-8a47-1dfd7aeb7284"",""environment"":""950bdac5-fb40-4f70-8ccf-1facce88154b"",""service"":""b741f367-8920-4dad-ba9f-21940f6bcfe7"",""deployment"":""8b9c732a-1566-4070-a289-1db03b7edf5d"",""replica"":""e9529e4a-c029-42c5-9d7b-44a956ef3bea""}",2026-10-06T15:49:32.042083941Z
"2026-10-06 15:49:28,125 | INFO | PPTX written → /app/tmp/jobs/utp-0aecebe4-89c1-f111-aaaf-002248df2f15-553163/report_padres.pptx",error,"{""level"":""error""}","{""project"":""266422dc-3751-4146-8a47-1dfd7aeb7284"",""environment"":""950bdac5-fb40-4f70-8ccf-1facce88154b"",""service"":""b741f367-8920-4dad-ba9f-21940f6bcfe7"",""deployment"":""8b9c732a-1566-4070-a289-1db03b7edf5d"",""replica"":""e9529e4a-c029-42c5-9d7b-44a956ef3bea""}",2026-10-06T15:49:32.042087791Z
"2026-10-06 15:49:28,125 | INFO | 🖨️  Sending to Gotenberg: report_padres.pptx",error,"{""level"":""error""}","{""project"":""266422dc-3751-4146-8a47-1dfd7aeb7284"",""environment"":""950bdac5-fb40-4f70-8ccf-1facce88154b"",""service"":""b741f367-8920-4dad-ba9f-21940f6bcfe7"",""deployment"":""8b9c732a-1566-4070-a289-1db03b7edf5d"",""replica"":""e9529e4a-c029-42c5-9d7b-44a956ef3bea""}",2026-10-06T15:49:32.042091711Z
"2026-10-06 15:49:32,116 | WARNING | No row found for sg_message_id=CuITnWYpSKqYPaiha81IJA (event=delivered)",error,"{""level"":""error""}","{""project"":""266422dc-3751-4146-8a47-1dfd7aeb7284"",""environment"":""950bdac5-fb40-4f70-8ccf-1facce88154b"",""service"":""d36dbcc3-cd55-4a7a-baa1-f1f93642c3cc"",""deployment"":""f80f4047-168d-4653-ac85-441f312f05e5"",""replica"":""b6cfba12-d1ab-4faf-819e-52626ba9340c""}",2026-10-06T15:49:32.724689775Z
"2026-10-06 15:49:33,089 | INFO | ✅ Links written to byw_tracking_algoritmo_AC for 4539eb1b-88c1-f111-aaaf-002248df2f15",error,"{""level"":""error""}","{""project"":""266422dc-3751-4146-8a47-1dfd7aeb7284"",""environment"":""950bdac5-fb40-4f70-8ccf-1facce88154b"",""service"":""b741f367-8920-4dad-ba9f-21940f6bcfe7"",""deployment"":""8b9c732a-1566-4070-a289-1db03b7edf5d"",""replica"":""13815cf3-ad51-45bb-a7bf-ec1917ac87ee""}",2026-10-06T15:49:33.106645923Z
"2026-10-06 15:49:33,582 | INFO | ✅ PDF received from Gotenberg: report_padres.pdf (1362574 bytes)",error,"{""level"":""error""}","{""project"":""266422dc-3751-4146-8a47-1dfd7aeb7284"",""environment"":""950bdac5-fb40-4f70-8ccf-1facce88154b"",""service"":""b741f367-8920-4dad-ba9f-21940f6bcfe7"",""deployment"":""8b9c732a-1566-4070-a289-1db03b7edf5d"",""replica"":""e9529e4a-c029-42c5-9d7b-44a956ef3bea""}",2026-10-06T15:49:33.587104064Z
"2026-10-06 15:49:33,583 | INFO | 📄 PDFs done: ['estudiante', 'padres']",error,"{""level"":""error""}","{""project"":""266422dc-3751-4146-8a47-1dfd7aeb7284"",""environment"":""950bdac5-fb40-4f70-8ccf-1facce88154b"",""service"":""b741f367-8920-4dad-ba9f-21940f6bcfe7"",""deployment"":""8b9c732a-1566-4070-a289-1db03b7edf5d"",""replica"":""e9529e4a-c029-42c5-9d7b-44a956ef3bea""}",2026-10-06T15:49:33.587110194Z
"2026-10-06 15:49:33,583 | INFO | 📤 Upsert historic JSON: kamil.alache15gmail.com_0aecebe4-89c1-f111-aaaf-002248df2f15-553163_input.json",error,"{""level"":""error""}","{""project"":""266422dc-3751-4146-8a47-1dfd7aeb7284"",""environment"":""950bdac5-fb40-4f70-8ccf-1facce88154b"",""service"":""b741f367-8920-4dad-ba9f-21940f6bcfe7"",""deployment"":""8b9c732a-1566-4070-a289-1db03b7edf5d"",""replica"":""e9529e4a-c029-42c5-9d7b-44a956ef3bea""}",2026-10-06T15:49:33.587113124Z
"2026-10-06 15:49:33,615 | INFO | file_cache is only supported with oauth2client<4.0.0",error,"{""level"":""error""}","{""project"":""266422dc-3751-4146-8a47-1dfd7aeb7284"",""environment"":""950bdac5-fb40-4f70-8ccf-1facce88154b"",""service"":""b741f367-8920-4dad-ba9f-21940f6bcfe7"",""deployment"":""8b9c732a-1566-4070-a289-1db03b7edf5d"",""replica"":""e9529e4a-c029-42c5-9d7b-44a956ef3bea""}",2026-10-06T15:49:33.621909283Z
request handled,info,"{""level"":""info"",""ts"":1791301773.5860333,""logger"":""api"",""log_type"":""access"",""correlation_id"":""57b67963-95d6-41da-8fe4-78009ce24d02"",""remote_ip"":""fd12:3f10:bfc4:1:9000:7a:c710:168c"",""host"":""gotenberg.railway.internal:3000"",""uri"":""/forms/libreoffice/convert"",""method"":""POST"",""path"":""/forms/libreoffice/convert"",""referer"":"""",""user_agent"":""python-requests/2.34.2"",""status"":200,""latency"":5448601046,""latency_human"":""5.448601046s"",""bytes_in"":2473207,""bytes_out"":1362574,""trace_id"":""78d168e7b3af5151a6413b1976445de4"",""span_id"":""285942a5fca0d5c6""}","{""project"":""266422dc-3751-4146-8a47-1dfd7aeb7284"",""environment"":""950bdac5-fb40-4f70-8ccf-1facce88154b"",""service"":""6e4b4a7a-c604-411d-9203-fea0668646c4"",""deployment"":""5f1d4817-489a-4c40-9f9e-20d6ff45a00b"",""replica"":""777e03bc-fafc-4de9-ab42-2819f8ac9e9f""}",2026-10-06T15:49:33.846060257Z
"2026-10-06 15:49:34,172 | INFO | ✨ No existing file found, creating fresh historic JSON",error,"{""level"":""error""}","{""project"":""266422dc-3751-4146-8a47-1dfd7aeb7284"",""environment"":""950bdac5-fb40-4f70-8ccf-1facce88154b"",""service"":""b741f367-8920-4dad-ba9f-21940f6bcfe7"",""deployment"":""8b9c732a-1566-4070-a289-1db03b7edf5d"",""replica"":""e9529e4a-c029-42c5-9d7b-44a956ef3bea""}",2026-10-06T15:49:34.179307275Z
"2026-10-06 15:49:35,075 | INFO | 📧 Sending UTP student email to gryelpp1021@gmail.com for cedula=4539eb1b-88c1-f111-aaaf-002248df2f15",error,"{""level"":""error""}","{""project"":""266422dc-3751-4146-8a47-1dfd7aeb7284"",""environment"":""950bdac5-fb40-4f70-8ccf-1facce88154b"",""service"":""b741f367-8920-4dad-ba9f-21940f6bcfe7"",""deployment"":""8b9c732a-1566-4070-a289-1db03b7edf5d"",""replica"":""13815cf3-ad51-45bb-a7bf-ec1917ac87ee""}",2026-10-06T15:49:35.099899564Z
"2026-10-06 15:49:34,085 | WARNING | No row found for sg_message_id=DQkolf5-RzydgXRqgrIJjg (event=delivered)",error,"{""level"":""error""}","{""project"":""266422dc-3751-4146-8a47-1dfd7aeb7284"",""environment"":""950bdac5-fb40-4f70-8ccf-1facce88154b"",""service"":""d36dbcc3-cd55-4a7a-baa1-f1f93642c3cc"",""deployment"":""f80f4047-168d-4653-ac85-441f312f05e5"",""replica"":""b6cfba12-d1ab-4faf-819e-52626ba9340c""}",2026-10-06T15:49:35.141007365Z
"2026-10-06 15:49:35,299 | INFO | 😈 sg_message_id: wCQrpmm_QUuFAQ53Q8e5Kw",error,"{""level"":""error""}","{""project"":""266422dc-3751-4146-8a47-1dfd7aeb7284"",""environment"":""950bdac5-fb40-4f70-8ccf-1facce88154b"",""service"":""b741f367-8920-4dad-ba9f-21940f6bcfe7"",""deployment"":""8b9c732a-1566-4070-a289-1db03b7edf5d"",""replica"":""13815cf3-ad51-45bb-a7bf-ec1917ac87ee""}",2026-10-06T15:49:35.456568463Z
"2026-10-06 15:49:35,299 | INFO | ✅ UTP student email sent to gryelpp1021@gmail.com",error,"{""level"":""error""}","{""project"":""266422dc-3751-4146-8a47-1dfd7aeb7284"",""environment"":""950bdac5-fb40-4f70-8ccf-1facce88154b"",""service"":""b741f367-8920-4dad-ba9f-21940f6bcfe7"",""deployment"":""8b9c732a-1566-4070-a289-1db03b7edf5d"",""replica"":""13815cf3-ad51-45bb-a7bf-ec1917ac87ee""}",2026-10-06T15:49:35.456573143Z
"2026-10-06 15:49:34,991 | ERROR | ⚠️ Failed to update status sheet (non-fatal)",error,"{""level"":""error""}","{""project"":""266422dc-3751-4146-8a47-1dfd7aeb7284"",""environment"":""950bdac5-fb40-4f70-8ccf-1facce88154b"",""service"":""b741f367-8920-4dad-ba9f-21940f6bcfe7"",""deployment"":""8b9c732a-1566-4070-a289-1db03b7edf5d"",""replica"":""a04c56f1-c4bf-408d-950c-a77921c239f0""}",2026-10-06T15:49:36.445607338Z
Traceback (most recent call last):,error,"{""level"":""error""}","{""project"":""266422dc-3751-4146-8a47-1dfd7aeb7284"",""environment"":""950bdac5-fb40-4f70-8ccf-1facce88154b"",""service"":""b741f367-8920-4dad-ba9f-21940f6bcfe7"",""deployment"":""8b9c732a-1566-4070-a289-1db03b7edf5d"",""replica"":""a04c56f1-c4bf-408d-950c-a77921c239f0""}",2026-10-06T15:49:36.445614347Z
"  File ""/app/app/pipeline/sheets_updater.py"", line 186, in update_student_status",error,"{""level"":""error""}","{""project"":""266422dc-3751-4146-8a47-1dfd7aeb7284"",""environment"":""950bdac5-fb40-4f70-8ccf-1facce88154b"",""service"":""b741f367-8920-4dad-ba9f-21940f6bcfe7"",""deployment"":""8b9c732a-1566-4070-a289-1db03b7edf5d"",""replica"":""a04c56f1-c4bf-408d-950c-a77921c239f0""}",2026-10-06T15:49:36.445621117Z
"    _ensure_headers(service, spreadsheet_id)",error,"{""level"":""error""}","{""project"":""266422dc-3751-4146-8a47-1dfd7aeb7284"",""environment"":""950bdac5-fb40-4f70-8ccf-1facce88154b"",""service"":""b741f367-8920-4dad-ba9f-21940f6bcfe7"",""deployment"":""8b9c732a-1566-4070-a289-1db03b7edf5d"",""replica"":""a04c56f1-c4bf-408d-950c-a77921c239f0""}",2026-10-06T15:49:36.445628422Z
"  File ""/app/app/pipeline/sheets_updater.py"", line 85, in _ensure_headers",error,"{""level"":""error""}","{""project"":""266422dc-3751-4146-8a47-1dfd7aeb7284"",""environment"":""950bdac5-fb40-4f70-8ccf-1facce88154b"",""service"":""b741f367-8920-4dad-ba9f-21940f6bcfe7"",""deployment"":""8b9c732a-1566-4070-a289-1db03b7edf5d"",""replica"":""a04c56f1-c4bf-408d-950c-a77921c239f0""}",2026-10-06T15:49:36.445637348Z
    result = _with_backoff(lambda: (,error,"{""level"":""error""}","{""project"":""266422dc-3751-4146-8a47-1dfd7aeb7284"",""environment"":""950bdac5-fb40-4f70-8ccf-1facce88154b"",""service"":""b741f367-8920-4dad-ba9f-21940f6bcfe7"",""deployment"":""8b9c732a-1566-4070-a289-1db03b7edf5d"",""replica"":""a04c56f1-c4bf-408d-950c-a77921c239f0""}",2026-10-06T15:49:36.445645985Z
             ^^^^^^^^^^^^^^^^^^^^^^^,error,"{""level"":""error""}","{""project"":""266422dc-3751-4146-8a47-1dfd7aeb7284"",""environment"":""950bdac5-fb40-4f70-8ccf-1facce88154b"",""service"":""b741f367-8920-4dad-ba9f-21940f6bcfe7"",""deployment"":""8b9c732a-1566-4070-a289-1db03b7edf5d"",""replica"":""a04c56f1-c4bf-408d-950c-a77921c239f0""}",2026-10-06T15:49:36.445652354Z
"  File ""/app/app/pipeline/sheets_updater.py"", line 70, in _with_backoff",error,"{""level"":""error""}","{""project"":""266422dc-3751-4146-8a47-1dfd7aeb7284"",""environment"":""950bdac5-fb40-4f70-8ccf-1facce88154b"",""service"":""b741f367-8920-4dad-ba9f-21940f6bcfe7"",""deployment"":""8b9c732a-1566-4070-a289-1db03b7edf5d"",""replica"":""a04c56f1-c4bf-408d-950c-a77921c239f0""}",2026-10-06T15:49:36.445659334Z
    return fn(),error,"{""level"":""error""}","{""project"":""266422dc-3751-4146-8a47-1dfd7aeb7284"",""environment"":""950bdac5-fb40-4f70-8ccf-1facce88154b"",""service"":""b741f367-8920-4dad-ba9f-21940f6bcfe7"",""deployment"":""8b9c732a-1566-4070-a289-1db03b7edf5d"",""replica"":""a04c56f1-c4bf-408d-950c-a77921c239f0""}",2026-10-06T15:49:36.445665619Z
           ^^^^,error,"{""level"":""error""}","{""project"":""266422dc-3751-4146-8a47-1dfd7aeb7284"",""environment"":""950bdac5-fb40-4f70-8ccf-1facce88154b"",""service"":""b741f367-8920-4dad-ba9f-21940f6bcfe7"",""deployment"":""8b9c732a-1566-4070-a289-1db03b7edf5d"",""replica"":""a04c56f1-c4bf-408d-950c-a77921c239f0""}",2026-10-06T15:49:36.445671301Z
"  File ""/app/app/pipeline/sheets_updater.py"", line 89, in <lambda>",error,"{""level"":""error""}","{""project"":""266422dc-3751-4146-8a47-1dfd7aeb7284"",""environment"":""950bdac5-fb40-4f70-8ccf-1facce88154b"",""service"":""b741f367-8920-4dad-ba9f-21940f6bcfe7"",""deployment"":""8b9c732a-1566-4070-a289-1db03b7edf5d"",""replica"":""a04c56f1-c4bf-408d-950c-a77921c239f0""}",2026-10-06T15:49:36.445677881Z
    ).execute(),error,"{""level"":""error""}","{""project"":""266422dc-3751-4146-8a47-1dfd7aeb7284"",""environment"":""950bdac5-fb40-4f70-8ccf-1facce88154b"",""service"":""b741f367-8920-4dad-ba9f-21940f6bcfe7"",""deployment"":""8b9c732a-1566-4070-a289-1db03b7edf5d"",""replica"":""a04c56f1-c4bf-408d-950c-a77921c239f0""}",2026-10-06T15:49:36.445684705Z
      ^^^^^^^^^,error,"{""level"":""error""}","{""project"":""266422dc-3751-4146-8a47-1dfd7aeb7284"",""environment"":""950bdac5-fb40-4f70-8ccf-1facce88154b"",""service"":""b741f367-8920-4dad-ba9f-21940f6bcfe7"",""deployment"":""8b9c732a-1566-4070-a289-1db03b7edf5d"",""replica"":""a04c56f1-c4bf-408d-950c-a77921c239f0""}",2026-10-06T15:49:36.445691721Z
"  File ""/usr/local/lib/python3.11/site-packages/googleapiclient/_helpers.py"", line 130, in positional_wrapper",error,"{""level"":""error""}","{""project"":""266422dc-3751-4146-8a47-1dfd7aeb7284"",""environment"":""950bdac5-fb40-4f70-8ccf-1facce88154b"",""service"":""b741f367-8920-4dad-ba9f-21940f6bcfe7"",""deployment"":""8b9c732a-1566-4070-a289-1db03b7edf5d"",""replica"":""a04c56f1-c4bf-408d-950c-a77921c239f0""}",2026-10-06T15:49:36.445700359Z
"    return wrapped(*args, **kwargs)",error,"{""level"":""error""}","{""project"":""266422dc-3751-4146-8a47-1dfd7aeb7284"",""environment"":""950bdac5-fb40-4f70-8ccf-1facce88154b"",""service"":""b741f367-8920-4dad-ba9f-21940f6bcfe7"",""deployment"":""8b9c732a-1566-4070-a289-1db03b7edf5d"",""replica"":""a04c56f1-c4bf-408d-950c-a77921c239f0""}",2026-10-06T15:49:36.445706914Z
           ^^^^^^^^^^^^^^^^^^^^^^^^,error,"{""level"":""error""}","{""project"":""266422dc-3751-4146-8a47-1dfd7aeb7284"",""environment"":""950bdac5-fb40-4f70-8ccf-1facce88154b"",""service"":""b741f367-8920-4dad-ba9f-21940f6bcfe7"",""deployment"":""8b9c732a-1566-4070-a289-1db03b7edf5d"",""replica"":""a04c56f1-c4bf-408d-950c-a77921c239f0""}",2026-10-06T15:49:36.445712929Z
"  File ""/usr/local/lib/python3.11/site-packages/googleapiclient/http.py"", line 1003, in execute",error,"{""level"":""error""}","{""project"":""266422dc-3751-4146-8a47-1dfd7aeb7284"",""environment"":""950bdac5-fb40-4f70-8ccf-1facce88154b"",""service"":""b741f367-8920-4dad-ba9f-21940f6bcfe7"",""deployment"":""8b9c732a-1566-4070-a289-1db03b7edf5d"",""replica"":""a04c56f1-c4bf-408d-950c-a77921c239f0""}",2026-10-06T15:49:36.445719150Z
"    resp, content = _retry_request(",error,"{""level"":""error""}","{""project"":""266422dc-3751-4146-8a47-1dfd7aeb7284"",""environment"":""950bdac5-fb40-4f70-8ccf-1facce88154b"",""service"":""b741f367-8920-4dad-ba9f-21940f6bcfe7"",""deployment"":""8b9c732a-1566-4070-a289-1db03b7edf5d"",""replica"":""a04c56f1-c4bf-408d-950c-a77921c239f0""}",2026-10-06T15:49:36.445725974Z
                    ^^^^^^^^^^^^^^^,error,"{""level"":""error""}","{""project"":""266422dc-3751-4146-8a47-1dfd7aeb7284"",""environment"":""950bdac5-fb40-4f70-8ccf-1facce88154b"",""service"":""b741f367-8920-4dad-ba9f-21940f6bcfe7"",""deployment"":""8b9c732a-1566-4070-a289-1db03b7edf5d"",""replica"":""a04c56f1-c4bf-408d-950c-a77921c239f0""}",2026-10-06T15:49:36.445731682Z
"  File ""/usr/local/lib/python3.11/site-packages/googleapiclient/http.py"", line 222, in _retry_request",error,"{""level"":""error""}","{""project"":""266422dc-3751-4146-8a47-1dfd7aeb7284"",""environment"":""950bdac5-fb40-4f70-8ccf-1facce88154b"",""service"":""b741f367-8920-4dad-ba9f-21940f6bcfe7"",""deployment"":""8b9c732a-1566-4070-a289-1db03b7edf5d"",""replica"":""a04c56f1-c4bf-408d-950c-a77921c239f0""}",2026-10-06T15:49:36.445738569Z
    raise exception,error,"{""level"":""error""}","{""project"":""266422dc-3751-4146-8a47-1dfd7aeb7284"",""environment"":""950bdac5-fb40-4f70-8ccf-1facce88154b"",""service"":""b741f367-8920-4dad-ba9f-21940f6bcfe7"",""deployment"":""8b9c732a-1566-4070-a289-1db03b7edf5d"",""replica"":""a04c56f1-c4bf-408d-950c-a77921c239f0""}",2026-10-06T15:49:36.445747480Z
"  File ""/usr/local/lib/python3.11/site-packages/googleapiclient/http.py"", line 191, in _retry_request",error,"{""level"":""error""}","{""project"":""266422dc-3751-4146-8a47-1dfd7aeb7284"",""environment"":""950bdac5-fb40-4f70-8ccf-1facce88154b"",""service"":""b741f367-8920-4dad-ba9f-21940f6bcfe7"",""deployment"":""8b9c732a-1566-4070-a289-1db03b7edf5d"",""replica"":""a04c56f1-c4bf-408d-950c-a77921c239f0""}",2026-10-06T15:49:36.445753702Z
"    resp, content = http.request(uri, method, *args, **kwargs)",error,"{""level"":""error""}","{""project"":""266422dc-3751-4146-8a47-1dfd7aeb7284"",""environment"":""950bdac5-fb40-4f70-8ccf-1facce88154b"",""service"":""b741f367-8920-4dad-ba9f-21940f6bcfe7"",""deployment"":""8b9c732a-1566-4070-a289-1db03b7edf5d"",""replica"":""a04c56f1-c4bf-408d-950c-a77921c239f0""}",2026-10-06T15:49:36.448844887Z
                    ^^^^^^^^^^^^^^^^^^^^^^^^^^^^^^^^^^^^^^^^^^,error,"{""level"":""error""}","{""project"":""266422dc-3751-4146-8a47-1dfd7aeb7284"",""environment"":""950bdac5-fb40-4f70-8ccf-1facce88154b"",""service"":""b741f367-8920-4dad-ba9f-21940f6bcfe7"",""deployment"":""8b9c732a-1566-4070-a289-1db03b7edf5d"",""replica"":""a04c56f1-c4bf-408d-950c-a77921c239f0""}",2026-10-06T15:49:36.448853624Z
"  File ""/usr/local/lib/python3.11/site-packages/google_auth_httplib2.py"", line 214, in request",error,"{""level"":""error""}","{""project"":""266422dc-3751-4146-8a47-1dfd7aeb7284"",""environment"":""950bdac5-fb40-4f70-8ccf-1facce88154b"",""service"":""b741f367-8920-4dad-ba9f-21940f6bcfe7"",""deployment"":""8b9c732a-1566-4070-a289-1db03b7edf5d"",""replica"":""a04c56f1-c4bf-408d-950c-a77921c239f0""}",2026-10-06T15:49:36.448858413Z
"    response, content = self.http.request(",error,"{""level"":""error""}","{""project"":""266422dc-3751-4146-8a47-1dfd7aeb7284"",""environment"":""950bdac5-fb40-4f70-8ccf-1facce88154b"",""service"":""b741f367-8920-4dad-ba9f-21940f6bcfe7"",""deployment"":""8b9c732a-1566-4070-a289-1db03b7edf5d"",""replica"":""a04c56f1-c4bf-408d-950c-a77921c239f0""}",2026-10-06T15:49:36.448862680Z
                        ^^^^^^^^^^^^^^^^^^,error,"{""level"":""error""}","{""project"":""266422dc-3751-4146-8a47-1dfd7aeb7284"",""environment"":""950bdac5-fb40-4f70-8ccf-1facce88154b"",""service"":""b741f367-8920-4dad-ba9f-21940f6bcfe7"",""deployment"":""8b9c732a-1566-4070-a289-1db03b7edf5d"",""replica"":""a04c56f1-c4bf-408d-950c-a77921c239f0""}",2026-10-06T15:49:36.448867579Z
"  File ""/usr/local/lib/python3.11/site-packages/httplib2/__init__.py"", line 1755, in request",error,"{""level"":""error""}","{""project"":""266422dc-3751-4146-8a47-1dfd7aeb7284"",""environment"":""950bdac5-fb40-4f70-8ccf-1facce88154b"",""service"":""b741f367-8920-4dad-ba9f-21940f6bcfe7"",""deployment"":""8b9c732a-1566-4070-a289-1db03b7edf5d"",""replica"":""a04c56f1-c4bf-408d-950c-a77921c239f0""}",2026-10-06T15:49:36.448873953Z
"    (response, content) = self._request(",error,"{""level"":""error""}","{""project"":""266422dc-3751-4146-8a47-1dfd7aeb7284"",""environment"":""950bdac5-fb40-4f70-8ccf-1facce88154b"",""service"":""b741f367-8920-4dad-ba9f-21940f6bcfe7"",""deployment"":""8b9c732a-1566-4070-a289-1db03b7edf5d"",""replica"":""a04c56f1-c4bf-408d-950c-a77921c239f0""}",2026-10-06T15:49:36.448878773Z
                          ^^^^^^^^^^^^^^,error,"{""level"":""error""}","{""project"":""266422dc-3751-4146-8a47-1dfd7aeb7284"",""environment"":""950bdac5-fb40-4f70-8ccf-1facce88154b"",""service"":""b741f367-8920-4dad-ba9f-21940f6bcfe7"",""deployment"":""8b9c732a-1566-4070-a289-1db03b7edf5d"",""replica"":""a04c56f1-c4bf-408d-950c-a77921c239f0""}",2026-10-06T15:49:36.448884706Z
"  File ""/usr/local/lib/python3.11/site-packages/httplib2/__init__.py"", line 1475, in _request",error,"{""level"":""error""}","{""project"":""266422dc-3751-4146-8a47-1dfd7aeb7284"",""environment"":""950bdac5-fb40-4f70-8ccf-1facce88154b"",""service"":""b741f367-8920-4dad-ba9f-21940f6bcfe7"",""deployment"":""8b9c732a-1566-4070-a289-1db03b7edf5d"",""replica"":""a04c56f1-c4bf-408d-950c-a77921c239f0""}",2026-10-06T15:49:36.448890278Z
"    (response, content) = self._conn_request(conn, request_uri, method, body, headers)",error,"{""level"":""error""}","{""project"":""266422dc-3751-4146-8a47-1dfd7aeb7284"",""environment"":""950bdac5-fb40-4f70-8ccf-1facce88154b"",""service"":""b741f367-8920-4dad-ba9f-21940f6bcfe7"",""deployment"":""8b9c732a-1566-4070-a289-1db03b7edf5d"",""replica"":""a04c56f1-c4bf-408d-950c-a77921c239f0""}",2026-10-06T15:49:36.448898347Z
                          ^^^^^^^^^^^^^^^^^^^^^^^^^^^^^^^^^^^^^^^^^^^^^^^^^^^^^^^^^^^^,error,"{""level"":""error""}","{""project"":""266422dc-3751-4146-8a47-1dfd7aeb7284"",""environment"":""950bdac5-fb40-4f70-8ccf-1facce88154b"",""service"":""b741f367-8920-4dad-ba9f-21940f6bcfe7"",""deployment"":""8b9c732a-1566-4070-a289-1db03b7edf5d"",""replica"":""a04c56f1-c4bf-408d-950c-a77921c239f0""}",2026-10-06T15:49:36.448905619Z
"  File ""/usr/local/lib/python3.11/site-packages/httplib2/__init__.py"", line 1427, in _conn_request",error,"{""level"":""error""}","{""project"":""266422dc-3751-4146-8a47-1dfd7aeb7284"",""environment"":""950bdac5-fb40-4f70-8ccf-1facce88154b"",""service"":""b741f367-8920-4dad-ba9f-21940f6bcfe7"",""deployment"":""8b9c732a-1566-4070-a289-1db03b7edf5d"",""replica"":""a04c56f1-c4bf-408d-950c-a77921c239f0""}",2026-10-06T15:49:36.448911703Z
    response = conn.getresponse(),error,"{""level"":""error""}","{""project"":""266422dc-3751-4146-8a47-1dfd7aeb7284"",""environment"":""950bdac5-fb40-4f70-8ccf-1facce88154b"",""service"":""b741f367-8920-4dad-ba9f-21940f6bcfe7"",""deployment"":""8b9c732a-1566-4070-a289-1db03b7edf5d"",""replica"":""a04c56f1-c4bf-408d-950c-a77921c239f0""}",2026-10-06T15:49:36.448917508Z
               ^^^^^^^^^^^^^^^^^^,error,"{""level"":""error""}","{""project"":""266422dc-3751-4146-8a47-1dfd7aeb7284"",""environment"":""950bdac5-fb40-4f70-8ccf-1facce88154b"",""service"":""b741f367-8920-4dad-ba9f-21940f6bcfe7"",""deployment"":""8b9c732a-1566-4070-a289-1db03b7edf5d"",""replica"":""a04c56f1-c4bf-408d-950c-a77921c239f0""}",2026-10-06T15:49:36.448924523Z
"  File ""/usr/local/lib/python3.11/http/client.py"", line 1443, in getresponse",error,"{""level"":""error""}","{""project"":""266422dc-3751-4146-8a47-1dfd7aeb7284"",""environment"":""950bdac5-fb40-4f70-8ccf-1facce88154b"",""service"":""b741f367-8920-4dad-ba9f-21940f6bcfe7"",""deployment"":""8b9c732a-1566-4070-a289-1db03b7edf5d"",""replica"":""a04c56f1-c4bf-408d-950c-a77921c239f0""}",2026-10-06T15:49:36.448932683Z
    response.begin(),error,"{""level"":""error""}","{""project"":""266422dc-3751-4146-8a47-1dfd7aeb7284"",""environment"":""950bdac5-fb40-4f70-8ccf-1facce88154b"",""service"":""b741f367-8920-4dad-ba9f-21940f6bcfe7"",""deployment"":""8b9c732a-1566-4070-a289-1db03b7edf5d"",""replica"":""a04c56f1-c4bf-408d-950c-a77921c239f0""}",2026-10-06T15:49:36.448937638Z
"  File ""/usr/local/lib/python3.11/http/client.py"", line 337, in begin",error,"{""level"":""error""}","{""project"":""266422dc-3751-4146-8a47-1dfd7aeb7284"",""environment"":""950bdac5-fb40-4f70-8ccf-1facce88154b"",""service"":""b741f367-8920-4dad-ba9f-21940f6bcfe7"",""deployment"":""8b9c732a-1566-4070-a289-1db03b7edf5d"",""replica"":""a04c56f1-c4bf-408d-950c-a77921c239f0""}",2026-10-06T15:49:36.448942884Z
"    version, status, reason = self._read_status()",error,"{""level"":""error""}","{""project"":""266422dc-3751-4146-8a47-1dfd7aeb7284"",""environment"":""950bdac5-fb40-4f70-8ccf-1facce88154b"",""service"":""b741f367-8920-4dad-ba9f-21940f6bcfe7"",""deployment"":""8b9c732a-1566-4070-a289-1db03b7edf5d"",""replica"":""a04c56f1-c4bf-408d-950c-a77921c239f0""}",2026-10-06T15:49:36.448949188Z
                              ^^^^^^^^^^^^^^^^^^^,error,"{""level"":""error""}","{""project"":""266422dc-3751-4146-8a47-1dfd7aeb7284"",""environment"":""950bdac5-fb40-4f70-8ccf-1facce88154b"",""service"":""b741f367-8920-4dad-ba9f-21940f6bcfe7"",""deployment"":""8b9c732a-1566-4070-a289-1db03b7edf5d"",""replica"":""a04c56f1-c4bf-408d-950c-a77921c239f0""}",2026-10-06T15:49:36.448953392Z
"  File ""/usr/local/lib/python3.11/http/client.py"", line 298, in _read_status",error,"{""level"":""error""}","{""project"":""266422dc-3751-4146-8a47-1dfd7aeb7284"",""environment"":""950bdac5-fb40-4f70-8ccf-1facce88154b"",""service"":""b741f367-8920-4dad-ba9f-21940f6bcfe7"",""deployment"":""8b9c732a-1566-4070-a289-1db03b7edf5d"",""replica"":""a04c56f1-c4bf-408d-950c-a77921c239f0""}",2026-10-06T15:49:36.448957821Z
"    line = str(self.fp.readline(_MAXLINE + 1), ""iso-8859-1"")",error,"{""level"":""error""}","{""project"":""266422dc-3751-4146-8a47-1dfd7aeb7284"",""environment"":""950bdac5-fb40-4f70-8ccf-1facce88154b"",""service"":""b741f367-8920-4dad-ba9f-21940f6bcfe7"",""deployment"":""8b9c732a-1566-4070-a289-1db03b7edf5d"",""replica"":""a04c56f1-c4bf-408d-950c-a77921c239f0""}",2026-10-06T15:49:36.451700805Z
               ^^^^^^^^^^^^^^^^^^^^^^^^^^^^^^,error,"{""level"":""error""}","{""project"":""266422dc-3751-4146-8a47-1dfd7aeb7284"",""environment"":""950bdac5-fb40-4f70-8ccf-1facce88154b"",""service"":""b741f367-8920-4dad-ba9f-21940f6bcfe7"",""deployment"":""8b9c732a-1566-4070-a289-1db03b7edf5d"",""replica"":""a04c56f1-c4bf-408d-950c-a77921c239f0""}",2026-10-06T15:49:36.451708298Z
"  File ""/usr/local/lib/python3.11/socket.py"", line 718, in readinto",error,"{""level"":""error""}","{""project"":""266422dc-3751-4146-8a47-1dfd7aeb7284"",""environment"":""950bdac5-fb40-4f70-8ccf-1facce88154b"",""service"":""b741f367-8920-4dad-ba9f-21940f6bcfe7"",""deployment"":""8b9c732a-1566-4070-a289-1db03b7edf5d"",""replica"":""a04c56f1-c4bf-408d-950c-a77921c239f0""}",2026-10-06T15:49:36.451714155Z
    return self._sock.recv_into(b),error,"{""level"":""error""}","{""project"":""266422dc-3751-4146-8a47-1dfd7aeb7284"",""environment"":""950bdac5-fb40-4f70-8ccf-1facce88154b"",""service"":""b741f367-8920-4dad-ba9f-21940f6bcfe7"",""deployment"":""8b9c732a-1566-4070-a289-1db03b7edf5d"",""replica"":""a04c56f1-c4bf-408d-950c-a77921c239f0""}",2026-10-06T15:49:36.451723069Z
           ^^^^^^^^^^^^^^^^^^^^^^^,error,"{""level"":""error""}","{""project"":""266422dc-3751-4146-8a47-1dfd7aeb7284"",""environment"":""950bdac5-fb40-4f70-8ccf-1facce88154b"",""service"":""b741f367-8920-4dad-ba9f-21940f6bcfe7"",""deployment"":""8b9c732a-1566-4070-a289-1db03b7edf5d"",""replica"":""a04c56f1-c4bf-408d-950c-a77921c239f0""}",2026-10-06T15:49:36.451729104Z
"  File ""/usr/local/lib/python3.11/ssl.py"", line 1314, in recv_into",error,"{""level"":""error""}","{""project"":""266422dc-3751-4146-8a47-1dfd7aeb7284"",""environment"":""950bdac5-fb40-4f70-8ccf-1facce88154b"",""service"":""b741f367-8920-4dad-ba9f-21940f6bcfe7"",""deployment"":""8b9c732a-1566-4070-a289-1db03b7edf5d"",""replica"":""a04c56f1-c4bf-408d-950c-a77921c239f0""}",2026-10-06T15:49:36.451734882Z
"    return self.read(nbytes, buffer)",error,"{""level"":""error""}","{""project"":""266422dc-3751-4146-8a47-1dfd7aeb7284"",""environment"":""950bdac5-fb40-4f70-8ccf-1facce88154b"",""service"":""b741f367-8920-4dad-ba9f-21940f6bcfe7"",""deployment"":""8b9c732a-1566-4070-a289-1db03b7edf5d"",""replica"":""a04c56f1-c4bf-408d-950c-a77921c239f0""}",2026-10-06T15:49:36.451741904Z
           ^^^^^^^^^^^^^^^^^^^^^^^^^,error,"{""level"":""error""}","{""project"":""266422dc-3751-4146-8a47-1dfd7aeb7284"",""environment"":""950bdac5-fb40-4f70-8ccf-1facce88154b"",""service"":""b741f367-8920-4dad-ba9f-21940f6bcfe7"",""deployment"":""8b9c732a-1566-4070-a289-1db03b7edf5d"",""replica"":""a04c56f1-c4bf-408d-950c-a77921c239f0""}",2026-10-06T15:49:36.451747024Z
"  File ""/usr/local/lib/python3.11/ssl.py"", line 1166, in read",error,"{""level"":""error""}","{""project"":""266422dc-3751-4146-8a47-1dfd7aeb7284"",""environment"":""950bdac5-fb40-4f70-8ccf-1facce88154b"",""service"":""b741f367-8920-4dad-ba9f-21940f6bcfe7"",""deployment"":""8b9c732a-1566-4070-a289-1db03b7edf5d"",""replica"":""a04c56f1-c4bf-408d-950c-a77921c239f0""}",2026-10-06T15:49:36.451754244Z
"    return self._sslobj.read(len, buffer)",error,"{""level"":""error""}","{""project"":""266422dc-3751-4146-8a47-1dfd7aeb7284"",""environment"":""950bdac5-fb40-4f70-8ccf-1facce88154b"",""service"":""b741f367-8920-4dad-ba9f-21940f6bcfe7"",""deployment"":""8b9c732a-1566-4070-a289-1db03b7edf5d"",""replica"":""a04c56f1-c4bf-408d-950c-a77921c239f0""}",2026-10-06T15:49:36.451759534Z
           ^^^^^^^^^^^^^^^^^^^^^^^^^^^^^^,error,"{""level"":""error""}","{""project"":""266422dc-3751-4146-8a47-1dfd7aeb7284"",""environment"":""950bdac5-fb40-4f70-8ccf-1facce88154b"",""service"":""b741f367-8920-4dad-ba9f-21940f6bcfe7"",""deployment"":""8b9c732a-1566-4070-a289-1db03b7edf5d"",""replica"":""a04c56f1-c4bf-408d-950c-a77921c239f0""}",2026-10-06T15:49:36.451765186Z
TimeoutError: The read operation timed out,error,"{""level"":""error""}","{""project"":""266422dc-3751-4146-8a47-1dfd7aeb7284"",""environment"":""950bdac5-fb40-4f70-8ccf-1facce88154b"",""service"":""b741f367-8920-4dad-ba9f-21940f6bcfe7"",""deployment"":""8b9c732a-1566-4070-a289-1db03b7edf5d"",""replica"":""a04c56f1-c4bf-408d-950c-a77921c239f0""}",2026-10-06T15:49:36.451786812Z
"2026-10-06 15:49:34,994 | INFO | ✅ Job complete: utp-6c7b8f81-8ac1-f111-aaaf-002248df2f15-553160",error,"{""level"":""error""}","{""project"":""266422dc-3751-4146-8a47-1dfd7aeb7284"",""environment"":""950bdac5-fb40-4f70-8ccf-1facce88154b"",""service"":""b741f367-8920-4dad-ba9f-21940f6bcfe7"",""deployment"":""8b9c732a-1566-4070-a289-1db03b7edf5d"",""replica"":""a04c56f1-c4bf-408d-950c-a77921c239f0""}",2026-10-06T15:49:36.451792390Z
"2026-10-06 15:49:35,010 | INFO | Successfully completed app.tasks.process_report_job({'student_id': '6c7b8f81-8ac1-f111-aaaf-002248df2f15-553160', 'job_id': 'ut...) job in 0:01:32.164028s on worker 25f50e9cabcc4edea1d4f2dd5a6e04ad",error,"{""level"":""error""}","{""project"":""266422dc-3751-4146-8a47-1dfd7aeb7284"",""environment"":""950bdac5-fb40-4f70-8ccf-1facce88154b"",""service"":""b741f367-8920-4dad-ba9f-21940f6bcfe7"",""deployment"":""8b9c732a-1566-4070-a289-1db03b7edf5d"",""replica"":""a04c56f1-c4bf-408d-950c-a77921c239f0""}",2026-10-06T15:49:36.451797425Z
"2026-10-06 15:49:35,010 | INFO | Worker 25f50e9cabcc4edea1d4f2dd5a6e04ad: reports: Job OK (utp-6c7b8f81-8ac1-f111-aaaf-002248df2f15-553160)",error,"{""level"":""error""}","{""project"":""266422dc-3751-4146-8a47-1dfd7aeb7284"",""environment"":""950bdac5-fb40-4f70-8ccf-1facce88154b"",""service"":""b741f367-8920-4dad-ba9f-21940f6bcfe7"",""deployment"":""8b9c732a-1566-4070-a289-1db03b7edf5d"",""replica"":""a04c56f1-c4bf-408d-950c-a77921c239f0""}",2026-10-06T15:49:36.451802498Z
"2026-10-06 15:49:35,011 | INFO | Worker 25f50e9cabcc4edea1d4f2dd5a6e04ad: job utp-6c7b8f81-8ac1-f111-aaaf-002248df2f15-553160 result is kept for 500 seconds",error,"{""level"":""error""}","{""project"":""266422dc-3751-4146-8a47-1dfd7aeb7284"",""environment"":""950bdac5-fb40-4f70-8ccf-1facce88154b"",""service"":""b741f367-8920-4dad-ba9f-21940f6bcfe7"",""deployment"":""8b9c732a-1566-4070-a289-1db03b7edf5d"",""replica"":""a04c56f1-c4bf-408d-950c-a77921c239f0""}",2026-10-06T15:49:36.451807953Z
"2026-10-06 15:49:36,220 | WARNING | No row found for sg_message_id=FA-2gK5vSZ-Dr3HQmzKtAA (event=processed)",error,"{""level"":""error""}","{""project"":""266422dc-3751-4146-8a47-1dfd7aeb7284"",""environment"":""950bdac5-fb40-4f70-8ccf-1facce88154b"",""service"":""d36dbcc3-cd55-4a7a-baa1-f1f93642c3cc"",""deployment"":""f80f4047-168d-4653-ac85-441f312f05e5"",""replica"":""b6cfba12-d1ab-4faf-819e-52626ba9340c""}",2026-10-06T15:49:37.034050020Z
"2026-10-06 15:49:37,584 | INFO | ✅ Historic JSON upserted → https://drive.google.com/file/d/1OayTqa0nA_o-9LPJ7z95atE2E6lUqZIO/view?usp=drivesdk",error,"{""level"":""error""}","{""project"":""266422dc-3751-4146-8a47-1dfd7aeb7284"",""environment"":""950bdac5-fb40-4f70-8ccf-1facce88154b"",""service"":""b741f367-8920-4dad-ba9f-21940f6bcfe7"",""deployment"":""8b9c732a-1566-4070-a289-1db03b7edf5d"",""replica"":""e9529e4a-c029-42c5-9d7b-44a956ef3bea""}",2026-10-06T15:49:37.590805507Z
"2026-10-06 15:49:37,584 | ERROR | the user email is 0aecebe4-89c1-f111-aaaf-002248df2f15",error,"{""level"":""error""}","{""project"":""266422dc-3751-4146-8a47-1dfd7aeb7284"",""environment"":""950bdac5-fb40-4f70-8ccf-1facce88154b"",""service"":""b741f367-8920-4dad-ba9f-21940f6bcfe7"",""deployment"":""8b9c732a-1566-4070-a289-1db03b7edf5d"",""replica"":""e9529e4a-c029-42c5-9d7b-44a956ef3bea""}",2026-10-06T15:49:37.590812697Z
NoneType: None,error,"{""level"":""error""}","{""project"":""266422dc-3751-4146-8a47-1dfd7aeb7284"",""environment"":""950bdac5-fb40-4f70-8ccf-1facce88154b"",""service"":""b741f367-8920-4dad-ba9f-21940f6bcfe7"",""deployment"":""8b9c732a-1566-4070-a289-1db03b7edf5d"",""replica"":""e9529e4a-c029-42c5-9d7b-44a956ef3bea""}",2026-10-06T15:49:37.590816837Z
"2026-10-06 15:49:37,585 | INFO | 📤 SFTP upload: kamil_albiar_alache_sanchez_estudiante_0aecebe4-89c1-f111-aaaf-002248df2f15-553163.pdf → /home/u5-ekeoaos2hhsd/www/geroeducacion.com/public_html/pdf_storage/kamil_albiar_alache_sanchez_estudiante_0aecebe4-89c1-f111-aaaf-002248df2f15-553163.pdf",error,"{""level"":""error""}","{""project"":""266422dc-3751-4146-8a47-1dfd7aeb7284"",""environment"":""950bdac5-fb40-4f70-8ccf-1facce88154b"",""service"":""b741f367-8920-4dad-ba9f-21940f6bcfe7"",""deployment"":""8b9c732a-1566-4070-a289-1db03b7edf5d"",""replica"":""e9529e4a-c029-42c5-9d7b-44a956ef3bea""}",2026-10-06T15:49:37.590821397Z
"2026-10-06 15:49:37,586 | INFO | 📤 SFTP upload: kamil_albiar_alache_sanchez_padres_0aecebe4-89c1-f111-aaaf-002248df2f15-553163.pdf → /home/u5-ekeoaos2hhsd/www/geroeducacion.com/public_html/pdf_storage/kamil_albiar_alache_sanchez_padres_0aecebe4-89c1-f111-aaaf-002248df2f15-553163.pdf",error,"{""level"":""error""}","{""project"":""266422dc-3751-4146-8a47-1dfd7aeb7284"",""environment"":""950bdac5-fb40-4f70-8ccf-1facce88154b"",""service"":""b741f367-8920-4dad-ba9f-21940f6bcfe7"",""deployment"":""8b9c732a-1566-4070-a289-1db03b7edf5d"",""replica"":""e9529e4a-c029-42c5-9d7b-44a956ef3bea""}",2026-10-06T15:49:37.590825287Z
"2026-10-06 15:49:37,674 | INFO | ✅ sg_message_id=wCQrpmm_QUuFAQ53Q8e5Kw written for 4539eb1b-88c1-f111-aaaf-002248df2f15",error,"{""level"":""error""}","{""project"":""266422dc-3751-4146-8a47-1dfd7aeb7284"",""environment"":""950bdac5-fb40-4f70-8ccf-1facce88154b"",""service"":""b741f367-8920-4dad-ba9f-21940f6bcfe7"",""deployment"":""8b9c732a-1566-4070-a289-1db03b7edf5d"",""replica"":""13815cf3-ad51-45bb-a7bf-ec1917ac87ee""}",2026-10-06T15:49:37.685145685Z
"2026-10-06 15:49:37,698 | INFO | ✅ Historic updated for gryelpp1021@gmail.com | new_links=['estudiante', 'padres']",error,"{""level"":""error""}","{""project"":""266422dc-3751-4146-8a47-1dfd7aeb7284"",""environment"":""950bdac5-fb40-4f70-8ccf-1facce88154b"",""service"":""b741f367-8920-4dad-ba9f-21940f6bcfe7"",""deployment"":""8b9c732a-1566-4070-a289-1db03b7edf5d"",""replica"":""13815cf3-ad51-45bb-a7bf-ec1917ac87ee""}",2026-10-06T15:49:37.701498871Z
"2026-10-06 15:49:37,733 | INFO | file_cache is only supported with oauth2client<4.0.0",error,"{""level"":""error""}","{""project"":""266422dc-3751-4146-8a47-1dfd7aeb7284"",""environment"":""950bdac5-fb40-4f70-8ccf-1facce88154b"",""service"":""b741f367-8920-4dad-ba9f-21940f6bcfe7"",""deployment"":""8b9c732a-1566-4070-a289-1db03b7edf5d"",""replica"":""13815cf3-ad51-45bb-a7bf-ec1917ac87ee""}",2026-10-06T15:49:37.738006785Z
"2026-10-06 15:49:37,981 | INFO | Connected (version 2.0, client OpenSSH)",error,"{""level"":""error""}","{""project"":""266422dc-3751-4146-8a47-1dfd7aeb7284"",""environment"":""950bdac5-fb40-4f70-8ccf-1facce88154b"",""service"":""b741f367-8920-4dad-ba9f-21940f6bcfe7"",""deployment"":""8b9c732a-1566-4070-a289-1db03b7edf5d"",""replica"":""e9529e4a-c029-42c5-9d7b-44a956ef3bea""}",2026-10-06T15:49:37.984383170Z
"2026-10-06 15:49:37,991 | INFO | Connected (version 2.0, client OpenSSH)",error,"{""level"":""error""}","{""project"":""266422dc-3751-4146-8a47-1dfd7aeb7284"",""environment"":""950bdac5-fb40-4f70-8ccf-1facce88154b"",""service"":""b741f367-8920-4dad-ba9f-21940f6bcfe7"",""deployment"":""8b9c732a-1566-4070-a289-1db03b7edf5d"",""replica"":""e9529e4a-c029-42c5-9d7b-44a956ef3bea""}",2026-10-06T15:49:37.993853021Z
"2026-10-06 15:49:39,040 | INFO | Authentication (publickey) successful!",error,"{""level"":""error""}","{""project"":""266422dc-3751-4146-8a47-1dfd7aeb7284"",""environment"":""950bdac5-fb40-4f70-8ccf-1facce88154b"",""service"":""b741f367-8920-4dad-ba9f-21940f6bcfe7"",""deployment"":""8b9c732a-1566-4070-a289-1db03b7edf5d"",""replica"":""e9529e4a-c029-42c5-9d7b-44a956ef3bea""}",2026-10-06T15:49:39.044201972Z
"2026-10-06 15:49:39,076 | INFO | Authentication (publickey) successful!",error,"{""level"":""error""}","{""project"":""266422dc-3751-4146-8a47-1dfd7aeb7284"",""environment"":""950bdac5-fb40-4f70-8ccf-1facce88154b"",""service"":""b741f367-8920-4dad-ba9f-21940f6bcfe7"",""deployment"":""8b9c732a-1566-4070-a289-1db03b7edf5d"",""replica"":""e9529e4a-c029-42c5-9d7b-44a956ef3bea""}",2026-10-06T15:49:39.080078502Z
"2026-10-06 15:49:38,180 | WARNING | No row found for sg_message_id=RbJkUMw7SYCZX8n_D-0arQ (event=processed)",error,"{""level"":""error""}","{""project"":""266422dc-3751-4146-8a47-1dfd7aeb7284"",""environment"":""950bdac5-fb40-4f70-8ccf-1facce88154b"",""service"":""d36dbcc3-cd55-4a7a-baa1-f1f93642c3cc"",""deployment"":""f80f4047-168d-4653-ac85-441f312f05e5"",""replica"":""b6cfba12-d1ab-4faf-819e-52626ba9340c""}",2026-10-06T15:49:39.104676284Z
"2026-10-06 15:49:39,619 | INFO | [chan 0] Opened sftp connection (server version 3)",error,"{""level"":""error""}","{""project"":""266422dc-3751-4146-8a47-1dfd7aeb7284"",""environment"":""950bdac5-fb40-4f70-8ccf-1facce88154b"",""service"":""b741f367-8920-4dad-ba9f-21940f6bcfe7"",""deployment"":""8b9c732a-1566-4070-a289-1db03b7edf5d"",""replica"":""e9529e4a-c029-42c5-9d7b-44a956ef3bea""}",2026-10-06T15:49:39.624308139Z
"2026-10-06 15:49:39,670 | INFO | [chan 0] Opened sftp connection (server version 3)",error,"{""level"":""error""}","{""project"":""266422dc-3751-4146-8a47-1dfd7aeb7284"",""environment"":""950bdac5-fb40-4f70-8ccf-1facce88154b"",""service"":""b741f367-8920-4dad-ba9f-21940f6bcfe7"",""deployment"":""8b9c732a-1566-4070-a289-1db03b7edf5d"",""replica"":""e9529e4a-c029-42c5-9d7b-44a956ef3bea""}",2026-10-06T15:49:39.690364531Z
"2026-10-06 15:49:40,168 | WARNING | No row found for sg_message_id=dLklxNfJS3mvLZtmZCgfQg (event=processed)",error,"{""level"":""error""}","{""project"":""266422dc-3751-4146-8a47-1dfd7aeb7284"",""environment"":""950bdac5-fb40-4f70-8ccf-1facce88154b"",""service"":""d36dbcc3-cd55-4a7a-baa1-f1f93642c3cc"",""deployment"":""f80f4047-168d-4653-ac85-441f312f05e5"",""replica"":""b6cfba12-d1ab-4faf-819e-52626ba9340c""}",2026-10-06T15:49:40.804527397Z
"2026-10-06 15:49:41,564 | INFO | [chan 0] sftp session closed.",error,"{""level"":""error""}","{""project"":""266422dc-3751-4146-8a47-1dfd7aeb7284"",""environment"":""950bdac5-fb40-4f70-8ccf-1facce88154b"",""service"":""b741f367-8920-4dad-ba9f-21940f6bcfe7"",""deployment"":""8b9c732a-1566-4070-a289-1db03b7edf5d"",""replica"":""e9529e4a-c029-42c5-9d7b-44a956ef3bea""}",2026-10-06T15:49:41.570298882Z
"2026-10-06 15:49:41,565 | INFO | ✅ SiteGround file live at: https://geroeducacion.com/pdf_storage/kamil_albiar_alache_sanchez_estudiante_0aecebe4-89c1-f111-aaaf-002248df2f15-553163.pdf",error,"{""level"":""error""}","{""project"":""266422dc-3751-4146-8a47-1dfd7aeb7284"",""environment"":""950bdac5-fb40-4f70-8ccf-1facce88154b"",""service"":""b741f367-8920-4dad-ba9f-21940f6bcfe7"",""deployment"":""8b9c732a-1566-4070-a289-1db03b7edf5d"",""replica"":""e9529e4a-c029-42c5-9d7b-44a956ef3bea""}",2026-10-06T15:49:41.570306082Z
"2026-10-06 15:49:41,690 | INFO | [chan 0] sftp session closed.",error,"{""level"":""error""}","{""project"":""266422dc-3751-4146-8a47-1dfd7aeb7284"",""environment"":""950bdac5-fb40-4f70-8ccf-1facce88154b"",""service"":""b741f367-8920-4dad-ba9f-21940f6bcfe7"",""deployment"":""8b9c732a-1566-4070-a289-1db03b7edf5d"",""replica"":""e9529e4a-c029-42c5-9d7b-44a956ef3bea""}",2026-10-06T15:49:41.692747078Z
"2026-10-06 15:49:41,690 | INFO | ✅ SiteGround file live at: https://geroeducacion.com/pdf_storage/kamil_albiar_alache_sanchez_padres_0aecebe4-89c1-f111-aaaf-002248df2f15-553163.pdf",error,"{""level"":""error""}","{""project"":""266422dc-3751-4146-8a47-1dfd7aeb7284"",""environment"":""950bdac5-fb40-4f70-8ccf-1facce88154b"",""service"":""b741f367-8920-4dad-ba9f-21940f6bcfe7"",""deployment"":""8b9c732a-1566-4070-a289-1db03b7edf5d"",""replica"":""e9529e4a-c029-42c5-9d7b-44a956ef3bea""}",2026-10-06T15:49:41.695233534Z
"2026-10-06 15:49:41,691 | INFO | 📨 Posting UTP payload | endpoint=https://crm02.utp.edu.pe/VisualizateV2/api/v1/student-results | leadId=0aecebe4-89c1-f111-aaaf-002248df2f15 | career1=INGENIERÍA INDUSTRIAL | career2= | resultsLink=https://geroeducacion.com/pdf_storage/kamil_albiar_alache_sanchez_estudiante_0aecebe4-89c1-f111-aaaf-002248df2f15-553163.pdf | resultsLinkParent=https://geroeducacion.com/pdf_storage/kamil_albiar_alache_sanchez_padres_0aecebe4-89c1-f111-aaaf-002248df2f15-553163.pdf",error,"{""level"":""error""}","{""project"":""266422dc-3751-4146-8a47-1dfd7aeb7284"",""environment"":""950bdac5-fb40-4f70-8ccf-1facce88154b"",""service"":""b741f367-8920-4dad-ba9f-21940f6bcfe7"",""deployment"":""8b9c732a-1566-4070-a289-1db03b7edf5d"",""replica"":""e9529e4a-c029-42c5-9d7b-44a956ef3bea""}",2026-10-06T15:49:41.695241384Z
"2026-10-06 15:49:42,135 | WARNING | No row found for sg_message_id=CuITnWYpSKqYPaiha81IJA (event=processed)",error,"{""level"":""error""}","{""project"":""266422dc-3751-4146-8a47-1dfd7aeb7284"",""environment"":""950bdac5-fb40-4f70-8ccf-1facce88154b"",""service"":""d36dbcc3-cd55-4a7a-baa1-f1f93642c3cc"",""deployment"":""f80f4047-168d-4653-ac85-441f312f05e5"",""replica"":""b6cfba12-d1ab-4faf-819e-52626ba9340c""}",2026-10-06T15:49:42.396129770Z
"INFO:     100.64.0.8:22510 - ""POST /webhooks/sendgrid HTTP/1.1"" 200 OK",info,"{""level"":""info""}","{""project"":""266422dc-3751-4146-8a47-1dfd7aeb7284"",""environment"":""950bdac5-fb40-4f70-8ccf-1facce88154b"",""service"":""d36dbcc3-cd55-4a7a-baa1-f1f93642c3cc"",""deployment"":""f80f4047-168d-4653-ac85-441f312f05e5"",""replica"":""b6cfba12-d1ab-4faf-819e-52626ba9340c""}",2026-10-06T15:49:42.396135956Z
"2026-10-06 15:49:43,106 | INFO | ✅ UTP endpoint response: {'success': True, 'validationId': '41a629c1-2a70-4a7e-b794-c81c2cce2217', 'message': 'Result received successfully.'}",error,"{""level"":""error""}","{""project"":""266422dc-3751-4146-8a47-1dfd7aeb7284"",""environment"":""950bdac5-fb40-4f70-8ccf-1facce88154b"",""service"":""b741f367-8920-4dad-ba9f-21940f6bcfe7"",""deployment"":""8b9c732a-1566-4070-a289-1db03b7edf5d"",""replica"":""e9529e4a-c029-42c5-9d7b-44a956ef3bea""}",2026-10-06T15:49:43.110332112Z
"2026-10-06 15:49:43,106 | INFO | 🔖 validationId received: 41a629c1-2a70-4a7e-b794-c81c2cce2217",error,"{""level"":""error""}","{""project"":""266422dc-3751-4146-8a47-1dfd7aeb7284"",""environment"":""950bdac5-fb40-4f70-8ccf-1facce88154b"",""service"":""b741f367-8920-4dad-ba9f-21940f6bcfe7"",""deployment"":""8b9c732a-1566-4070-a289-1db03b7edf5d"",""replica"":""e9529e4a-c029-42c5-9d7b-44a956ef3bea""}",2026-10-06T15:49:43.110337122Z
"2026-10-06 15:49:45,275 | INFO | ✅ validationId=41a629c1-2a70-4a7e-b794-c81c2cce2217 written to byw_tracking_algoritmo_AC for 0aecebe4-89c1-f111-aaaf-002248df2f15",error,"{""level"":""error""}","{""project"":""266422dc-3751-4146-8a47-1dfd7aeb7284"",""environment"":""950bdac5-fb40-4f70-8ccf-1facce88154b"",""service"":""b741f367-8920-4dad-ba9f-21940f6bcfe7"",""deployment"":""8b9c732a-1566-4070-a289-1db03b7edf5d"",""replica"":""e9529e4a-c029-42c5-9d7b-44a956ef3bea""}",2026-10-06T15:49:45.285740404Z
"2026-10-06 15:49:44,642 | INFO | ✅ webhook: sg_message_id=piTMCdrLTE6ssM0LKE1vJA delivered → delivered",error,"{""level"":""error""}","{""project"":""266422dc-3751-4146-8a47-1dfd7aeb7284"",""environment"":""950bdac5-fb40-4f70-8ccf-1facce88154b"",""service"":""d36dbcc3-cd55-4a7a-baa1-f1f93642c3cc"",""deployment"":""f80f4047-168d-4653-ac85-441f312f05e5"",""replica"":""b6cfba12-d1ab-4faf-819e-52626ba9340c""}",2026-10-06T15:49:45.357965759Z
"INFO:     100.64.0.11:26306 - ""POST /webhooks/sendgrid HTTP/1.1"" 200 OK",info,"{""level"":""info""}","{""project"":""266422dc-3751-4146-8a47-1dfd7aeb7284"",""environment"":""950bdac5-fb40-4f70-8ccf-1facce88154b"",""service"":""d36dbcc3-cd55-4a7a-baa1-f1f93642c3cc"",""deployment"":""f80f4047-168d-4653-ac85-441f312f05e5"",""replica"":""b6cfba12-d1ab-4faf-819e-52626ba9340c""}",2026-10-06T15:49:47.254739074Z
"2026-10-06 15:49:47,687 | INFO | ✅ Links written to byw_tracking_algoritmo_AC for 0aecebe4-89c1-f111-aaaf-002248df2f15",error,"{""level"":""error""}","{""project"":""266422dc-3751-4146-8a47-1dfd7aeb7284"",""environment"":""950bdac5-fb40-4f70-8ccf-1facce88154b"",""service"":""b741f367-8920-4dad-ba9f-21940f6bcfe7"",""deployment"":""8b9c732a-1566-4070-a289-1db03b7edf5d"",""replica"":""e9529e4a-c029-42c5-9d7b-44a956ef3bea""}",2026-10-06T15:49:47.689862729Z
"2026-10-06 15:49:48,770 | WARNING | No row found for sg_message_id=lsNHaG9-TQ2GfZMoOHcueg (event=click)",error,"{""level"":""error""}","{""project"":""266422dc-3751-4146-8a47-1dfd7aeb7284"",""environment"":""950bdac5-fb40-4f70-8ccf-1facce88154b"",""service"":""d36dbcc3-cd55-4a7a-baa1-f1f93642c3cc"",""deployment"":""f80f4047-168d-4653-ac85-441f312f05e5"",""replica"":""b6cfba12-d1ab-4faf-819e-52626ba9340c""}",2026-10-06T15:49:49.633204149Z
"INFO:     100.64.0.8:12318 - ""POST /webhooks/sendgrid HTTP/1.1"" 200 OK",info,"{""level"":""info""}","{""project"":""266422dc-3751-4146-8a47-1dfd7aeb7284"",""environment"":""950bdac5-fb40-4f70-8ccf-1facce88154b"",""service"":""d36dbcc3-cd55-4a7a-baa1-f1f93642c3cc"",""deployment"":""f80f4047-168d-4653-ac85-441f312f05e5"",""replica"":""b6cfba12-d1ab-4faf-819e-52626ba9340c""}",2026-10-06T15:49:49.633212706Z
"2026-10-06 15:49:49,718 | INFO | 📧 Sending UTP student email to kamil.alache15@gmail.com for cedula=0aecebe4-89c1-f111-aaaf-002248df2f15",error,"{""level"":""error""}","{""project"":""266422dc-3751-4146-8a47-1dfd7aeb7284"",""environment"":""950bdac5-fb40-4f70-8ccf-1facce88154b"",""service"":""b741f367-8920-4dad-ba9f-21940f6bcfe7"",""deployment"":""8b9c732a-1566-4070-a289-1db03b7edf5d"",""replica"":""e9529e4a-c029-42c5-9d7b-44a956ef3bea""}",2026-10-06T15:49:49.726685981Z
"2026-10-06 15:49:50,114 | INFO | 😈 sg_message_id: QxHjOz10Qg2ICojMTYDDwA",error,"{""level"":""error""}","{""project"":""266422dc-3751-4146-8a47-1dfd7aeb7284"",""environment"":""950bdac5-fb40-4f70-8ccf-1facce88154b"",""service"":""b741f367-8920-4dad-ba9f-21940f6bcfe7"",""deployment"":""8b9c732a-1566-4070-a289-1db03b7edf5d"",""replica"":""e9529e4a-c029-42c5-9d7b-44a956ef3bea""}",2026-10-06T15:49:50.116612659Z
"2026-10-06 15:49:50,114 | INFO | ✅ UTP student email sent to kamil.alache15@gmail.com",error,"{""level"":""error""}","{""project"":""266422dc-3751-4146-8a47-1dfd7aeb7284"",""environment"":""950bdac5-fb40-4f70-8ccf-1facce88154b"",""service"":""b741f367-8920-4dad-ba9f-21940f6bcfe7"",""deployment"":""8b9c732a-1566-4070-a289-1db03b7edf5d"",""replica"":""e9529e4a-c029-42c5-9d7b-44a956ef3bea""}",2026-10-06T15:49:50.116618269Z
"[2026-10-06 15:49:49,426] ERROR in app: Exception on /requeue/reports [POST]",error,"{""level"":""error""}","{""project"":""266422dc-3751-4146-8a47-1dfd7aeb7284"",""environment"":""950bdac5-fb40-4f70-8ccf-1facce88154b"",""service"":""28fff96e-6cc4-4896-a556-9ad41d5b1ad4"",""deployment"":""21f08cdc-5e5b-4506-a8fe-f0ca035f6861"",""replica"":""0b99823e-43e7-47af-9ece-ba31c30dabb0""}",2026-10-06T15:49:51.434860989Z
Traceback (most recent call last):,error,"{""level"":""error""}","{""project"":""266422dc-3751-4146-8a47-1dfd7aeb7284"",""environment"":""950bdac5-fb40-4f70-8ccf-1facce88154b"",""service"":""28fff96e-6cc4-4896-a556-9ad41d5b1ad4"",""deployment"":""21f08cdc-5e5b-4506-a8fe-f0ca035f6861"",""replica"":""0b99823e-43e7-47af-9ece-ba31c30dabb0""}",2026-10-06T15:49:51.434868003Z
"  File ""/usr/local/lib/python3.11/site-packages/flask/app.py"", line 1511, in wsgi_app",error,"{""level"":""error""}","{""project"":""266422dc-3751-4146-8a47-1dfd7aeb7284"",""environment"":""950bdac5-fb40-4f70-8ccf-1facce88154b"",""service"":""28fff96e-6cc4-4896-a556-9ad41d5b1ad4"",""deployment"":""21f08cdc-5e5b-4506-a8fe-f0ca035f6861"",""replica"":""0b99823e-43e7-47af-9ece-ba31c30dabb0""}",2026-10-06T15:49:51.434874708Z
    response = self.full_dispatch_request(),error,"{""level"":""error""}","{""project"":""266422dc-3751-4146-8a47-1dfd7aeb7284"",""environment"":""950bdac5-fb40-4f70-8ccf-1facce88154b"",""service"":""28fff96e-6cc4-4896-a556-9ad41d5b1ad4"",""deployment"":""21f08cdc-5e5b-4506-a8fe-f0ca035f6861"",""replica"":""0b99823e-43e7-47af-9ece-ba31c30dabb0""}",2026-10-06T15:49:51.434881395Z
               ^^^^^^^^^^^^^^^^^^^^^^^^^^^^,error,"{""level"":""error""}","{""project"":""266422dc-3751-4146-8a47-1dfd7aeb7284"",""environment"":""950bdac5-fb40-4f70-8ccf-1facce88154b"",""service"":""28fff96e-6cc4-4896-a556-9ad41d5b1ad4"",""deployment"":""21f08cdc-5e5b-4506-a8fe-f0ca035f6861"",""replica"":""0b99823e-43e7-47af-9ece-ba31c30dabb0""}",2026-10-06T15:49:51.434888315Z
"  File ""/usr/local/lib/python3.11/site-packages/flask/app.py"", line 919, in full_dispatch_request",error,"{""level"":""error""}","{""project"":""266422dc-3751-4146-8a47-1dfd7aeb7284"",""environment"":""950bdac5-fb40-4f70-8ccf-1facce88154b"",""service"":""28fff96e-6cc4-4896-a556-9ad41d5b1ad4"",""deployment"":""21f08cdc-5e5b-4506-a8fe-f0ca035f6861"",""replica"":""0b99823e-43e7-47af-9ece-ba31c30dabb0""}",2026-10-06T15:49:51.434895301Z
    rv = self.handle_user_exception(e),error,"{""level"":""error""}","{""project"":""266422dc-3751-4146-8a47-1dfd7aeb7284"",""environment"":""950bdac5-fb40-4f70-8ccf-1facce88154b"",""service"":""28fff96e-6cc4-4896-a556-9ad41d5b1ad4"",""deployment"":""21f08cdc-5e5b-4506-a8fe-f0ca035f6861"",""replica"":""0b99823e-43e7-47af-9ece-ba31c30dabb0""}",2026-10-06T15:49:51.434903476Z
         ^^^^^^^^^^^^^^^^^^^^^^^^^^^^^,error,"{""level"":""error""}","{""project"":""266422dc-3751-4146-8a47-1dfd7aeb7284"",""environment"":""950bdac5-fb40-4f70-8ccf-1facce88154b"",""service"":""28fff96e-6cc4-4896-a556-9ad41d5b1ad4"",""deployment"":""21f08cdc-5e5b-4506-a8fe-f0ca035f6861"",""replica"":""0b99823e-43e7-47af-9ece-ba31c30dabb0""}",2026-10-06T15:49:51.434910480Z
"  File ""/usr/local/lib/python3.11/site-packages/flask/app.py"", line 917, in full_dispatch_request",error,"{""level"":""error""}","{""project"":""266422dc-3751-4146-8a47-1dfd7aeb7284"",""environment"":""950bdac5-fb40-4f70-8ccf-1facce88154b"",""service"":""28fff96e-6cc4-4896-a556-9ad41d5b1ad4"",""deployment"":""21f08cdc-5e5b-4506-a8fe-f0ca035f6861"",""replica"":""0b99823e-43e7-47af-9ece-ba31c30dabb0""}",2026-10-06T15:49:51.434917594Z
    rv = self.dispatch_request(),error,"{""level"":""error""}","{""project"":""266422dc-3751-4146-8a47-1dfd7aeb7284"",""environment"":""950bdac5-fb40-4f70-8ccf-1facce88154b"",""service"":""28fff96e-6cc4-4896-a556-9ad41d5b1ad4"",""deployment"":""21f08cdc-5e5b-4506-a8fe-f0ca035f6861"",""replica"":""0b99823e-43e7-47af-9ece-ba31c30dabb0""}",2026-10-06T15:49:51.434924393Z
         ^^^^^^^^^^^^^^^^^^^^^^^,error,"{""level"":""error""}","{""project"":""266422dc-3751-4146-8a47-1dfd7aeb7284"",""environment"":""950bdac5-fb40-4f70-8ccf-1facce88154b"",""service"":""28fff96e-6cc4-4896-a556-9ad41d5b1ad4"",""deployment"":""21f08cdc-5e5b-4506-a8fe-f0ca035f6861"",""replica"":""0b99823e-43e7-47af-9ece-ba31c30dabb0""}",2026-10-06T15:49:51.434930429Z
"  File ""/usr/local/lib/python3.11/site-packages/flask/app.py"", line 902, in dispatch_request",error,"{""level"":""error""}","{""project"":""266422dc-3751-4146-8a47-1dfd7aeb7284"",""environment"":""950bdac5-fb40-4f70-8ccf-1facce88154b"",""service"":""28fff96e-6cc4-4896-a556-9ad41d5b1ad4"",""deployment"":""21f08cdc-5e5b-4506-a8fe-f0ca035f6861"",""replica"":""0b99823e-43e7-47af-9ece-ba31c30dabb0""}",2026-10-06T15:49:51.434939758Z
    return self.ensure_sync(self.view_functions[rule.endpoint])(**view_args)  # type: ignore[no-any-return],error,"{""level"":""error""}","{""project"":""266422dc-3751-4146-8a47-1dfd7aeb7284"",""environment"":""950bdac5-fb40-4f70-8ccf-1facce88154b"",""service"":""28fff96e-6cc4-4896-a556-9ad41d5b1ad4"",""deployment"":""21f08cdc-5e5b-4506-a8fe-f0ca035f6861"",""replica"":""0b99823e-43e7-47af-9ece-ba31c30dabb0""}",2026-10-06T15:49:51.434946745Z
           ^^^^^^^^^^^^^^^^^^^^^^^^^^^^^^^^^^^^^^^^^^^^^^^^^^^^^^^^^^^^^^^^^,error,"{""level"":""error""}","{""project"":""266422dc-3751-4146-8a47-1dfd7aeb7284"",""environment"":""950bdac5-fb40-4f70-8ccf-1facce88154b"",""service"":""28fff96e-6cc4-4896-a556-9ad41d5b1ad4"",""deployment"":""21f08cdc-5e5b-4506-a8fe-f0ca035f6861"",""replica"":""0b99823e-43e7-47af-9ece-ba31c30dabb0""}",2026-10-06T15:49:51.434954399Z
"  File ""/usr/local/lib/python3.11/site-packages/rq_dashboard/web.py"", line 110, in _wrapped",error,"{""level"":""error""}","{""project"":""266422dc-3751-4146-8a47-1dfd7aeb7284"",""environment"":""950bdac5-fb40-4f70-8ccf-1facce88154b"",""service"":""28fff96e-6cc4-4896-a556-9ad41d5b1ad4"",""deployment"":""21f08cdc-5e5b-4506-a8fe-f0ca035f6861"",""replica"":""0b99823e-43e7-47af-9ece-ba31c30dabb0""}",2026-10-06T15:49:51.435248107Z
"    result_dict = f(*args, **kwargs)",error,"{""level"":""error""}","{""project"":""266422dc-3751-4146-8a47-1dfd7aeb7284"",""environment"":""950bdac5-fb40-4f70-8ccf-1facce88154b"",""service"":""28fff96e-6cc4-4896-a556-9ad41d5b1ad4"",""deployment"":""21f08cdc-5e5b-4506-a8fe-f0ca035f6861"",""replica"":""0b99823e-43e7-47af-9ece-ba31c30dabb0""}",2026-10-06T15:49:51.435259572Z
                  ^^^^^^^^^^^^^^^^^^,error,"{""level"":""error""}","{""project"":""266422dc-3751-4146-8a47-1dfd7aeb7284"",""environment"":""950bdac5-fb40-4f70-8ccf-1facce88154b"",""service"":""28fff96e-6cc4-4896-a556-9ad41d5b1ad4"",""deployment"":""21f08cdc-5e5b-4506-a8fe-f0ca035f6861"",""replica"":""0b99823e-43e7-47af-9ece-ba31c30dabb0""}",2026-10-06T15:49:51.435267486Z
"  File ""/usr/local/lib/python3.11/site-packages/rq_dashboard/web.py"", line 465, in requeue_all",error,"{""level"":""error""}","{""project"":""266422dc-3751-4146-8a47-1dfd7aeb7284"",""environment"":""950bdac5-fb40-4f70-8ccf-1facce88154b"",""service"":""28fff96e-6cc4-4896-a556-9ad41d5b1ad4"",""deployment"":""21f08cdc-5e5b-4506-a8fe-f0ca035f6861"",""replica"":""0b99823e-43e7-47af-9ece-ba31c30dabb0""}",2026-10-06T15:49:51.435274539Z
"    requeue_job(job_id, connection=current_app.redis_conn)",error,"{""level"":""error""}","{""project"":""266422dc-3751-4146-8a47-1dfd7aeb7284"",""environment"":""950bdac5-fb40-4f70-8ccf-1facce88154b"",""service"":""28fff96e-6cc4-4896-a556-9ad41d5b1ad4"",""deployment"":""21f08cdc-5e5b-4506-a8fe-f0ca035f6861"",""replica"":""0b99823e-43e7-47af-9ece-ba31c30dabb0""}",2026-10-06T15:49:51.435777979Z
"2026-10-06 15:49:50,742 | WARNING | No row found for sg_message_id=LXgdG0NSQtqLWRweabsBmA (event=click)",error,"{""level"":""error""}","{""project"":""266422dc-3751-4146-8a47-1dfd7aeb7284"",""environment"":""950bdac5-fb40-4f70-8ccf-1facce88154b"",""service"":""d36dbcc3-cd55-4a7a-baa1-f1f93642c3cc"",""deployment"":""f80f4047-168d-4653-ac85-441f312f05e5"",""replica"":""b6cfba12-d1ab-4faf-819e-52626ba9340c""}",2026-10-06T15:49:51.577621989Z
"INFO:     100.64.0.2:28504 - ""POST /webhooks/sendgrid HTTP/1.1"" 200 OK",info,"{""level"":""info""}","{""project"":""266422dc-3751-4146-8a47-1dfd7aeb7284"",""environment"":""950bdac5-fb40-4f70-8ccf-1facce88154b"",""service"":""d36dbcc3-cd55-4a7a-baa1-f1f93642c3cc"",""deployment"":""f80f4047-168d-4653-ac85-441f312f05e5"",""replica"":""b6cfba12-d1ab-4faf-819e-52626ba9340c""}",2026-10-06T15:49:51.577626866Z
"2026-10-06 15:49:52,512 | INFO | ✅ sg_message_id=QxHjOz10Qg2ICojMTYDDwA written for 0aecebe4-89c1-f111-aaaf-002248df2f15",error,"{""level"":""error""}","{""project"":""266422dc-3751-4146-8a47-1dfd7aeb7284"",""environment"":""950bdac5-fb40-4f70-8ccf-1facce88154b"",""service"":""b741f367-8920-4dad-ba9f-21940f6bcfe7"",""deployment"":""8b9c732a-1566-4070-a289-1db03b7edf5d"",""replica"":""e9529e4a-c029-42c5-9d7b-44a956ef3bea""}",2026-10-06T15:49:52.516187544Z
"2026-10-06 15:49:52,552 | INFO | ✅ Historic updated for kamil.alache15@gmail.com | new_links=['estudiante', 'padres']",error,"{""level"":""error""}","{""project"":""266422dc-3751-4146-8a47-1dfd7aeb7284"",""environment"":""950bdac5-fb40-4f70-8ccf-1facce88154b"",""service"":""b741f367-8920-4dad-ba9f-21940f6bcfe7"",""deployment"":""8b9c732a-1566-4070-a289-1db03b7edf5d"",""replica"":""e9529e4a-c029-42c5-9d7b-44a956ef3bea""}",2026-10-06T15:49:52.555088280Z
"2026-10-06 15:49:52,589 | INFO | file_cache is only supported with oauth2client<4.0.0",error,"{""level"":""error""}","{""project"":""266422dc-3751-4146-8a47-1dfd7aeb7284"",""environment"":""950bdac5-fb40-4f70-8ccf-1facce88154b"",""service"":""b741f367-8920-4dad-ba9f-21940f6bcfe7"",""deployment"":""8b9c732a-1566-4070-a289-1db03b7edf5d"",""replica"":""e9529e4a-c029-42c5-9d7b-44a956ef3bea""}",2026-10-06T15:49:52.601851247Z
"  File ""/usr/local/lib/python3.11/site-packages/rq/job.py"", line 168, in requeue_job",error,"{""level"":""error""}","{""project"":""266422dc-3751-4146-8a47-1dfd7aeb7284"",""environment"":""950bdac5-fb40-4f70-8ccf-1facce88154b"",""service"":""28fff96e-6cc4-4896-a556-9ad41d5b1ad4"",""deployment"":""21f08cdc-5e5b-4506-a8fe-f0ca035f6861"",""replica"":""0b99823e-43e7-47af-9ece-ba31c30dabb0""}",2026-10-06T15:49:52.703284568Z
"    job = Job.fetch(job_id, connection=connection, serializer=serializer)",error,"{""level"":""error""}","{""project"":""266422dc-3751-4146-8a47-1dfd7aeb7284"",""environment"":""950bdac5-fb40-4f70-8ccf-1facce88154b"",""service"":""28fff96e-6cc4-4896-a556-9ad41d5b1ad4"",""deployment"":""21f08cdc-5e5b-4506-a8fe-f0ca035f6861"",""replica"":""0b99823e-43e7-47af-9ece-ba31c30dabb0""}",2026-10-06T15:49:52.703291781Z
          ^^^^^^^^^^^^^^^^^^^^^^^^^^^^^^^^^^^^^^^^^^^^^^^^^^^^^^^^^^^^^^^,error,"{""level"":""error""}","{""project"":""266422dc-3751-4146-8a47-1dfd7aeb7284"",""environment"":""950bdac5-fb40-4f70-8ccf-1facce88154b"",""service"":""28fff96e-6cc4-4896-a556-9ad41d5b1ad4"",""deployment"":""21f08cdc-5e5b-4506-a8fe-f0ca035f6861"",""replica"":""0b99823e-43e7-47af-9ece-ba31c30dabb0""}",2026-10-06T15:49:52.703298935Z
"  File ""/usr/local/lib/python3.11/site-packages/rq/job.py"", line 696, in fetch",error,"{""level"":""error""}","{""project"":""266422dc-3751-4146-8a47-1dfd7aeb7284"",""environment"":""950bdac5-fb40-4f70-8ccf-1facce88154b"",""service"":""28fff96e-6cc4-4896-a556-9ad41d5b1ad4"",""deployment"":""21f08cdc-5e5b-4506-a8fe-f0ca035f6861"",""replica"":""0b99823e-43e7-47af-9ece-ba31c30dabb0""}",2026-10-06T15:49:52.703305949Z
    job.refresh(),error,"{""level"":""error""}","{""project"":""266422dc-3751-4146-8a47-1dfd7aeb7284"",""environment"":""950bdac5-fb40-4f70-8ccf-1facce88154b"",""service"":""28fff96e-6cc4-4896-a556-9ad41d5b1ad4"",""deployment"":""21f08cdc-5e5b-4506-a8fe-f0ca035f6861"",""replica"":""0b99823e-43e7-47af-9ece-ba31c30dabb0""}",2026-10-06T15:49:52.703313003Z
"  File ""/usr/local/lib/python3.11/site-packages/rq/job.py"", line 1061, in refresh",error,"{""level"":""error""}","{""project"":""266422dc-3751-4146-8a47-1dfd7aeb7284"",""environment"":""950bdac5-fb40-4f70-8ccf-1facce88154b"",""service"":""28fff96e-6cc4-4896-a556-9ad41d5b1ad4"",""deployment"":""21f08cdc-5e5b-4506-a8fe-f0ca035f6861"",""replica"":""0b99823e-43e7-47af-9ece-ba31c30dabb0""}",2026-10-06T15:49:52.703320454Z
    raise NoSuchJobError(f'No such job: {self.key}'),error,"{""level"":""error""}","{""project"":""266422dc-3751-4146-8a47-1dfd7aeb7284"",""environment"":""950bdac5-fb40-4f70-8ccf-1facce88154b"",""service"":""28fff96e-6cc4-4896-a556-9ad41d5b1ad4"",""deployment"":""21f08cdc-5e5b-4506-a8fe-f0ca035f6861"",""replica"":""0b99823e-43e7-47af-9ece-ba31c30dabb0""}",2026-10-06T15:49:52.703332186Z
rq.exceptions.NoSuchJobError: No such job: rq:job:email-02a5630b0e5690a795f7ef5156377012,error,"{""level"":""error""}","{""project"":""266422dc-3751-4146-8a47-1dfd7aeb7284"",""environment"":""950bdac5-fb40-4f70-8ccf-1facce88154b"",""service"":""28fff96e-6cc4-4896-a556-9ad41d5b1ad4"",""deployment"":""21f08cdc-5e5b-4506-a8fe-f0ca035f6861"",""replica"":""0b99823e-43e7-47af-9ece-ba31c30dabb0""}",2026-10-06T15:49:52.703339713Z
"INFO:     100.64.0.7:39242 - ""POST /webhooks/sendgrid HTTP/1.1"" 200 OK",info,"{""level"":""info""}","{""project"":""266422dc-3751-4146-8a47-1dfd7aeb7284"",""environment"":""950bdac5-fb40-4f70-8ccf-1facce88154b"",""service"":""d36dbcc3-cd55-4a7a-baa1-f1f93642c3cc"",""deployment"":""f80f4047-168d-4653-ac85-441f312f05e5"",""replica"":""b6cfba12-d1ab-4faf-819e-52626ba9340c""}",2026-10-06T15:49:53.742832291Z
"2026-10-06 15:49:53,282 | INFO | ✅ webhook: sg_message_id=s21veg8BQ1CILE1u_cRxdw Enviado → processed",error,"{""level"":""error""}","{""project"":""266422dc-3751-4146-8a47-1dfd7aeb7284"",""environment"":""950bdac5-fb40-4f70-8ccf-1facce88154b"",""service"":""d36dbcc3-cd55-4a7a-baa1-f1f93642c3cc"",""deployment"":""f80f4047-168d-4653-ac85-441f312f05e5"",""replica"":""b6cfba12-d1ab-4faf-819e-52626ba9340c""}",2026-10-06T15:49:53.742842819Z
"2026-10-06 15:49:55,321 | WARNING | No row found for sg_message_id=PcsgFATMRWKz6IqZy3XgZQ (event=open)",error,"{""level"":""error""}","{""project"":""266422dc-3751-4146-8a47-1dfd7aeb7284"",""environment"":""950bdac5-fb40-4f70-8ccf-1facce88154b"",""service"":""d36dbcc3-cd55-4a7a-baa1-f1f93642c3cc"",""deployment"":""f80f4047-168d-4653-ac85-441f312f05e5"",""replica"":""b6cfba12-d1ab-4faf-819e-52626ba9340c""}",2026-10-06T15:49:55.444012853Z
"INFO:     100.64.0.9:34990 - ""POST /webhooks/sendgrid HTTP/1.1"" 200 OK",info,"{""level"":""info""}","{""project"":""266422dc-3751-4146-8a47-1dfd7aeb7284"",""environment"":""950bdac5-fb40-4f70-8ccf-1facce88154b"",""service"":""d36dbcc3-cd55-4a7a-baa1-f1f93642c3cc"",""deployment"":""f80f4047-168d-4653-ac85-441f312f05e5"",""replica"":""b6cfba12-d1ab-4faf-819e-52626ba9340c""}",2026-10-06T15:49:55.444019082Z
"INFO:     100.64.0.1:22566 - ""POST /webhooks/sendgrid HTTP/1.1"" 200 OK",info,"{""level"":""info""}","{""project"":""266422dc-3751-4146-8a47-1dfd7aeb7284"",""environment"":""950bdac5-fb40-4f70-8ccf-1facce88154b"",""service"":""d36dbcc3-cd55-4a7a-baa1-f1f93642c3cc"",""deployment"":""f80f4047-168d-4653-ac85-441f312f05e5"",""replica"":""b6cfba12-d1ab-4faf-819e-52626ba9340c""}",2026-10-06T15:50:01.244281347Z
"INFO:     100.64.0.10:29388 - ""POST /webhooks/sendgrid HTTP/1.1"" 200 OK",info,"{""level"":""info""}","{""project"":""266422dc-3751-4146-8a47-1dfd7aeb7284"",""environment"":""950bdac5-fb40-4f70-8ccf-1facce88154b"",""service"":""d36dbcc3-cd55-4a7a-baa1-f1f93642c3cc"",""deployment"":""f80f4047-168d-4653-ac85-441f312f05e5"",""replica"":""b6cfba12-d1ab-4faf-819e-52626ba9340c""}",2026-10-06T15:50:03.996259513Z
"2026-10-06 15:50:04,782 | INFO | ✅ webhook: sg_message_id=ccPSpEnBQPC-e2gKcAh4-A delivered → open",error,"{""level"":""error""}","{""project"":""266422dc-3751-4146-8a47-1dfd7aeb7284"",""environment"":""950bdac5-fb40-4f70-8ccf-1facce88154b"",""service"":""d36dbcc3-cd55-4a7a-baa1-f1f93642c3cc"",""deployment"":""f80f4047-168d-4653-ac85-441f312f05e5"",""replica"":""b6cfba12-d1ab-4faf-819e-52626ba9340c""}",2026-10-06T15:50:06.379056956Z
"INFO:     100.64.0.8:34924 - ""POST /webhooks/sendgrid HTTP/1.1"" 200 OK",info,"{""level"":""info""}","{""project"":""266422dc-3751-4146-8a47-1dfd7aeb7284"",""environment"":""950bdac5-fb40-4f70-8ccf-1facce88154b"",""service"":""d36dbcc3-cd55-4a7a-baa1-f1f93642c3cc"",""deployment"":""f80f4047-168d-4653-ac85-441f312f05e5"",""replica"":""b6cfba12-d1ab-4faf-819e-52626ba9340c""}",2026-10-06T15:50:06.379064177Z
1:M 06 Oct 2026 15:50:07.041 * 1 changes in 60 seconds. Saving...,info,"{""level"":""info""}","{""project"":""266422dc-3751-4146-8a47-1dfd7aeb7284"",""environment"":""950bdac5-fb40-4f70-8ccf-1facce88154b"",""service"":""fc37893f-d84c-4c28-ac01-3c47e7e76c86"",""deployment"":""7d98f653-3a87-4c66-9c95-3fc01b5923f8"",""replica"":""3bb3aec2-d87d-41f8-af8d-7cb340cf475c""}",2026-10-06T15:50:08.279566670Z
1:M 06 Oct 2026 15:50:07.041 * Background saving started by pid 26727,info,"{""level"":""info""}","{""project"":""266422dc-3751-4146-8a47-1dfd7aeb7284"",""environment"":""950bdac5-fb40-4f70-8ccf-1facce88154b"",""service"":""fc37893f-d84c-4c28-ac01-3c47e7e76c86"",""deployment"":""7d98f653-3a87-4c66-9c95-3fc01b5923f8"",""replica"":""3bb3aec2-d87d-41f8-af8d-7cb340cf475c""}",2026-10-06T15:50:08.279572567Z
26727:C 06 Oct 2026 15:50:07.051 * DB saved on disk,info,"{""level"":""info""}","{""project"":""266422dc-3751-4146-8a47-1dfd7aeb7284"",""environment"":""950bdac5-fb40-4f70-8ccf-1facce88154b"",""service"":""fc37893f-d84c-4c28-ac01-3c47e7e76c86"",""deployment"":""7d98f653-3a87-4c66-9c95-3fc01b5923f8"",""replica"":""3bb3aec2-d87d-41f8-af8d-7cb340cf475c""}",2026-10-06T15:50:08.279577657Z
"26727:C 06 Oct 2026 15:50:07.052 * Fork CoW for RDB: current 0 MB, peak 0 MB, average 0 MB",info,"{""level"":""info""}","{""project"":""266422dc-3751-4146-8a47-1dfd7aeb7284"",""environment"":""950bdac5-fb40-4f70-8ccf-1facce88154b"",""service"":""fc37893f-d84c-4c28-ac01-3c47e7e76c86"",""deployment"":""7d98f653-3a87-4c66-9c95-3fc01b5923f8"",""replica"":""3bb3aec2-d87d-41f8-af8d-7cb340cf475c""}",2026-10-06T15:50:08.279582182Z
1:M 06 Oct 2026 15:50:07.143 * Background saving terminated with success,info,"{""level"":""info""}","{""project"":""266422dc-3751-4146-8a47-1dfd7aeb7284"",""environment"":""950bdac5-fb40-4f70-8ccf-1facce88154b"",""service"":""fc37893f-d84c-4c28-ac01-3c47e7e76c86"",""deployment"":""7d98f653-3a87-4c66-9c95-3fc01b5923f8"",""replica"":""3bb3aec2-d87d-41f8-af8d-7cb340cf475c""}",2026-10-06T15:50:08.279587139Z
"2026-10-06 15:50:07,325 | INFO | ✅ webhook: sg_message_id=1ymjehlyT0S2kTqa_3b9GA delivered → delivered",error,"{""level"":""error""}","{""project"":""266422dc-3751-4146-8a47-1dfd7aeb7284"",""environment"":""950bdac5-fb40-4f70-8ccf-1facce88154b"",""service"":""d36dbcc3-cd55-4a7a-baa1-f1f93642c3cc"",""deployment"":""f80f4047-168d-4653-ac85-441f312f05e5"",""replica"":""b6cfba12-d1ab-4faf-819e-52626ba9340c""}",2026-10-06T15:50:08.584894767Z
"INFO:     100.64.0.1:56542 - ""POST /webhooks/sendgrid HTTP/1.1"" 200 OK",info,"{""level"":""info""}","{""project"":""266422dc-3751-4146-8a47-1dfd7aeb7284"",""environment"":""950bdac5-fb40-4f70-8ccf-1facce88154b"",""service"":""d36dbcc3-cd55-4a7a-baa1-f1f93642c3cc"",""deployment"":""f80f4047-168d-4653-ac85-441f312f05e5"",""replica"":""b6cfba12-d1ab-4faf-819e-52626ba9340c""}",2026-10-06T15:50:08.584902889Z
"2026-10-06 15:50:10,088 | INFO | ✅ webhook: sg_message_id=5Mv2kQWCRN-mTnGpFsQ7ZA delivered → delivered",error,"{""level"":""error""}","{""project"":""266422dc-3751-4146-8a47-1dfd7aeb7284"",""environment"":""950bdac5-fb40-4f70-8ccf-1facce88154b"",""service"":""d36dbcc3-cd55-4a7a-baa1-f1f93642c3cc"",""deployment"":""f80f4047-168d-4653-ac85-441f312f05e5"",""replica"":""b6cfba12-d1ab-4faf-819e-52626ba9340c""}",2026-10-06T15:50:11.214672215Z
"INFO:     100.64.0.9:19816 - ""POST /webhooks/sendgrid HTTP/1.1"" 200 OK",info,"{""level"":""info""}","{""project"":""266422dc-3751-4146-8a47-1dfd7aeb7284"",""environment"":""950bdac5-fb40-4f70-8ccf-1facce88154b"",""service"":""d36dbcc3-cd55-4a7a-baa1-f1f93642c3cc"",""deployment"":""f80f4047-168d-4653-ac85-441f312f05e5"",""replica"":""b6cfba12-d1ab-4faf-819e-52626ba9340c""}",2026-10-06T15:50:13.630603894Z
"2026-10-06 15:50:14,088 | WARNING | No row found for sg_message_id=GrQnyhWnTvC1czXhQNB6rQ (event=open)",error,"{""level"":""error""}","{""project"":""266422dc-3751-4146-8a47-1dfd7aeb7284"",""environment"":""950bdac5-fb40-4f70-8ccf-1facce88154b"",""service"":""d36dbcc3-cd55-4a7a-baa1-f1f93642c3cc"",""deployment"":""f80f4047-168d-4653-ac85-441f312f05e5"",""replica"":""b6cfba12-d1ab-4faf-819e-52626ba9340c""}",2026-10-06T15:50:15.429068737Z
"INFO:     100.64.0.6:39044 - ""POST /webhooks/sendgrid HTTP/1.1"" 200 OK",info,"{""level"":""info""}","{""project"":""266422dc-3751-4146-8a47-1dfd7aeb7284"",""environment"":""950bdac5-fb40-4f70-8ccf-1facce88154b"",""service"":""d36dbcc3-cd55-4a7a-baa1-f1f93642c3cc"",""deployment"":""f80f4047-168d-4653-ac85-441f312f05e5"",""replica"":""b6cfba12-d1ab-4faf-819e-52626ba9340c""}",2026-10-06T15:50:15.429077171Z
"2026-10-06 15:50:16,058 | WARNING | No row found for sg_message_id=2uPMpvGxRZe5WJaKM0ZQlA (event=click)",error,"{""level"":""error""}","{""project"":""266422dc-3751-4146-8a47-1dfd7aeb7284"",""environment"":""950bdac5-fb40-4f70-8ccf-1facce88154b"",""service"":""d36dbcc3-cd55-4a7a-baa1-f1f93642c3cc"",""deployment"":""f80f4047-168d-4653-ac85-441f312f05e5"",""replica"":""b6cfba12-d1ab-4faf-819e-52626ba9340c""}",2026-10-06T15:50:17.041429719Z
"INFO:     100.64.0.7:45548 - ""POST /webhooks/sendgrid HTTP/1.1"" 200 OK",info,"{""level"":""info""}","{""project"":""266422dc-3751-4146-8a47-1dfd7aeb7284"",""environment"":""950bdac5-fb40-4f70-8ccf-1facce88154b"",""service"":""d36dbcc3-cd55-4a7a-baa1-f1f93642c3cc"",""deployment"":""f80f4047-168d-4653-ac85-441f312f05e5"",""replica"":""b6cfba12-d1ab-4faf-819e-52626ba9340c""}",2026-10-06T15:50:17.041443478Z
"INFO:     100.64.0.4:38618 - ""POST /webhooks/sendgrid HTTP/1.1"" 200 OK",info,"{""level"":""info""}","{""project"":""266422dc-3751-4146-8a47-1dfd7aeb7284"",""environment"":""950bdac5-fb40-4f70-8ccf-1facce88154b"",""service"":""d36dbcc3-cd55-4a7a-baa1-f1f93642c3cc"",""deployment"":""f80f4047-168d-4653-ac85-441f312f05e5"",""replica"":""b6cfba12-d1ab-4faf-819e-52626ba9340c""}",2026-10-06T15:50:20.226711553Z
"2026-10-06 15:50:18,686 | INFO | ✅ webhook: sg_message_id=AKVHMCCUQb-Hw1qFwbPJGQ delivered → delivered",error,"{""level"":""error""}","{""project"":""266422dc-3751-4146-8a47-1dfd7aeb7284"",""environment"":""950bdac5-fb40-4f70-8ccf-1facce88154b"",""service"":""d36dbcc3-cd55-4a7a-baa1-f1f93642c3cc"",""deployment"":""f80f4047-168d-4653-ac85-441f312f05e5"",""replica"":""b6cfba12-d1ab-4faf-819e-52626ba9340c""}",2026-10-06T15:50:20.226718590Z
"2026-10-06 15:50:21,256 | INFO | ✅ webhook: sg_message_id=OQ2wGlRXQKmb-3qsGa7Tdw processed → processed",error,"{""level"":""error""}","{""project"":""266422dc-3751-4146-8a47-1dfd7aeb7284"",""environment"":""950bdac5-fb40-4f70-8ccf-1facce88154b"",""service"":""d36dbcc3-cd55-4a7a-baa1-f1f93642c3cc"",""deployment"":""f80f4047-168d-4653-ac85-441f312f05e5"",""replica"":""b6cfba12-d1ab-4faf-819e-52626ba9340c""}",2026-10-06T15:50:21.951417460Z
"INFO:     100.64.0.4:61568 - ""POST /webhooks/sendgrid HTTP/1.1"" 200 OK",info,"{""level"":""info""}","{""project"":""266422dc-3751-4146-8a47-1dfd7aeb7284"",""environment"":""950bdac5-fb40-4f70-8ccf-1facce88154b"",""service"":""d36dbcc3-cd55-4a7a-baa1-f1f93642c3cc"",""deployment"":""f80f4047-168d-4653-ac85-441f312f05e5"",""replica"":""b6cfba12-d1ab-4faf-819e-52626ba9340c""}",2026-10-06T15:50:21.951433785Z
"2026-10-06 15:50:23,279 | WARNING | No row found for sg_message_id=X1GrZVzrSqqm1ImGs8DbHA (event=processed)",error,"{""level"":""error""}","{""project"":""266422dc-3751-4146-8a47-1dfd7aeb7284"",""environment"":""950bdac5-fb40-4f70-8ccf-1facce88154b"",""service"":""d36dbcc3-cd55-4a7a-baa1-f1f93642c3cc"",""deployment"":""f80f4047-168d-4653-ac85-441f312f05e5"",""replica"":""b6cfba12-d1ab-4faf-819e-52626ba9340c""}",2026-10-06T15:50:23.575865134Z
"INFO:     100.64.0.5:30428 - ""POST /webhooks/sendgrid HTTP/1.1"" 200 OK",info,"{""level"":""info""}","{""project"":""266422dc-3751-4146-8a47-1dfd7aeb7284"",""environment"":""950bdac5-fb40-4f70-8ccf-1facce88154b"",""service"":""d36dbcc3-cd55-4a7a-baa1-f1f93642c3cc"",""deployment"":""f80f4047-168d-4653-ac85-441f312f05e5"",""replica"":""b6cfba12-d1ab-4faf-819e-52626ba9340c""}",2026-10-06T15:50:23.575878594Z
"[2026-10-06 15:50:13,845] ERROR in app: Exception on /requeue/reports [POST]",error,"{""level"":""error""}","{""project"":""266422dc-3751-4146-8a47-1dfd7aeb7284"",""environment"":""950bdac5-fb40-4f70-8ccf-1facce88154b"",""service"":""28fff96e-6cc4-4896-a556-9ad41d5b1ad4"",""deployment"":""21f08cdc-5e5b-4506-a8fe-f0ca035f6861"",""replica"":""0b99823e-43e7-47af-9ece-ba31c30dabb0""}",2026-10-06T15:50:23.653005300Z
Traceback (most recent call last):,error,"{""level"":""error""}","{""project"":""266422dc-3751-4146-8a47-1dfd7aeb7284"",""environment"":""950bdac5-fb40-4f70-8ccf-1facce88154b"",""service"":""28fff96e-6cc4-4896-a556-9ad41d5b1ad4"",""deployment"":""21f08cdc-5e5b-4506-a8fe-f0ca035f6861"",""replica"":""0b99823e-43e7-47af-9ece-ba31c30dabb0""}",2026-10-06T15:50:23.653022044Z
    return self.ensure_sync(self.view_functions[rule.endpoint])(**view_args)  # type: ignore[no-any-return],error,"{""level"":""error""}","{""project"":""266422dc-3751-4146-8a47-1dfd7aeb7284"",""environment"":""950bdac5-fb40-4f70-8ccf-1facce88154b"",""service"":""28fff96e-6cc4-4896-a556-9ad41d5b1ad4"",""deployment"":""21f08cdc-5e5b-4506-a8fe-f0ca035f6861"",""replica"":""0b99823e-43e7-47af-9ece-ba31c30dabb0""}",2026-10-06T15:50:23.653025959Z
"  File ""/usr/local/lib/python3.11/site-packages/flask/app.py"", line 1511, in wsgi_app",error,"{""level"":""error""}","{""project"":""266422dc-3751-4146-8a47-1dfd7aeb7284"",""environment"":""950bdac5-fb40-4f70-8ccf-1facce88154b"",""service"":""28fff96e-6cc4-4896-a556-9ad41d5b1ad4"",""deployment"":""21f08cdc-5e5b-4506-a8fe-f0ca035f6861"",""replica"":""0b99823e-43e7-47af-9ece-ba31c30dabb0""}",2026-10-06T15:50:23.653033994Z
           ^^^^^^^^^^^^^^^^^^^^^^^^^^^^^^^^^^^^^^^^^^^^^^^^^^^^^^^^^^^^^^^^^,error,"{""level"":""error""}","{""project"":""266422dc-3751-4146-8a47-1dfd7aeb7284"",""environment"":""950bdac5-fb40-4f70-8ccf-1facce88154b"",""service"":""28fff96e-6cc4-4896-a556-9ad41d5b1ad4"",""deployment"":""21f08cdc-5e5b-4506-a8fe-f0ca035f6861"",""replica"":""0b99823e-43e7-47af-9ece-ba31c30dabb0""}",2026-10-06T15:50:23.653038552Z
    response = self.full_dispatch_request(),error,"{""level"":""error""}","{""project"":""266422dc-3751-4146-8a47-1dfd7aeb7284"",""environment"":""950bdac5-fb40-4f70-8ccf-1facce88154b"",""service"":""28fff96e-6cc4-4896-a556-9ad41d5b1ad4"",""deployment"":""21f08cdc-5e5b-4506-a8fe-f0ca035f6861"",""replica"":""0b99823e-43e7-47af-9ece-ba31c30dabb0""}",2026-10-06T15:50:23.653043210Z
"  File ""/usr/local/lib/python3.11/site-packages/rq_dashboard/web.py"", line 110, in _wrapped",error,"{""level"":""error""}","{""project"":""266422dc-3751-4146-8a47-1dfd7aeb7284"",""environment"":""950bdac5-fb40-4f70-8ccf-1facce88154b"",""service"":""28fff96e-6cc4-4896-a556-9ad41d5b1ad4"",""deployment"":""21f08cdc-5e5b-4506-a8fe-f0ca035f6861"",""replica"":""0b99823e-43e7-47af-9ece-ba31c30dabb0""}",2026-10-06T15:50:23.653047863Z
               ^^^^^^^^^^^^^^^^^^^^^^^^^^^^,error,"{""level"":""error""}","{""project"":""266422dc-3751-4146-8a47-1dfd7aeb7284"",""environment"":""950bdac5-fb40-4f70-8ccf-1facce88154b"",""service"":""28fff96e-6cc4-4896-a556-9ad41d5b1ad4"",""deployment"":""21f08cdc-5e5b-4506-a8fe-f0ca035f6861"",""replica"":""0b99823e-43e7-47af-9ece-ba31c30dabb0""}",2026-10-06T15:50:23.653052438Z
"    result_dict = f(*args, **kwargs)",error,"{""level"":""error""}","{""project"":""266422dc-3751-4146-8a47-1dfd7aeb7284"",""environment"":""950bdac5-fb40-4f70-8ccf-1facce88154b"",""service"":""28fff96e-6cc4-4896-a556-9ad41d5b1ad4"",""deployment"":""21f08cdc-5e5b-4506-a8fe-f0ca035f6861"",""replica"":""0b99823e-43e7-47af-9ece-ba31c30dabb0""}",2026-10-06T15:50:23.653056313Z
"  File ""/usr/local/lib/python3.11/site-packages/flask/app.py"", line 919, in full_dispatch_request",error,"{""level"":""error""}","{""project"":""266422dc-3751-4146-8a47-1dfd7aeb7284"",""environment"":""950bdac5-fb40-4f70-8ccf-1facce88154b"",""service"":""28fff96e-6cc4-4896-a556-9ad41d5b1ad4"",""deployment"":""21f08cdc-5e5b-4506-a8fe-f0ca035f6861"",""replica"":""0b99823e-43e7-47af-9ece-ba31c30dabb0""}",2026-10-06T15:50:23.653062397Z
                  ^^^^^^^^^^^^^^^^^^,error,"{""level"":""error""}","{""project"":""266422dc-3751-4146-8a47-1dfd7aeb7284"",""environment"":""950bdac5-fb40-4f70-8ccf-1facce88154b"",""service"":""28fff96e-6cc4-4896-a556-9ad41d5b1ad4"",""deployment"":""21f08cdc-5e5b-4506-a8fe-f0ca035f6861"",""replica"":""0b99823e-43e7-47af-9ece-ba31c30dabb0""}",2026-10-06T15:50:23.653062802Z
"  File ""/usr/local/lib/python3.11/site-packages/rq_dashboard/web.py"", line 465, in requeue_all",error,"{""level"":""error""}","{""project"":""266422dc-3751-4146-8a47-1dfd7aeb7284"",""environment"":""950bdac5-fb40-4f70-8ccf-1facce88154b"",""service"":""28fff96e-6cc4-4896-a556-9ad41d5b1ad4"",""deployment"":""21f08cdc-5e5b-4506-a8fe-f0ca035f6861"",""replica"":""0b99823e-43e7-47af-9ece-ba31c30dabb0""}",2026-10-06T15:50:23.653069964Z
    rv = self.handle_user_exception(e),error,"{""level"":""error""}","{""project"":""266422dc-3751-4146-8a47-1dfd7aeb7284"",""environment"":""950bdac5-fb40-4f70-8ccf-1facce88154b"",""service"":""28fff96e-6cc4-4896-a556-9ad41d5b1ad4"",""deployment"":""21f08cdc-5e5b-4506-a8fe-f0ca035f6861"",""replica"":""0b99823e-43e7-47af-9ece-ba31c30dabb0""}",2026-10-06T15:50:23.653071544Z
"    requeue_job(job_id, connection=current_app.redis_conn)",error,"{""level"":""error""}","{""project"":""266422dc-3751-4146-8a47-1dfd7aeb7284"",""environment"":""950bdac5-fb40-4f70-8ccf-1facce88154b"",""service"":""28fff96e-6cc4-4896-a556-9ad41d5b1ad4"",""deployment"":""21f08cdc-5e5b-4506-a8fe-f0ca035f6861"",""replica"":""0b99823e-43e7-47af-9ece-ba31c30dabb0""}",2026-10-06T15:50:23.653076064Z
         ^^^^^^^^^^^^^^^^^^^^^^^^^^^^^,error,"{""level"":""error""}","{""project"":""266422dc-3751-4146-8a47-1dfd7aeb7284"",""environment"":""950bdac5-fb40-4f70-8ccf-1facce88154b"",""service"":""28fff96e-6cc4-4896-a556-9ad41d5b1ad4"",""deployment"":""21f08cdc-5e5b-4506-a8fe-f0ca035f6861"",""replica"":""0b99823e-43e7-47af-9ece-ba31c30dabb0""}",2026-10-06T15:50:23.653081474Z
"  File ""/usr/local/lib/python3.11/site-packages/flask/app.py"", line 917, in full_dispatch_request",error,"{""level"":""error""}","{""project"":""266422dc-3751-4146-8a47-1dfd7aeb7284"",""environment"":""950bdac5-fb40-4f70-8ccf-1facce88154b"",""service"":""28fff96e-6cc4-4896-a556-9ad41d5b1ad4"",""deployment"":""21f08cdc-5e5b-4506-a8fe-f0ca035f6861"",""replica"":""0b99823e-43e7-47af-9ece-ba31c30dabb0""}",2026-10-06T15:50:23.653090398Z
    rv = self.dispatch_request(),error,"{""level"":""error""}","{""project"":""266422dc-3751-4146-8a47-1dfd7aeb7284"",""environment"":""950bdac5-fb40-4f70-8ccf-1facce88154b"",""service"":""28fff96e-6cc4-4896-a556-9ad41d5b1ad4"",""deployment"":""21f08cdc-5e5b-4506-a8fe-f0ca035f6861"",""replica"":""0b99823e-43e7-47af-9ece-ba31c30dabb0""}",2026-10-06T15:50:23.653098115Z
         ^^^^^^^^^^^^^^^^^^^^^^^,error,"{""level"":""error""}","{""project"":""266422dc-3751-4146-8a47-1dfd7aeb7284"",""environment"":""950bdac5-fb40-4f70-8ccf-1facce88154b"",""service"":""28fff96e-6cc4-4896-a556-9ad41d5b1ad4"",""deployment"":""21f08cdc-5e5b-4506-a8fe-f0ca035f6861"",""replica"":""0b99823e-43e7-47af-9ece-ba31c30dabb0""}",2026-10-06T15:50:23.653105113Z
"  File ""/usr/local/lib/python3.11/site-packages/flask/app.py"", line 902, in dispatch_request",error,"{""level"":""error""}","{""project"":""266422dc-3751-4146-8a47-1dfd7aeb7284"",""environment"":""950bdac5-fb40-4f70-8ccf-1facce88154b"",""service"":""28fff96e-6cc4-4896-a556-9ad41d5b1ad4"",""deployment"":""21f08cdc-5e5b-4506-a8fe-f0ca035f6861"",""replica"":""0b99823e-43e7-47af-9ece-ba31c30dabb0""}",2026-10-06T15:50:23.653113000Z
"  File ""/usr/local/lib/python3.11/site-packages/rq/job.py"", line 168, in requeue_job",error,"{""level"":""error""}","{""project"":""266422dc-3751-4146-8a47-1dfd7aeb7284"",""environment"":""950bdac5-fb40-4f70-8ccf-1facce88154b"",""service"":""28fff96e-6cc4-4896-a556-9ad41d5b1ad4"",""deployment"":""21f08cdc-5e5b-4506-a8fe-f0ca035f6861"",""replica"":""0b99823e-43e7-47af-9ece-ba31c30dabb0""}",2026-10-06T15:50:23.654521262Z
"    job = Job.fetch(job_id, connection=connection, serializer=serializer)",error,"{""level"":""error""}","{""project"":""266422dc-3751-4146-8a47-1dfd7aeb7284"",""environment"":""950bdac5-fb40-4f70-8ccf-1facce88154b"",""service"":""28fff96e-6cc4-4896-a556-9ad41d5b1ad4"",""deployment"":""21f08cdc-5e5b-4506-a8fe-f0ca035f6861"",""replica"":""0b99823e-43e7-47af-9ece-ba31c30dabb0""}",2026-10-06T15:50:23.654532374Z
          ^^^^^^^^^^^^^^^^^^^^^^^^^^^^^^^^^^^^^^^^^^^^^^^^^^^^^^^^^^^^^^^,error,"{""level"":""error""}","{""project"":""266422dc-3751-4146-8a47-1dfd7aeb7284"",""environment"":""950bdac5-fb40-4f70-8ccf-1facce88154b"",""service"":""28fff96e-6cc4-4896-a556-9ad41d5b1ad4"",""deployment"":""21f08cdc-5e5b-4506-a8fe-f0ca035f6861"",""replica"":""0b99823e-43e7-47af-9ece-ba31c30dabb0""}",2026-10-06T15:50:23.654541766Z
"  File ""/usr/local/lib/python3.11/site-packages/rq/job.py"", line 696, in fetch",error,"{""level"":""error""}","{""project"":""266422dc-3751-4146-8a47-1dfd7aeb7284"",""environment"":""950bdac5-fb40-4f70-8ccf-1facce88154b"",""service"":""28fff96e-6cc4-4896-a556-9ad41d5b1ad4"",""deployment"":""21f08cdc-5e5b-4506-a8fe-f0ca035f6861"",""replica"":""0b99823e-43e7-47af-9ece-ba31c30dabb0""}",2026-10-06T15:50:23.654569541Z
    job.refresh(),error,"{""level"":""error""}","{""project"":""266422dc-3751-4146-8a47-1dfd7aeb7284"",""environment"":""950bdac5-fb40-4f70-8ccf-1facce88154b"",""service"":""28fff96e-6cc4-4896-a556-9ad41d5b1ad4"",""deployment"":""21f08cdc-5e5b-4506-a8fe-f0ca035f6861"",""replica"":""0b99823e-43e7-47af-9ece-ba31c30dabb0""}",2026-10-06T15:50:23.654582009Z
"  File ""/usr/local/lib/python3.11/site-packages/rq/job.py"", line 1061, in refresh",error,"{""level"":""error""}","{""project"":""266422dc-3751-4146-8a47-1dfd7aeb7284"",""environment"":""950bdac5-fb40-4f70-8ccf-1facce88154b"",""service"":""28fff96e-6cc4-4896-a556-9ad41d5b1ad4"",""deployment"":""21f08cdc-5e5b-4506-a8fe-f0ca035f6861"",""replica"":""0b99823e-43e7-47af-9ece-ba31c30dabb0""}",2026-10-06T15:50:23.654590977Z
    raise NoSuchJobError(f'No such job: {self.key}'),error,"{""level"":""error""}","{""project"":""266422dc-3751-4146-8a47-1dfd7aeb7284"",""environment"":""950bdac5-fb40-4f70-8ccf-1facce88154b"",""service"":""28fff96e-6cc4-4896-a556-9ad41d5b1ad4"",""deployment"":""21f08cdc-5e5b-4506-a8fe-f0ca035f6861"",""replica"":""0b99823e-43e7-47af-9ece-ba31c30dabb0""}",2026-10-06T15:50:23.654599600Z
rq.exceptions.NoSuchJobError: No such job: rq:job:email-02a5630b0e5690a795f7ef5156377012,error,"{""level"":""error""}","{""project"":""266422dc-3751-4146-8a47-1dfd7aeb7284"",""environment"":""950bdac5-fb40-4f70-8ccf-1facce88154b"",""service"":""28fff96e-6cc4-4896-a556-9ad41d5b1ad4"",""deployment"":""21f08cdc-5e5b-4506-a8fe-f0ca035f6861"",""replica"":""0b99823e-43e7-47af-9ece-ba31c30dabb0""}",2026-10-06T15:50:23.654607706Z
"INFO:     100.64.0.2:20294 - ""POST /webhooks/sendgrid HTTP/1.1"" 200 OK",info,"{""level"":""info""}","{""project"":""266422dc-3751-4146-8a47-1dfd7aeb7284"",""environment"":""950bdac5-fb40-4f70-8ccf-1facce88154b"",""service"":""d36dbcc3-cd55-4a7a-baa1-f1f93642c3cc"",""deployment"":""f80f4047-168d-4653-ac85-441f312f05e5"",""replica"":""b6cfba12-d1ab-4faf-819e-52626ba9340c""}",2026-10-06T15:50:25.779071594Z
"2026-10-06 15:50:25,293 | INFO | 📊 Appending new sheet row for 4539eb1b-88c1-f111-aaaf-002248df2f15-553162",error,"{""level"":""error""}","{""project"":""266422dc-3751-4146-8a47-1dfd7aeb7284"",""environment"":""950bdac5-fb40-4f70-8ccf-1facce88154b"",""service"":""b741f367-8920-4dad-ba9f-21940f6bcfe7"",""deployment"":""8b9c732a-1566-4070-a289-1db03b7edf5d"",""replica"":""13815cf3-ad51-45bb-a7bf-ec1917ac87ee""}",2026-10-06T15:50:27.923019801Z
"2026-10-06 15:50:25,967 | INFO | ✅ Sheet updated: student=4539eb1b-88c1-f111-aaaf-002248df2f15-553162 status=ok",error,"{""level"":""error""}","{""project"":""266422dc-3751-4146-8a47-1dfd7aeb7284"",""environment"":""950bdac5-fb40-4f70-8ccf-1facce88154b"",""service"":""b741f367-8920-4dad-ba9f-21940f6bcfe7"",""deployment"":""8b9c732a-1566-4070-a289-1db03b7edf5d"",""replica"":""13815cf3-ad51-45bb-a7bf-ec1917ac87ee""}",2026-10-06T15:50:27.923024951Z
"2026-10-06 15:50:25,967 | INFO | ✅ Job complete: utp-4539eb1b-88c1-f111-aaaf-002248df2f15-553162",error,"{""level"":""error""}","{""project"":""266422dc-3751-4146-8a47-1dfd7aeb7284"",""environment"":""950bdac5-fb40-4f70-8ccf-1facce88154b"",""service"":""b741f367-8920-4dad-ba9f-21940f6bcfe7"",""deployment"":""8b9c732a-1566-4070-a289-1db03b7edf5d"",""replica"":""13815cf3-ad51-45bb-a7bf-ec1917ac87ee""}",2026-10-06T15:50:27.923030051Z
"2026-10-06 15:50:25,984 | INFO | Successfully completed app.tasks.process_report_job({'student_id': '4539eb1b-88c1-f111-aaaf-002248df2f15-553162', 'job_id': 'ut...) job in 0:01:19.075416s on worker 85f08a592e2042d5b56fe5ff86ed0e83",error,"{""level"":""error""}","{""project"":""266422dc-3751-4146-8a47-1dfd7aeb7284"",""environment"":""950bdac5-fb40-4f70-8ccf-1facce88154b"",""service"":""b741f367-8920-4dad-ba9f-21940f6bcfe7"",""deployment"":""8b9c732a-1566-4070-a289-1db03b7edf5d"",""replica"":""13815cf3-ad51-45bb-a7bf-ec1917ac87ee""}",2026-10-06T15:50:27.923034971Z
"2026-10-06 15:50:25,984 | INFO | Worker 85f08a592e2042d5b56fe5ff86ed0e83: reports: Job OK (utp-4539eb1b-88c1-f111-aaaf-002248df2f15-553162)",error,"{""level"":""error""}","{""project"":""266422dc-3751-4146-8a47-1dfd7aeb7284"",""environment"":""950bdac5-fb40-4f70-8ccf-1facce88154b"",""service"":""b741f367-8920-4dad-ba9f-21940f6bcfe7"",""deployment"":""8b9c732a-1566-4070-a289-1db03b7edf5d"",""replica"":""13815cf3-ad51-45bb-a7bf-ec1917ac87ee""}",2026-10-06T15:50:27.923041181Z
"2026-10-06 15:50:25,984 | INFO | Worker 85f08a592e2042d5b56fe5ff86ed0e83: job utp-4539eb1b-88c1-f111-aaaf-002248df2f15-553162 result is kept for 500 seconds",error,"{""level"":""error""}","{""project"":""266422dc-3751-4146-8a47-1dfd7aeb7284"",""environment"":""950bdac5-fb40-4f70-8ccf-1facce88154b"",""service"":""b741f367-8920-4dad-ba9f-21940f6bcfe7"",""deployment"":""8b9c732a-1566-4070-a289-1db03b7edf5d"",""replica"":""13815cf3-ad51-45bb-a7bf-ec1917ac87ee""}",2026-10-06T15:50:27.923045661Z
"INFO:     100.64.0.11:52974 - ""POST /webhooks/sendgrid HTTP/1.1"" 200 OK",info,"{""level"":""info""}","{""project"":""266422dc-3751-4146-8a47-1dfd7aeb7284"",""environment"":""950bdac5-fb40-4f70-8ccf-1facce88154b"",""service"":""d36dbcc3-cd55-4a7a-baa1-f1f93642c3cc"",""deployment"":""f80f4047-168d-4653-ac85-441f312f05e5"",""replica"":""b6cfba12-d1ab-4faf-819e-52626ba9340c""}",2026-10-06T15:50:27.933965642Z
"2026-10-06 15:50:27,402 | WARNING | No row found for sg_message_id=agZTKy3aRTCnpQBbbzh8OQ (event=open)",error,"{""level"":""error""}","{""project"":""266422dc-3751-4146-8a47-1dfd7aeb7284"",""environment"":""950bdac5-fb40-4f70-8ccf-1facce88154b"",""service"":""d36dbcc3-cd55-4a7a-baa1-f1f93642c3cc"",""deployment"":""f80f4047-168d-4653-ac85-441f312f05e5"",""replica"":""b6cfba12-d1ab-4faf-819e-52626ba9340c""}",2026-10-06T15:50:27.936818716Z
"2026-10-06 15:50:29,479 | WARNING | No row found for sg_message_id=fEH5ctafTT2B8f2rTIvACA (event=delivered)",error,"{""level"":""error""}","{""project"":""266422dc-3751-4146-8a47-1dfd7aeb7284"",""environment"":""950bdac5-fb40-4f70-8ccf-1facce88154b"",""service"":""d36dbcc3-cd55-4a7a-baa1-f1f93642c3cc"",""deployment"":""f80f4047-168d-4653-ac85-441f312f05e5"",""replica"":""b6cfba12-d1ab-4faf-819e-52626ba9340c""}",2026-10-06T15:50:30.037909216Z
"2026-10-06 15:50:31,530 | WARNING | No row found for sg_message_id=N3zEDKhrRC2F-GqQLvMXOA (event=delivered)",error,"{""level"":""error""}","{""project"":""266422dc-3751-4146-8a47-1dfd7aeb7284"",""environment"":""950bdac5-fb40-4f70-8ccf-1facce88154b"",""service"":""d36dbcc3-cd55-4a7a-baa1-f1f93642c3cc"",""deployment"":""f80f4047-168d-4653-ac85-441f312f05e5"",""replica"":""b6cfba12-d1ab-4faf-819e-52626ba9340c""}",2026-10-06T15:50:31.840666414Z
"2026-10-06 15:50:25,178 | INFO | 📊 Appending new sheet row for 0aecebe4-89c1-f111-aaaf-002248df2f15-553163",error,"{""level"":""error""}","{""project"":""266422dc-3751-4146-8a47-1dfd7aeb7284"",""environment"":""950bdac5-fb40-4f70-8ccf-1facce88154b"",""service"":""b741f367-8920-4dad-ba9f-21940f6bcfe7"",""deployment"":""8b9c732a-1566-4070-a289-1db03b7edf5d"",""replica"":""e9529e4a-c029-42c5-9d7b-44a956ef3bea""}",2026-10-06T15:50:32.606423098Z
"2026-10-06 15:50:25,890 | INFO | ✅ Sheet updated: student=0aecebe4-89c1-f111-aaaf-002248df2f15-553163 status=ok",error,"{""level"":""error""}","{""project"":""266422dc-3751-4146-8a47-1dfd7aeb7284"",""environment"":""950bdac5-fb40-4f70-8ccf-1facce88154b"",""service"":""b741f367-8920-4dad-ba9f-21940f6bcfe7"",""deployment"":""8b9c732a-1566-4070-a289-1db03b7edf5d"",""replica"":""e9529e4a-c029-42c5-9d7b-44a956ef3bea""}",2026-10-06T15:50:32.606428347Z
"2026-10-06 15:50:25,890 | INFO | ✅ Job complete: utp-0aecebe4-89c1-f111-aaaf-002248df2f15-553163",error,"{""level"":""error""}","{""project"":""266422dc-3751-4146-8a47-1dfd7aeb7284"",""environment"":""950bdac5-fb40-4f70-8ccf-1facce88154b"",""service"":""b741f367-8920-4dad-ba9f-21940f6bcfe7"",""deployment"":""8b9c732a-1566-4070-a289-1db03b7edf5d"",""replica"":""e9529e4a-c029-42c5-9d7b-44a956ef3bea""}",2026-10-06T15:50:32.606431797Z
"2026-10-06 15:50:25,903 | INFO | Successfully completed app.tasks.process_report_job({'student_id': '0aecebe4-89c1-f111-aaaf-002248df2f15-553163', 'job_id': 'ut...) job in 0:01:03.636531s on worker 72a8e313346042c9a0ef17192ba90202",error,"{""level"":""error""}","{""project"":""266422dc-3751-4146-8a47-1dfd7aeb7284"",""environment"":""950bdac5-fb40-4f70-8ccf-1facce88154b"",""service"":""b741f367-8920-4dad-ba9f-21940f6bcfe7"",""deployment"":""8b9c732a-1566-4070-a289-1db03b7edf5d"",""replica"":""e9529e4a-c029-42c5-9d7b-44a956ef3bea""}",2026-10-06T15:50:32.606435117Z
"2026-10-06 15:50:25,904 | INFO | Worker 72a8e313346042c9a0ef17192ba90202: reports: Job OK (utp-0aecebe4-89c1-f111-aaaf-002248df2f15-553163)",error,"{""level"":""error""}","{""project"":""266422dc-3751-4146-8a47-1dfd7aeb7284"",""environment"":""950bdac5-fb40-4f70-8ccf-1facce88154b"",""service"":""b741f367-8920-4dad-ba9f-21940f6bcfe7"",""deployment"":""8b9c732a-1566-4070-a289-1db03b7edf5d"",""replica"":""e9529e4a-c029-42c5-9d7b-44a956ef3bea""}",2026-10-06T15:50:32.606438237Z
"2026-10-06 15:50:25,904 | INFO | Worker 72a8e313346042c9a0ef17192ba90202: job utp-0aecebe4-89c1-f111-aaaf-002248df2f15-553163 result is kept for 500 seconds",error,"{""level"":""error""}","{""project"":""266422dc-3751-4146-8a47-1dfd7aeb7284"",""environment"":""950bdac5-fb40-4f70-8ccf-1facce88154b"",""service"":""b741f367-8920-4dad-ba9f-21940f6bcfe7"",""deployment"":""8b9c732a-1566-4070-a289-1db03b7edf5d"",""replica"":""e9529e4a-c029-42c5-9d7b-44a956ef3bea""}",2026-10-06T15:50:32.606441317Z
"2026-10-06 15:50:33,539 | WARNING | No row found for sg_message_id=N3zEDKhrRC2F-GqQLvMXOA (event=processed)",error,"{""level"":""error""}","{""project"":""266422dc-3751-4146-8a47-1dfd7aeb7284"",""environment"":""950bdac5-fb40-4f70-8ccf-1facce88154b"",""service"":""d36dbcc3-cd55-4a7a-baa1-f1f93642c3cc"",""deployment"":""f80f4047-168d-4653-ac85-441f312f05e5"",""replica"":""b6cfba12-d1ab-4faf-819e-52626ba9340c""}",2026-10-06T15:50:34.155784763Z
"INFO:     100.64.0.3:51380 - ""POST /webhooks/sendgrid HTTP/1.1"" 200 OK",info,"{""level"":""info""}","{""project"":""266422dc-3751-4146-8a47-1dfd7aeb7284"",""environment"":""950bdac5-fb40-4f70-8ccf-1facce88154b"",""service"":""d36dbcc3-cd55-4a7a-baa1-f1f93642c3cc"",""deployment"":""f80f4047-168d-4653-ac85-441f312f05e5"",""replica"":""b6cfba12-d1ab-4faf-819e-52626ba9340c""}",2026-10-06T15:50:34.155792713Z
"2026-10-06 15:50:36,013 | INFO | ✅ webhook: sg_message_id=s8RSqGrKRhiUmOZHb9MAdQ Enviado → delivered",error,"{""level"":""error""}","{""project"":""266422dc-3751-4146-8a47-1dfd7aeb7284"",""environment"":""950bdac5-fb40-4f70-8ccf-1facce88154b"",""service"":""d36dbcc3-cd55-4a7a-baa1-f1f93642c3cc"",""deployment"":""f80f4047-168d-4653-ac85-441f312f05e5"",""replica"":""b6cfba12-d1ab-4faf-819e-52626ba9340c""}",2026-10-06T15:50:36.279382613Z
"INFO:     100.64.0.2:20308 - ""POST /webhooks/sendgrid HTTP/1.1"" 200 OK",info,"{""level"":""info""}","{""project"":""266422dc-3751-4146-8a47-1dfd7aeb7284"",""environment"":""950bdac5-fb40-4f70-8ccf-1facce88154b"",""service"":""d36dbcc3-cd55-4a7a-baa1-f1f93642c3cc"",""deployment"":""f80f4047-168d-4653-ac85-441f312f05e5"",""replica"":""b6cfba12-d1ab-4faf-819e-52626ba9340c""}",2026-10-06T15:50:38.015829110Z
"2026-10-06 15:50:40,875 | INFO | ✅ webhook: sg_message_id=V057rb-cSTahkW0KeRHLKw open → open",error,"{""level"":""error""}","{""project"":""266422dc-3751-4146-8a47-1dfd7aeb7284"",""environment"":""950bdac5-fb40-4f70-8ccf-1facce88154b"",""service"":""d36dbcc3-cd55-4a7a-baa1-f1f93642c3cc"",""deployment"":""f80f4047-168d-4653-ac85-441f312f05e5"",""replica"":""b6cfba12-d1ab-4faf-819e-52626ba9340c""}",2026-10-06T15:50:41.377662869Z
"INFO:     100.64.0.10:21144 - ""POST /webhooks/sendgrid HTTP/1.1"" 200 OK",info,"{""level"":""info""}","{""project"":""266422dc-3751-4146-8a47-1dfd7aeb7284"",""environment"":""950bdac5-fb40-4f70-8ccf-1facce88154b"",""service"":""d36dbcc3-cd55-4a7a-baa1-f1f93642c3cc"",""deployment"":""f80f4047-168d-4653-ac85-441f312f05e5"",""replica"":""b6cfba12-d1ab-4faf-819e-52626ba9340c""}",2026-10-06T15:50:41.377671429Z
"2026-10-06 15:50:42,828 | WARNING | No row found for sg_message_id=5hsP14WwR-W0VkgVIlKGEA (event=delivered)",error,"{""level"":""error""}","{""project"":""266422dc-3751-4146-8a47-1dfd7aeb7284"",""environment"":""950bdac5-fb40-4f70-8ccf-1facce88154b"",""service"":""d36dbcc3-cd55-4a7a-baa1-f1f93642c3cc"",""deployment"":""f80f4047-168d-4653-ac85-441f312f05e5"",""replica"":""b6cfba12-d1ab-4faf-819e-52626ba9340c""}",2026-10-06T15:50:44.258495398Z
"2026-10-06 15:50:44,839 | WARNING | No row found for sg_message_id=5hsP14WwR-W0VkgVIlKGEA (event=processed)",error,"{""level"":""error""}","{""project"":""266422dc-3751-4146-8a47-1dfd7aeb7284"",""environment"":""950bdac5-fb40-4f70-8ccf-1facce88154b"",""service"":""d36dbcc3-cd55-4a7a-baa1-f1f93642c3cc"",""deployment"":""f80f4047-168d-4653-ac85-441f312f05e5"",""replica"":""b6cfba12-d1ab-4faf-819e-52626ba9340c""}",2026-10-06T15:50:45.459537925Z